ISO-10303-21;
HEADER;
FILE_DESCRIPTION (( 'STEP AP203' ),
    '1' );
FILE_NAME ('Batterie adapteur.STEP',
    '2025-12-14T11:29:33',
    ( '' ),
    ( '' ),
    'SwSTEP 2.0',
    'SolidWorks 2025',
    '' );
FILE_SCHEMA (( 'CONFIG_CONTROL_DESIGN' ));
ENDSEC;

DATA;
#1 = CARTESIAN_POINT ( 'NONE',  ( 12.16611759758890621, 72.84109563262661879, -27.99999999999999645 ) ) ;
#2 = FACE_OUTER_BOUND ( 'NONE', #884, .T. ) ;
#3 = VECTOR ( 'NONE', #1807, 1000.000000000000000 ) ;
#4 = FACE_OUTER_BOUND ( 'NONE', #1464, .T. ) ;
#5 = CARTESIAN_POINT ( 'NONE',  ( 14.75007287691460078, 13.78623782090306271, -27.99999999999999289 ) ) ;
#6 = CARTESIAN_POINT ( 'NONE',  ( -1.000000000000007772, 5.499999999999988454, -22.49999999999999645 ) ) ;
#7 = CARTESIAN_POINT ( 'NONE',  ( -8.451166053391137467, 16.40091352169759276, -25.00000000000000000 ) ) ;
#8 = VERTEX_POINT ( 'NONE', #648 ) ;
#9 = CARTESIAN_POINT ( 'NONE',  ( 5.749999999999992895, 14.96994831248080438, -24.99999999999999645 ) ) ;
#10 = EDGE_CURVE ( 'NONE', #692, #2820, #1200, .T. ) ;
#11 = VERTEX_POINT ( 'NONE', #398 ) ;
#12 = VECTOR ( 'NONE', #3004, 1000.000000000000000 ) ;
#13 = FACE_BOUND ( 'NONE', #923, .T. ) ;
#14 = CARTESIAN_POINT ( 'NONE',  ( -19.50000000000000000, 3.000000000000000000, 22.00000000000000711 ) ) ;
#15 = ORIENTED_EDGE ( 'NONE', *, *, #1461, .T. ) ;
#16 = CARTESIAN_POINT ( 'NONE',  ( 15.64816763038571423, 79.63000696266567502, -24.99999999999999645 ) ) ;
#17 = CYLINDRICAL_SURFACE ( 'NONE', #2173, 1.500000000000001332 ) ;
#18 = CARTESIAN_POINT ( 'NONE',  ( -22.50000000000000711, 3.000000000000002665, -24.99999999999999645 ) ) ;
#19 = CARTESIAN_POINT ( 'NONE',  ( 13.39699588421660437, 11.44714535238954234, -27.99999999999999645 ) ) ;
#20 = CARTESIAN_POINT ( 'NONE',  ( -5.750000000000001776, 76.25000000000000000, -24.99999999999999645 ) ) ;
#21 = EDGE_CURVE ( 'NONE', #1676, #2237, #1178, .T. ) ;
#22 = CLOSED_SHELL ( 'NONE', ( #1359, #126, #1867, #3126, #929, #2990, #2775, #156, #822, #2631, #3057, #913, #519, #3225, #634, #3240, #2503, #860, #1325, #2192, #1611, #3192, #1524, #1114, #2700, #1118, #2230, #3114, #1090, #235, #1954, #364, #2379, #3281, #285, #936, #2028, #27, #2342, #2619, #2206, #1166, #2305, #2210, #1077, #3035, #3190, #505, #1832, #2161, #598, #857, #313, #2396, #2791, #173, #274, #216, #2228, #2595, #1854, #1218, #2101, #1571, #1429, #1896, #1111, #1812, #2052, #82, #2635, #2553 ) ) ;
#23 = DIRECTION ( 'NONE',  ( -1.000000000000000000, 0.000000000000000000, 3.652049423109067827E-16 ) ) ;
#24 = EDGE_CURVE ( 'NONE', #1994, #1172, #250, .T. ) ;
#25 = CARTESIAN_POINT ( 'NONE',  ( 14.74999999999999289, 14.25000000000000178, -25.00000000000000000 ) ) ;
#26 = VECTOR ( 'NONE', #2557, 1000.000000000000000 ) ;
#27 = ADVANCED_FACE ( 'NONE', ( #2663 ), #377, .F. ) ;
#28 = CARTESIAN_POINT ( 'NONE',  ( 6.444174862534008952, 11.48009561162497860, -24.99999999999999645 ) ) ;
#29 = CARTESIAN_POINT ( 'NONE',  ( -14.30825236020552893, 78.01266642896693781, -27.99999999999999645 ) ) ;
#30 = DIRECTION ( 'NONE',  ( -0.000000000000000000, -0.000000000000000000, -1.000000000000000000 ) ) ;
#31 = CARTESIAN_POINT ( 'NONE',  ( 10.53005168751865916, 81.75000000000000000, -24.99999999999999645 ) ) ;
#32 = CARTESIAN_POINT ( 'NONE',  ( -19.50000000000000000, 3.000000000000002665, 22.00000000000000711 ) ) ;
#33 = CARTESIAN_POINT ( 'NONE',  ( 5.926585282685449485, 74.82210374779599249, -24.99999999999999645 ) ) ;
#34 = ORIENTED_EDGE ( 'NONE', *, *, #2359, .T. ) ;
#35 = ORIENTED_EDGE ( 'NONE', *, *, #83, .T. ) ;
#36 = CARTESIAN_POINT ( 'NONE',  ( 16.74999999999998934, 13.88984489963946167, -24.99999999999999289 ) ) ;
#37 = DIRECTION ( 'NONE',  ( 1.000000000000000000, 0.000000000000000000, 0.000000000000000000 ) ) ;
#38 = CARTESIAN_POINT ( 'NONE',  ( 14.74999999999999645, 76.25000000000000000, -27.99999999999999645 ) ) ;
#39 = CARTESIAN_POINT ( 'NONE',  ( 6.851832369614910156, 17.63000696266694689, -24.99999999999999645 ) ) ;
#40 = CARTESIAN_POINT ( 'NONE',  ( 16.05582513746686502, 17.01990438837540509, -24.99999999999999645 ) ) ;
#41 = DIRECTION ( 'NONE',  ( 0.000000000000000000, -1.000000000000000000, 0.000000000000000000 ) ) ;
#42 = CARTESIAN_POINT ( 'NONE',  ( -14.65890436737349312, 77.16611759758869482, -27.99999999999999645 ) ) ;
#43 = CARTESIAN_POINT ( 'NONE',  ( -14.30825236020611335, 16.01266642896592884, -25.00000000000000000 ) ) ;
#44 =( BOUNDED_SURFACE ( )  B_SPLINE_SURFACE ( 2, 3, ( 
 ( #2179, #1718, #1488, #2939, #1217, #881, #2721, #2919, #434, #1469, #647, #2473, #186, #397, #1680, #1427, #2235, #1984, #2992, #626, #2661, #2432, #144, #1177, #2198, #1799, #1238, #527, #1253, #2002, #3010, #1523, #2264, #1810 ),
 ( #1507, #2519, #2817, #3071, #7, #1024, #2548, #2295, #232, #2537, #1297, #202, #768, #2313, #248, #720, #783, #1772, #2489, #2760, #2504, #214, #3276, #995, #2250, #1008, #2281, #3262, #750, #2789, #1282, #1758, #975, #468 ),
 ( #2017, #3290, #2802, #2063, #1040, #1552, #260, #3024, #2050, #500, #3058, #2034, #512, #3039, #736, #1789, #2772, #1267, #484, #1538, #3303, #540, #1322, #1887, #2077, #2831, #2878, #292, #568, #2591, #1575, #52, #2109, #586 ) ),
 .UNSPECIFIED., .F., .T., .T. ) 
 B_SPLINE_SURFACE_WITH_KNOTS ( ( 3, 3 ),
 ( 4, 2, 2, 2, 2, 2, 2, 2, 2, 2, 2, 2, 2, 2, 2, 2, 4 ),
 ( 0.000000000000000000, 1.000000000000000000 ),
 ( -6.283185307179586232, -5.890486225480861648, -5.497787143782137953, -5.105088062083414258, -4.712388980384689674, -4.319689898685965090, -3.926990816987241395, -3.534291735288517255, -3.141592653589793116, -2.748893571891068976, -2.356194490192344837, -1.963495408493620697, -1.570796326794896558, -1.178097245096172418, -0.7853981633974482790, -0.3926990816987241395, 0.000000000000000000 ),
 .UNSPECIFIED. ) 
 GEOMETRIC_REPRESENTATION_ITEM ( )  RATIONAL_B_SPLINE_SURFACE ( (
 ( 1.000000000000000000, 1.000000000000000000, 1.000000000000000000, 1.000000000000000000, 1.000000000000000000, 1.000000000000000000, 1.000000000000000000, 1.000000000000000000, 1.000000000000000000, 1.000000000000000000, 1.000000000000000000, 1.000000000000000000, 1.000000000000000000, 1.000000000000000000, 1.000000000000000000, 1.000000000000000000, 1.000000000000000000, 1.000000000000000000, 1.000000000000000000, 1.000000000000000000, 1.000000000000000000, 1.000000000000000000, 1.000000000000000000, 1.000000000000000000, 1.000000000000000000, 1.000000000000000000, 1.000000000000000000, 1.000000000000000000, 1.000000000000000000, 1.000000000000000000, 1.000000000000000000, 1.000000000000000000, 1.000000000000000000, 1.000000000000000000),
 ( 0.7071067811865473507, 0.7071067811865473507, 0.7071067811865476838, 0.7071067811865476838, 0.7071067811865475727, 0.7071067811865475727, 0.7071067811865475727, 0.7071067811865475727, 0.7071067811865475727, 0.7071067811865475727, 0.7071067811865475727, 0.7071067811865475727, 0.7071067811865475727, 0.7071067811865475727, 0.7071067811865475727, 0.7071067811865475727, 0.7071067811865475727, 0.7071067811865475727, 0.7071067811865475727, 0.7071067811865475727, 0.7071067811865475727, 0.7071067811865475727, 0.7071067811865475727, 0.7071067811865475727, 0.7071067811865475727, 0.7071067811865475727, 0.7071067811865475727, 0.7071067811865475727, 0.7071067811865474617, 0.7071067811865474617, 0.7071067811865475727, 0.7071067811865475727, 0.7071067811865473507, 0.7071067811865473507),
 ( 1.000000000000000000, 1.000000000000000000, 1.000000000000000000, 1.000000000000000000, 1.000000000000000000, 1.000000000000000000, 1.000000000000000000, 1.000000000000000000, 1.000000000000000000, 1.000000000000000000, 1.000000000000000000, 1.000000000000000000, 1.000000000000000000, 1.000000000000000000, 1.000000000000000000, 1.000000000000000000, 1.000000000000000000, 1.000000000000000000, 1.000000000000000000, 1.000000000000000000, 1.000000000000000000, 1.000000000000000000, 1.000000000000000000, 1.000000000000000000, 1.000000000000000000, 1.000000000000000000, 1.000000000000000000, 1.000000000000000000, 1.000000000000000000, 1.000000000000000000, 1.000000000000000000, 1.000000000000000000, 1.000000000000000000, 1.000000000000000000) ) ) 
 REPRESENTATION_ITEM ( '' )  SURFACE ( )  );
#45 = CARTESIAN_POINT ( 'NONE',  ( 13.01782450971990635, 73.19396306819668041, -27.99999999999999645 ) ) ;
#46 = AXIS2_PLACEMENT_3D ( 'NONE', #2222, #2925, #382 ) ;
#47 = FACE_OUTER_BOUND ( 'NONE', #2094, .T. ) ;
#48 = CARTESIAN_POINT ( 'NONE',  ( 6.878238338463287249, 72.89361326211157177, -24.99999999999999645 ) ) ;
#49 = CARTESIAN_POINT ( 'NONE',  ( 14.00450831902578308, 9.476160904314529176, -24.99999999999999289 ) ) ;
#50 = DIRECTION ( 'NONE',  ( 1.387778780781445676E-16, -0.000000000000000000, 1.000000000000000000 ) ) ;
#51 = CIRCLE ( 'NONE', #265, 3.000000000000002665 ) ;
#52 = CARTESIAN_POINT ( 'NONE',  ( -7.841095632626856826, 13.33388240241050049, -27.99999999999999645 ) ) ;
#53 = CARTESIAN_POINT ( 'NONE',  ( 8.451166053391302668, 16.40091352169714867, -25.00000000000000000 ) ) ;
#54 = CARTESIAN_POINT ( 'NONE',  ( 10.53005168751865916, 19.75000000000000355, -24.99999999999999645 ) ) ;
#55 = CARTESIAN_POINT ( 'NONE',  ( -16.71455693001043485, 13.53203527261582195, -24.99999999999998934 ) ) ;
#56 = DIRECTION ( 'NONE',  ( 0.000000000000000000, 0.000000000000000000, -1.000000000000000000 ) ) ;
#57 = CARTESIAN_POINT ( 'NONE',  ( -13.40091352169713979, 17.04883394660869556, -27.99999999999999645 ) ) ;
#58 = EDGE_CURVE ( 'NONE', #670, #2696, #2977, .T. ) ;
#59 = EDGE_LOOP ( 'NONE', ( #1991, #2434, #946, #1302 ) ) ;
#60 = CARTESIAN_POINT ( 'NONE',  ( 5.893150279841814054, 74.81038663235530350, -24.99999999999999645 ) ) ;
#61 = LINE ( 'NONE', #1130, #2910 ) ;
#62 = EDGE_CURVE ( 'NONE', #2588, #740, #394, .T. ) ;
#63 = CARTESIAN_POINT ( 'NONE',  ( -1.000000000000000888, 87.50000000000000000, 22.50000000000000000 ) ) ;
#64 = VERTEX_POINT ( 'NONE', #2761 ) ;
#65 = CARTESIAN_POINT ( 'NONE',  ( 8.451166053391300892, 78.40091352169714867, -27.99999999999999645 ) ) ;
#66 =( BOUNDED_SURFACE ( )  B_SPLINE_SURFACE ( 2, 3, ( 
 ( #277, #1827, #3072, #1224, #1324, #1283, #2339, #2240, #2999, #707, #2745, #2065, #2833, #39, #1025, #1973, #9, #785, #1811, #3251, #1475, #688, #249, #541, #1745, #3305, #2051, #2326, #2538, #1576, #2819, #2080, #770, #3059 ),
 ( #25, #1564, #2726, #2565, #456, #1801, #1494, #440, #2296, #1057, #3084, #1856, #1655, #53, #2367, #2095, #2380, #372, #1382, #2862, #2155, #1086, #878, #2110, #1621, #827, #338, #1071, #1402, #69, #569, #2880, #324, #1140 ),
 ( #2899, #1603, #2415, #3144, #308, #556, #3100, #2609, #2917, #1338, #1101, #2122, #2642, #1353, #624, #86, #3163, #3128, #839, #587, #2659, #1868, #1907, #1588, #858, #2397, #2623, #812, #3115, #1367, #1120, #2136, #1888, #1844 ) ),
 .UNSPECIFIED., .F., .T., .T. ) 
 B_SPLINE_SURFACE_WITH_KNOTS ( ( 3, 3 ),
 ( 4, 2, 2, 2, 2, 2, 2, 2, 2, 2, 2, 2, 2, 2, 2, 2, 4 ),
 ( 0.000000000000000000, 1.000000000000000000 ),
 ( -6.283185307179586232, -5.890486225480861648, -5.497787143782137953, -5.105088062083414258, -4.712388980384689674, -4.319689898685965090, -3.926990816987241395, -3.534291735288517255, -3.141592653589793116, -2.748893571891068976, -2.356194490192344837, -1.963495408493620697, -1.570796326794896558, -1.178097245096172418, -0.7853981633974482790, -0.3926990816987241395, 0.000000000000000000 ),
 .UNSPECIFIED. ) 
 GEOMETRIC_REPRESENTATION_ITEM ( )  RATIONAL_B_SPLINE_SURFACE ( (
 ( 1.000000000000000000, 1.000000000000000000, 1.000000000000000000, 1.000000000000000000, 1.000000000000000000, 1.000000000000000000, 1.000000000000000000, 1.000000000000000000, 1.000000000000000000, 1.000000000000000000, 1.000000000000000000, 1.000000000000000000, 1.000000000000000000, 1.000000000000000000, 1.000000000000000000, 1.000000000000000000, 1.000000000000000000, 1.000000000000000000, 1.000000000000000000, 1.000000000000000000, 1.000000000000000000, 1.000000000000000000, 1.000000000000000000, 1.000000000000000000, 1.000000000000000000, 1.000000000000000000, 1.000000000000000000, 1.000000000000000000, 1.000000000000000000, 1.000000000000000000, 1.000000000000000000, 1.000000000000000000, 1.000000000000000000, 1.000000000000000000),
 ( 0.7071067811865475727, 0.7071067811865475727, 0.7071067811865475727, 0.7071067811865475727, 0.7071067811865475727, 0.7071067811865475727, 0.7071067811865475727, 0.7071067811865475727, 0.7071067811865475727, 0.7071067811865475727, 0.7071067811865475727, 0.7071067811865475727, 0.7071067811865476838, 0.7071067811865476838, 0.7071067811865475727, 0.7071067811865475727, 0.7071067811865473507, 0.7071067811865473507, 0.7071067811865476838, 0.7071067811865476838, 0.7071067811865475727, 0.7071067811865475727, 0.7071067811865475727, 0.7071067811865475727, 0.7071067811865475727, 0.7071067811865475727, 0.7071067811865475727, 0.7071067811865475727, 0.7071067811865475727, 0.7071067811865475727, 0.7071067811865475727, 0.7071067811865475727, 0.7071067811865475727, 0.7071067811865475727),
 ( 1.000000000000000000, 1.000000000000000000, 1.000000000000000000, 1.000000000000000000, 1.000000000000000000, 1.000000000000000000, 1.000000000000000000, 1.000000000000000000, 1.000000000000000000, 1.000000000000000000, 1.000000000000000000, 1.000000000000000000, 1.000000000000000000, 1.000000000000000000, 1.000000000000000000, 1.000000000000000000, 1.000000000000000000, 1.000000000000000000, 1.000000000000000000, 1.000000000000000000, 1.000000000000000000, 1.000000000000000000, 1.000000000000000000, 1.000000000000000000, 1.000000000000000000, 1.000000000000000000, 1.000000000000000000, 1.000000000000000000, 1.000000000000000000, 1.000000000000000000, 1.000000000000000000, 1.000000000000000000, 1.000000000000000000, 1.000000000000000000) ) ) 
 REPRESENTATION_ITEM ( '' )  SURFACE ( )  );
#67 = CARTESIAN_POINT ( 'NONE',  ( 19.50000000000000000, 3.000000000000000000, 22.00000000000000711 ) ) ;
#68 = DIRECTION ( 'NONE',  ( 1.000000000000000000, -0.000000000000000000, -1.387778780781445676E-16 ) ) ;
#69 = CARTESIAN_POINT ( 'NONE',  ( 14.04883394660888740, 12.09908647830306450, -25.00000000000000000 ) ) ;
#70 = CARTESIAN_POINT ( 'NONE',  ( -12.68961336764058068, 81.60684972015354788, -24.99999999999999645 ) ) ;
#71 = ORIENTED_EDGE ( 'NONE', *, *, #1072, .T. ) ;
#72 = CARTESIAN_POINT ( 'NONE',  ( 16.74999999999999289, 14.25000000000000178, -24.99999999999999645 ) ) ;
#73 = DIRECTION ( 'NONE',  ( 1.000000000000000000, 0.000000000000000000, 0.000000000000000000 ) ) ;
#74 = DIRECTION ( 'NONE',  ( 0.000000000000000000, 0.000000000000000000, 1.000000000000000000 ) ) ;
#75 = EDGE_CURVE ( 'NONE', #1009, #2588, #2217, .T. ) ;
#76 = CARTESIAN_POINT ( 'NONE',  ( -13.01266642896610115, 11.19174763979412823, -27.99999999999999645 ) ) ;
#77 = LINE ( 'NONE', #2115, #2159 ) ;
#78 = CARTESIAN_POINT ( 'NONE',  ( 7.749999999999994671, 14.71393819776272949, -28.00000000000000711 ) ) ;
#79 = CARTESIAN_POINT ( 'NONE',  ( 19.49999999999998934, 87.50000000000000000, -24.99999999999999645 ) ) ;
#80 = EDGE_CURVE ( 'NONE', #1009, #498, #2566, .T. ) ;
#81 = CARTESIAN_POINT ( 'NONE',  ( 8.191747639794563440, 78.01266642896716519, -27.99999999999999645 ) ) ;
#82 = ADVANCED_FACE ( 'NONE', ( #3129 ), #1175, .F. ) ;
#83 = EDGE_CURVE ( 'NONE', #1165, #64, #588, .T. ) ;
#84 = LINE ( 'NONE', #350, #163 ) ;
#85 = LINE ( 'NONE', #2338, #2871 ) ;
#86 = CARTESIAN_POINT ( 'NONE',  ( 7.841095632626860379, 15.16611759758954392, -27.99999999999999645 ) ) ;
#87 = CARTESIAN_POINT ( 'NONE',  ( -16.05582513746630013, 79.01990438837627551, -24.99999999999999645 ) ) ;
#88 = CARTESIAN_POINT ( 'NONE',  ( 11.96994831248080970, 8.750000000000001776, -24.99999999999999645 ) ) ;
#89 = CARTESIAN_POINT ( 'NONE',  ( 16.02389776843745040, 73.49545247707092699, -25.00000000000000000 ) ) ;
#90 = CARTESIAN_POINT ( 'NONE',  ( 8.495491680964457615, 81.02383909567745945, -25.00000000000000000 ) ) ;
#91 = DIRECTION ( 'NONE',  ( 1.541976423090495140E-16, 0.000000000000000000, 1.000000000000000000 ) ) ;
#92 = CARTESIAN_POINT ( 'NONE',  ( -12.16611759758991695, 17.65890436737270264, -25.00000000000000000 ) ) ;
#93 = CARTESIAN_POINT ( 'NONE',  ( -7.838880204222879122, 15.16095951684528842, -27.99999999999998934 ) ) ;
#94 = CYLINDRICAL_SURFACE ( 'NONE', #1823, 3.000000000000000888 ) ;
#95 = APPROVAL_PERSON_ORGANIZATION ( #352, #793, #2678 ) ;
#96 = CARTESIAN_POINT ( 'NONE',  ( -12.75000000000000711, 76.25000000000000000, 25.00100000000000833 ) ) ;
#97 = CARTESIAN_POINT ( 'NONE',  ( 14.74999999999999289, 76.25000000000000000, -25.00000000000000000 ) ) ;
#98 = CARTESIAN_POINT ( 'NONE',  ( 14.30825236020629987, 78.01266642896320036, -25.00000000000000000 ) ) ;
#99 = LINE ( 'NONE', #2151, #1610 ) ;
#100 = ORIENTED_EDGE ( 'NONE', *, *, #1474, .F. ) ;
#101 = ORIENTED_EDGE ( 'NONE', *, *, #684, .T. ) ;
#102 = VECTOR ( 'NONE', #3036, 1000.000000000000000 ) ;
#103 = DIRECTION ( 'NONE',  ( -0.000000000000000000, 1.000000000000000000, -0.000000000000000000 ) ) ;
#104 = CARTESIAN_POINT ( 'NONE',  ( -16.60684972015787508, 74.81038663236029151, -24.99999999999999645 ) ) ;
#105 = AXIS2_PLACEMENT_3D ( 'NONE', #2139, #2835, #1642 ) ;
#106 = DIRECTION ( 'NONE',  ( -1.000000000000000000, 0.000000000000000000, 0.000000000000000000 ) ) ;
#107 = AXIS2_PLACEMENT_3D ( 'NONE', #845, #2142, #592 ) ;
#108 = CARTESIAN_POINT ( 'NONE',  ( 5.785373860748166841, 76.96797849395005642, -24.99999999999999645 ) ) ;
#109 = LINE ( 'NONE', #2687, #222 ) ;
#110 = ORIENTED_EDGE ( 'NONE', *, *, #238, .F. ) ;
#111 = CARTESIAN_POINT ( 'NONE',  ( -14.65890436737305080, 15.16611759758976063, -27.99999999999999645 ) ) ;
#112 = FACE_BOUND ( 'NONE', #399, .T. ) ;
#113 = DIRECTION ( 'NONE',  ( -0.000000000000000000, 1.000000000000000000, -0.000000000000000000 ) ) ;
#114 = FACE_OUTER_BOUND ( 'NONE', #1936, .T. ) ;
#115 = CIRCLE ( 'NONE', #2317, 2.999999999999999112 ) ;
#116 = CARTESIAN_POINT ( 'NONE',  ( 14.01990438837689901, 71.44417486253371408, -24.99999999999999645 ) ) ;
#117 = CARTESIAN_POINT ( 'NONE',  ( 10.79185107387544207, 72.74999999999998579, -25.00000000000000000 ) ) ;
#118 = CARTESIAN_POINT ( 'NONE',  ( 22.49999999999999289, 3.000000000000002665, -22.00000000000000000 ) ) ;
#119 = ORIENTED_EDGE ( 'NONE', *, *, #3087, .T. ) ;
#120 = APPROVAL_ROLE ( '' ) ;
#121 = CARTESIAN_POINT ( 'NONE',  ( 14.24999999999999467, 76.25000000000000000, -24.49999999999999289 ) ) ;
#122 = CARTESIAN_POINT ( 'NONE',  ( -9.099086478304274195, 79.04883394660447493, -25.00000000000000000 ) ) ;
#123 = EDGE_CURVE ( 'NONE', #2800, #2020, #1383, .T. ) ;
#124 = CARTESIAN_POINT ( 'NONE',  ( -7.106602424766683690, 10.61517245195533299, -24.99999999999999645 ) ) ;
#125 = DIRECTION ( 'NONE',  ( 1.541976423090495140E-16, 0.000000000000000000, 1.000000000000000000 ) ) ;
#126 = ADVANCED_FACE ( 'NONE', ( #2881 ), #2934, .T. ) ;
#127 = CARTESIAN_POINT ( 'NONE',  ( 0.000000000000000000, 2.499999999999988454, 0.000000000000000000 ) ) ;
#128 = ORIENTED_EDGE ( 'NONE', *, *, #2104, .F. ) ;
#129 = FACE_OUTER_BOUND ( 'NONE', #3015, .T. ) ;
#130 = DIRECTION ( 'NONE',  ( 1.000000000000000000, 0.000000000000000000, -0.000000000000000000 ) ) ;
#131 = CARTESIAN_POINT ( 'NONE',  ( -14.75000000000000533, 14.24999999999999467, -27.99999999999999645 ) ) ;
#132 = LINE ( 'NONE', #3137, #3309 ) ;
#133 = CARTESIAN_POINT ( 'NONE',  ( 14.65890436737269908, 77.16611759759240385, -25.00000000000000000 ) ) ;
#134 = CARTESIAN_POINT ( 'NONE',  ( 12.16611759758844258, 72.84109563262772724, -25.00000000000000000 ) ) ;
#135 = CARTESIAN_POINT ( 'NONE',  ( 13.39689282069765497, 79.05275158408619518, -27.99999999999999645 ) ) ;
#136 = B_SPLINE_CURVE_WITH_KNOTS ( 'NONE', 3,
 ( #2012, #2465, #1993, #3005, #987, #3020, #407, #1189, #2209, #932, #1958, #176, #523, #547, #1051, #762, #1262, #269 ),
 .UNSPECIFIED., .F., .F.,
 ( 4, 2, 2, 2, 2, 2, 2, 2, 4 ),
 ( 0.5000000000000000000, 0.5625000000000000000, 0.6250000000000000000, 0.6875000000000000000, 0.7500000000000000000, 0.8125000000000000000, 0.8750000000000000000, 0.9375000000000000000, 1.000000000000000000 ),
 .UNSPECIFIED. ) ;
#137 = EDGE_LOOP ( 'NONE', ( #1634, #2706, #2202, #1498 ) ) ;
#138 = MECHANICAL_CONTEXT ( 'NONE', #2690, 'mechanical' ) ;
#139 = ORIENTED_EDGE ( 'NONE', *, *, #2438, .F. ) ;
#140 = CARTESIAN_POINT ( 'NONE',  ( -9.477494176666692027, 71.03107752395935393, -24.99999999999999645 ) ) ;
#141 = CARTESIAN_POINT ( 'NONE',  ( -11.25000000000000711, 14.24999999999999822, -24.49999999999999289 ) ) ;
#142 = ORIENTED_EDGE ( 'NONE', *, *, #1426, .T. ) ;
#143 = FACE_BOUND ( 'NONE', #1419, .T. ) ;
#144 = CARTESIAN_POINT ( 'NONE',  ( -14.01990438837504449, 9.444174862533706971, -24.99999999999999645 ) ) ;
#145 = ORIENTED_EDGE ( 'NONE', *, *, #664, .T. ) ;
#146 = ORIENTED_EDGE ( 'NONE', *, *, #731, .T. ) ;
#147 = LINE ( 'NONE', #2866, #2879 ) ;
#148 = ORIENTED_EDGE ( 'NONE', *, *, #2541, .F. ) ;
#149 = DIRECTION ( 'NONE',  ( 0.000000000000000000, 0.000000000000000000, -1.000000000000000000 ) ) ;
#150 = DIRECTION ( 'NONE',  ( 0.000000000000000000, 0.000000000000000000, 1.000000000000000000 ) ) ;
#151 = LINE ( 'NONE', #655, #1264 ) ;
#152 = CARTESIAN_POINT ( 'NONE',  ( 16.05582513746736595, 73.48009561162329817, -24.99999999999999645 ) ) ;
#153 = CIRCLE ( 'NONE', #2930, 1.500000000000001332 ) ;
#154 = CYLINDRICAL_SURFACE ( 'NONE', #1746, 2.999999999999999112 ) ;
#155 = ORIENTED_EDGE ( 'NONE', *, *, #3142, .F. ) ;
#156 = ADVANCED_FACE ( 'NONE', ( #2989 ), #3009, .F. ) ;
#157 = LINE ( 'NONE', #426, #102 ) ;
#158 = PERSON_AND_ORGANIZATION_ROLE ( 'design_supplier' ) ;
#159 = ORIENTED_EDGE ( 'NONE', *, *, #177, .T. ) ;
#160 = CARTESIAN_POINT ( 'NONE',  ( -16.46892247604221282, 74.47749417666838667, -25.00000000000000711 ) ) ;
#161 = CYLINDRICAL_SURFACE ( 'NONE', #2905, 2.999999999999999112 ) ;
#162 = VECTOR ( 'NONE', #2194, 1000.000000000000000 ) ;
#163 = VECTOR ( 'NONE', #837, 1000.000000000000000 ) ;
#164 = LINE ( 'NONE', #1198, #1255 ) ;
#165 = DIRECTION ( 'NONE',  ( -0.000000000000000000, -0.000000000000000000, -1.000000000000000000 ) ) ;
#166 = EDGE_LOOP ( 'NONE', ( #223, #2433 ) ) ;
#167 = CIRCLE ( 'NONE', #2049, 2.999999999999999112 ) ;
#168 = VERTEX_POINT ( 'NONE', #2263 ) ;
#169 = CARTESIAN_POINT ( 'NONE',  ( 17.00000000000000000, 5.499999999999988454, -22.50000000000000000 ) ) ;
#170 = ORIENTED_EDGE ( 'NONE', *, *, #238, .T. ) ;
#171 = CARTESIAN_POINT ( 'NONE',  ( -10.33909626073134369, 17.66098513679808946, -27.99999999999999645 ) ) ;
#172 = CARTESIAN_POINT ( 'NONE',  ( -8.451166053392698885, 78.40091352169852712, -27.99999999999999645 ) ) ;
#173 = ADVANCED_FACE ( 'NONE', ( #2487 ), #161, .T. ) ;
#174 = FACE_OUTER_BOUND ( 'NONE', #2530, .T. ) ;
#175 = CARTESIAN_POINT ( 'NONE',  ( 14.65890436737204894, 77.16611759759213385, -27.99999999999999645 ) ) ;
#176 = CARTESIAN_POINT ( 'NONE',  ( -13.01788028728373625, 73.19382840921657873, -27.99999999999999645 ) ) ;
#177 = EDGE_CURVE ( 'NONE', #1032, #1211, #2518, .T. ) ;
#178 = EDGE_LOOP ( 'NONE', ( #488, #3250, #1406, #1138 ) ) ;
#179 = CARTESIAN_POINT ( 'NONE',  ( -14.66098513679685489, 77.16090373927065116, -28.00000000000000000 ) ) ;
#180 = APPLICATION_PROTOCOL_DEFINITION ( 'international standard', 'config_control_design', 1994, #457 ) ;
#181 = ORIENTED_EDGE ( 'NONE', *, *, #1309, .T. ) ;
#182 = CARTESIAN_POINT ( 'NONE',  ( -5.926690293898715822, 74.82193761737045179, -24.99999999999999289 ) ) ;
#183 = CARTESIAN_POINT ( 'NONE',  ( -12.16611759759071276, 79.65890436737265645, -27.99999999999999645 ) ) ;
#184 = CIRCLE ( 'NONE', #1150, 2.999999999999999112 ) ;
#185 = CARTESIAN_POINT ( 'NONE',  ( -14.25000000000000888, 14.24999999999999822, -22.49999999999999289 ) ) ;
#186 = CARTESIAN_POINT ( 'NONE',  ( -14.63000696266692913, 18.64816763038509606, -24.99999999999999645 ) ) ;
#187 =( BOUNDED_CURVE ( )  B_SPLINE_CURVE ( 2, ( #2828, #2075, #1023 ),
 .UNSPECIFIED., .F., .F. ) 
 B_SPLINE_CURVE_WITH_KNOTS ( ( 3, 3 ),
 ( 0.000000000000000000, 1.000000000000000000 ),
 .UNSPECIFIED. ) 
 CURVE ( )  GEOMETRIC_REPRESENTATION_ITEM ( )  RATIONAL_B_SPLINE_CURVE ( ( 1.000000000000000000, 0.7071067811865475727, 1.000000000000000000 ) ) 
 REPRESENTATION_ITEM ( '' )  );
#188 = CARTESIAN_POINT ( 'NONE',  ( 22.50100000000000122, 72.50000000000000000, -17.50000000000000355 ) ) ;
#189 = B_SPLINE_CURVE_WITH_KNOTS ( 'NONE', 3,
 ( #543, #297, #55, #3103, #1059, #2383, #3086, #3148, #1892, #1830, #1074, #2098, #2597, #311, #1341, #2357, #3117, #1657, #2158, #943, #3207, #702, #2685, #2737, #375, #124, #2417, #902, #1931, #1142, #1948, #921, #1740, #1698 ),
 .UNSPECIFIED., .F., .F.,
 ( 4, 2, 2, 2, 2, 2, 2, 2, 2, 2, 2, 2, 2, 2, 2, 2, 4 ),
 ( 0.5000000000000000000, 0.5312500000000001110, 0.5625000000000002220, 0.5937500000000002220, 0.6250000000000002220, 0.6562500000000002220, 0.6875000000000002220, 0.7187500000000002220, 0.7500000000000002220, 0.7812500000000002220, 0.8125000000000002220, 0.8437500000000002220, 0.8750000000000002220, 0.9062500000000001110, 0.9375000000000001110, 0.9687500000000000000, 1.000000000000000000 ),
 .UNSPECIFIED. ) ;
#190 = ORIENTED_EDGE ( 'NONE', *, *, #807, .F. ) ;
#191 = DIRECTION ( 'NONE',  ( 0.000000000000000000, -1.000000000000000000, 0.000000000000000000 ) ) ;
#192 = ORIENTED_EDGE ( 'NONE', *, *, #2157, .F. ) ;
#193 = CARTESIAN_POINT ( 'NONE',  ( 5.749999999999991118, 76.24999999999998579, -24.99999999999999645 ) ) ;
#194 = CARTESIAN_POINT ( 'NONE',  ( -13.40091352169714334, 73.45116605339130444, -24.99999999999999645 ) ) ;
#195 = PLANE ( 'NONE',  #813 ) ;
#196 = CARTESIAN_POINT ( 'NONE',  ( 8.191747639792792413, 74.48733357103711228, -27.99999999999999645 ) ) ;
#197 = DIRECTION ( 'NONE',  ( 0.000000000000000000, -1.000000000000000000, 0.000000000000000000 ) ) ;
#198 = ORIENTED_EDGE ( 'NONE', *, *, #3244, .F. ) ;
#199 = CARTESIAN_POINT ( 'NONE',  ( -9.482119712718041882, 79.30617159078444445, -27.99999999999999645 ) ) ;
#200 = CARTESIAN_POINT ( 'NONE',  ( -19.50000000000000000, 87.50000000000000000, 25.00000000000000355 ) ) ;
#201 = CARTESIAN_POINT ( 'NONE',  ( -14.30825236020552893, 78.01266642896693781, -27.99999999999999645 ) ) ;
#202 = CARTESIAN_POINT ( 'NONE',  ( -13.01266642896571746, 17.30825236020630697, -25.00000000000000000 ) ) ;
#203 = CARTESIAN_POINT ( 'NONE',  ( 7.106602424762415104, 17.88482754803636254, -24.99999999999999645 ) ) ;
#204 = ORIENTED_EDGE ( 'NONE', *, *, #266, .F. ) ;
#205 = CARTESIAN_POINT ( 'NONE',  ( -16.60684972015786798, 77.68961336763970849, -24.99999999999999645 ) ) ;
#206 = DIRECTION ( 'NONE',  ( 1.000000000000000000, 0.000000000000000000, 0.000000000000000000 ) ) ;
#207 = DIRECTION ( 'NONE',  ( 1.000000000000000000, 0.000000000000000000, -0.000000000000000000 ) ) ;
#208 = CARTESIAN_POINT ( 'NONE',  ( -15.39339757523434393, 17.88482754804479313, -25.00000000000000000 ) ) ;
#209 = EDGE_LOOP ( 'NONE', ( #391, #2716, #1705, #155 ) ) ;
#210 = CARTESIAN_POINT ( 'NONE',  ( 11.70814892612503400, 17.75000000000000355, -27.99999999999999645 ) ) ;
#211 = VECTOR ( 'NONE', #23, 1000.000000000000000 ) ;
#212 = CARTESIAN_POINT ( 'NONE',  ( 12.68961336764058068, 81.60684972015852168, -24.99999999999999645 ) ) ;
#213 = CARTESIAN_POINT ( 'NONE',  ( 11.24999999999999289, 76.25000000000000000, -24.49999999999999289 ) ) ;
#214 = CARTESIAN_POINT ( 'NONE',  ( -13.40091352169714334, 11.45116605339130444, -25.00000000000000000 ) ) ;
#215 = CARTESIAN_POINT ( 'NONE',  ( 16.74999999999999289, 14.60979303465158274, -24.99999999999999645 ) ) ;
#216 = ADVANCED_FACE ( 'NONE', ( #1308, #526 ), #1054, .T. ) ;
#217 = CARTESIAN_POINT ( 'NONE',  ( 11.24999999999999289, 76.25000000000000000, -24.49999999999999289 ) ) ;
#218 = ORIENTED_EDGE ( 'NONE', *, *, #2592, .T. ) ;
#219 = VERTEX_POINT ( 'NONE', #511 ) ;
#220 = VECTOR ( 'NONE', #400, 1000.000000000000000 ) ;
#221 = CARTESIAN_POINT ( 'NONE',  ( -9.810386632360295067, 70.89315027984213202, -24.99999999999999645 ) ) ;
#222 = VECTOR ( 'NONE', #1180, 1000.000000000000000 ) ;
#223 = ORIENTED_EDGE ( 'NONE', *, *, #309, .T. ) ;
#224 = CARTESIAN_POINT ( 'NONE',  ( 14.74999999999999467, 76.25000000000000000, -27.99999999999999645 ) ) ;
#225 = DIRECTION ( 'NONE',  ( -0.000000000000000000, -0.000000000000000000, -1.000000000000000000 ) ) ;
#226 = CARTESIAN_POINT ( 'NONE',  ( -20.00000000000001066, 12.49999999999999645, -17.49999999999999289 ) ) ;
#227 = VERTEX_POINT ( 'NONE', #795 ) ;
#228 = VERTEX_POINT ( 'NONE', #2048 ) ;
#229 = CARTESIAN_POINT ( 'NONE',  ( 13.01266642896605497, 17.30825236020588420, -27.99999999999999645 ) ) ;
#230 = CARTESIAN_POINT ( 'NONE',  ( -8.191747639794586533, 74.48733357103279218, -27.99999999999999645 ) ) ;
#231 = AXIS2_PLACEMENT_3D ( 'NONE', #1956, #2463, #949 ) ;
#232 = CARTESIAN_POINT ( 'NONE',  ( -10.79185107387558951, 17.74999999999999289, -25.00000000000000000 ) ) ;
#233 = VERTEX_POINT ( 'NONE', #3302 ) ;
#234 = CARTESIAN_POINT ( 'NONE',  ( 16.74999999999999289, 14.25000000000000000, -24.99999999999999645 ) ) ;
#235 = ADVANCED_FACE ( 'NONE', ( #275 ), #810, .F. ) ;
#236 = LINE ( 'NONE', #723, #436 ) ;
#237 = ORIENTED_EDGE ( 'NONE', *, *, #272, .T. ) ;
#238 = EDGE_CURVE ( 'NONE', #1567, #1932, #187, .T. ) ;
#239 = CARTESIAN_POINT ( 'NONE',  ( -9.487333571034385571, 79.30825236020605473, -27.99999999999999645 ) ) ;
#240 = CARTESIAN_POINT ( 'NONE',  ( -8.480095611622477492, 9.444174862534330472, -24.99999999999999645 ) ) ;
#241 = DIRECTION ( 'NONE',  ( 1.541976423090495140E-16, -0.000000000000000000, 1.000000000000000000 ) ) ;
#242 = DIRECTION ( 'NONE',  ( 0.000000000000000000, -1.000000000000000000, 0.000000000000000000 ) ) ;
#243 = VERTEX_POINT ( 'NONE', #247 ) ;
#244 = PLANE ( 'NONE',  #1788 ) ;
#245 = EDGE_LOOP ( 'NONE', ( #1653, #1240, #2038, #101 ) ) ;
#246 = CARTESIAN_POINT ( 'NONE',  ( -7.750000000000001776, 76.25000000000000000, -27.99999999999999645 ) ) ;
#247 = CARTESIAN_POINT ( 'NONE',  ( 22.50000000000000000, 72.50000000000000000, 17.50000000000000355 ) ) ;
#248 = CARTESIAN_POINT ( 'NONE',  ( -14.30825236020611335, 16.01266642896592884, -25.00000000000000000 ) ) ;
#249 = CARTESIAN_POINT ( 'NONE',  ( 8.480095611624953733, 9.444174862533710524, -24.99999999999999645 ) ) ;
#250 = B_SPLINE_CURVE_WITH_KNOTS ( 'NONE', 3,
 ( #2702, #1894, #1162, #2646, #2181, #2418, #3166, #2886, #2627, #3186, #882, #2961, #1910, #591, #1428, #2199, #3208, #342, #1372, #1950, #666, #1643, #90, #415, #2384, #627, #2140, #863, #357, #1386, #2401, #108, #1143, #1658 ),
 .UNSPECIFIED., .F., .F.,
 ( 4, 2, 2, 2, 2, 2, 2, 2, 2, 2, 2, 2, 2, 2, 2, 2, 4 ),
 ( 0.000000000000000000, 0.03125000000000000000, 0.06250000000000000000, 0.09375000000000000000, 0.1249999999999999167, 0.1562499999999999445, 0.1874999999999999722, 0.2187500000000000000, 0.2500000000000000000, 0.2812500000000000000, 0.3125000000000000000, 0.3437500000000000000, 0.3750000000000000000, 0.4062500000000000000, 0.4375000000000000000, 0.4687500000000000000, 0.5000000000000000000 ),
 .UNSPECIFIED. ) ;
#251 = FACE_OUTER_BOUND ( 'NONE', #2732, .T. ) ;
#252 = CARTESIAN_POINT ( 'NONE',  ( -5.750000000000007105, 14.24999999999999822, -24.99999999999999645 ) ) ;
#253 = CARTESIAN_POINT ( 'NONE',  ( 12.74999999999999467, 14.25000000000000178, 25.00100000000000833 ) ) ;
#254 = CARTESIAN_POINT ( 'NONE',  ( -11.25000000000000711, 14.24999999999999822, -24.49999999999999289 ) ) ;
#255 = CARTESIAN_POINT ( 'NONE',  ( -16.74996426973381958, 76.60961331492549675, -24.99999999999999645 ) ) ;
#256 = ORIENTED_EDGE ( 'NONE', *, *, #21, .T. ) ;
#257 = CARTESIAN_POINT ( 'NONE',  ( 7.615172451940578568, 10.10660242478086523, -25.00000000000000355 ) ) ;
#258 = CARTESIAN_POINT ( 'NONE',  ( -7.750000000000001776, 76.25000000000000000, -27.99999999999999645 ) ) ;
#259 = EDGE_CURVE ( 'NONE', #2756, #390, #1561, .T. ) ;
#260 = CARTESIAN_POINT ( 'NONE',  ( -9.487333571034387347, 17.30825236020606539, -27.99999999999999645 ) ) ;
#261 = DIRECTION ( 'NONE',  ( 0.000000000000000000, 0.000000000000000000, 1.000000000000000000 ) ) ;
#262 = EDGE_LOOP ( 'NONE', ( #529, #1702, #1287, #267 ) ) ;
#263 = CARTESIAN_POINT ( 'NONE',  ( 17.00000000000000000, 2.499999999999988454, -22.50000000000000000 ) ) ;
#264 = CARTESIAN_POINT ( 'NONE',  ( -7.869993037333371078, 18.64816763038507474, -24.99999999999999645 ) ) ;
#265 = AXIS2_PLACEMENT_3D ( 'NONE', #3022, #3237, #2246 ) ;
#266 = EDGE_CURVE ( 'NONE', #687, #2769, #1452, .T. ) ;
#267 = ORIENTED_EDGE ( 'NONE', *, *, #1606, .F. ) ;
#268 = CARTESIAN_POINT ( 'NONE',  ( 14.74999999999999645, 76.25000000000000000, -27.99999999999999645 ) ) ;
#269 = CARTESIAN_POINT ( 'NONE',  ( -14.75000000000001066, 76.24999999999998579, -27.99999999999999645 ) ) ;
#270 = AXIS2_PLACEMENT_3D ( 'NONE', #1558, #2363, #2304 ) ;
#271 = CARTESIAN_POINT ( 'NONE',  ( 20.00000000000000000, 5.499999999999988454, -22.50000000000000000 ) ) ;
#272 = EDGE_CURVE ( 'NONE', #1236, #1061, #2590, .T. ) ;
#273 = CARTESIAN_POINT ( 'NONE',  ( 8.447145352389018313, 12.10300411578464086, -27.99999999999999645 ) ) ;
#274 = ADVANCED_FACE ( 'NONE', ( #1786, #1321 ), #290, .T. ) ;
#275 = FACE_OUTER_BOUND ( 'NONE', #1752, .T. ) ;
#276 = DIRECTION ( 'NONE',  ( 0.000000000000000000, 0.000000000000000000, -1.000000000000000000 ) ) ;
#277 = CARTESIAN_POINT ( 'NONE',  ( 16.74999999999999289, 14.25000000000000178, -24.99999999999999645 ) ) ;
#278 = CIRCLE ( 'NONE', #1762, 3.000000000000000888 ) ;
#279 = AXIS2_PLACEMENT_3D ( 'NONE', #2374, #1331, #533 ) ;
#280 = DIRECTION ( 'NONE',  ( -1.000000000000000000, 0.000000000000000000, -0.000000000000000000 ) ) ;
#281 = CARTESIAN_POINT ( 'NONE',  ( 11.24999999999999289, 76.25000000000000000, -24.49999999999999289 ) ) ;
#282 = VERTEX_POINT ( 'NONE', #3069 ) ;
#283 =( BOUNDED_CURVE ( )  B_SPLINE_CURVE ( 2, ( #524, #2320, #2587 ),
 .UNSPECIFIED., .F., .T. ) 
 B_SPLINE_CURVE_WITH_KNOTS ( ( 3, 3 ),
 ( 0.000000000000000000, 1.000000000000000000 ),
 .UNSPECIFIED. ) 
 CURVE ( )  GEOMETRIC_REPRESENTATION_ITEM ( )  RATIONAL_B_SPLINE_CURVE ( ( 1.000000000000000000, 0.7071067811865475727, 1.000000000000000000 ) ) 
 REPRESENTATION_ITEM ( '' )  );
#284 = CARTESIAN_POINT ( 'NONE',  ( 11.96994831248130886, 81.75000000000000000, -24.99999999999999645 ) ) ;
#285 = ADVANCED_FACE ( 'NONE', ( #306 ), #1281, .F. ) ;
#286 = DIRECTION ( 'NONE',  ( 0.000000000000000000, 1.000000000000000000, 0.000000000000000000 ) ) ;
#287 = DIRECTION ( 'NONE',  ( 0.000000000000000000, 0.000000000000000000, 1.000000000000000000 ) ) ;
#288 = ORIENTED_EDGE ( 'NONE', *, *, #259, .T. ) ;
#289 = CARTESIAN_POINT ( 'NONE',  ( 14.60638673789081921, 9.878238338462653090, -24.99999999999999289 ) ) ;
#290 = PLANE ( 'NONE',  #3205 ) ;
#291 = VECTOR ( 'NONE', #2610, 1000.000000000000000 ) ;
#292 = CARTESIAN_POINT ( 'NONE',  ( -9.487333571032850799, 11.19174763979456877, -27.99999999999999645 ) ) ;
#293 = CARTESIAN_POINT ( 'NONE',  ( -11.25000000000000711, 76.25000000000000000, -24.49999999999999289 ) ) ;
#294 = VECTOR ( 'NONE', #744, 1000.000000000000000 ) ;
#295 = ORIENTED_EDGE ( 'NONE', *, *, #618, .F. ) ;
#296 = CARTESIAN_POINT ( 'NONE',  ( 16.74999999999999289, 14.25000000000000178, -24.99999999999999645 ) ) ;
#297 = CARTESIAN_POINT ( 'NONE',  ( -16.75003573026620529, 13.89038668507313368, -24.99999999999999645 ) ) ;
#298 = DIRECTION ( 'NONE',  ( -0.000000000000000000, -0.000000000000000000, -1.000000000000000000 ) ) ;
#299 = CARTESIAN_POINT ( 'NONE',  ( -14.63000696266693446, 9.851832369614905716, -24.99999999999999645 ) ) ;
#300 = ORIENTED_EDGE ( 'NONE', *, *, #75, .F. ) ;
#301 = CARTESIAN_POINT ( 'NONE',  ( 16.05582513746686857, 79.01990438837289332, -24.99999999999999645 ) ) ;
#302 = FACE_BOUND ( 'NONE', #2962, .T. ) ;
#303 = CARTESIAN_POINT ( 'NONE',  ( 5.749964269736110190, 75.89038668507056684, -24.99999999999999645 ) ) ;
#304 = VERTEX_POINT ( 'NONE', #6 ) ;
#305 = CARTESIAN_POINT ( 'NONE',  ( 16.02389776844952607, 11.49545247709131424, -24.99999999999999289 ) ) ;
#306 = FACE_OUTER_BOUND ( 'NONE', #2444, .T. ) ;
#307 = CARTESIAN_POINT ( 'NONE',  ( 0.000000000000000000, 0.000000000000000000, 0.000000000000000000 ) ) ;
#308 = CARTESIAN_POINT ( 'NONE',  ( 14.04883394660854634, 16.40091352169728012, -27.99999999999999645 ) ) ;
#309 = EDGE_CURVE ( 'NONE', #3265, #893, #1026, .T. ) ;
#310 = CARTESIAN_POINT ( 'NONE',  ( 14.63000696266661649, 9.851832369614603735, -24.99999999999999645 ) ) ;
#311 = CARTESIAN_POINT ( 'NONE',  ( -13.02253317011317613, 9.031011503047702504, -24.99999999999999645 ) ) ;
#312 =( GEOMETRIC_REPRESENTATION_CONTEXT ( 3 ) GLOBAL_UNCERTAINTY_ASSIGNED_CONTEXT ( ( #2437 ) ) GLOBAL_UNIT_ASSIGNED_CONTEXT ( ( #877, #2231, #2193 ) ) REPRESENTATION_CONTEXT ( 'NONE', 'WORKASPACE' ) );
#313 = ADVANCED_FACE ( 'NONE', ( #2351 ), #1574, .T. ) ;
#314 = CARTESIAN_POINT ( 'NONE',  ( -14.75000000000001243, 76.70814892612453662, -27.99999999999999645 ) ) ;
#315 = CARTESIAN_POINT ( 'NONE',  ( -14.65890436737353042, 13.33388240241030509, -25.00000000000000000 ) ) ;
#316 = VERTEX_POINT ( 'NONE', #3038 ) ;
#317 = CARTESIAN_POINT ( 'NONE',  ( 9.810386632359028525, 70.89315027984213202, -24.99999999999999645 ) ) ;
#318 = AXIS2_PLACEMENT_3D ( 'NONE', #3191, #1953, #1703 ) ;
#319 = CARTESIAN_POINT ( 'NONE',  ( -17.00000000000000355, 5.499999999999988454, 2.621359919253842971E-15 ) ) ;
#320 = DIRECTION ( 'NONE',  ( 0.000000000000000000, 0.000000000000000000, 1.000000000000000000 ) ) ;
#321 = CARTESIAN_POINT ( 'NONE',  ( 14.65890436737204894, 77.16611759759213385, -27.99999999999999645 ) ) ;
#322 = DIRECTION ( 'NONE',  ( -0.000000000000000000, -0.000000000000000000, -1.000000000000000000 ) ) ;
#323 = CARTESIAN_POINT ( 'NONE',  ( 4.000000000000003553, 5.499999999999988454, -4.818676322157801319E-16 ) ) ;
#324 = CARTESIAN_POINT ( 'NONE',  ( 14.74999999999999289, 13.79185107387557885, -25.00000000000000000 ) ) ;
#325 = CARTESIAN_POINT ( 'NONE',  ( -5.750000000000001776, 76.25000000000000000, -24.99999999999999645 ) ) ;
#326 = CARTESIAN_POINT ( 'NONE',  ( 15.64816763038539804, 10.86999303733338351, -24.99999999999999645 ) ) ;
#327 = CARTESIAN_POINT ( 'NONE',  ( -11.25000000000000711, 14.24999999999999822, -24.49999999999999289 ) ) ;
#328 = DIRECTION ( 'NONE',  ( -1.387778780781445676E-16, 1.734723475976807094E-16, -1.000000000000000000 ) ) ;
#329 = EDGE_CURVE ( 'NONE', #233, #2010, #849, .T. ) ;
#330 = CARTESIAN_POINT ( 'NONE',  ( -7.841095632626677414, 15.16611759758990807, -25.00000000000000000 ) ) ;
#331 = CARTESIAN_POINT ( 'NONE',  ( 8.194036060350819994, 74.48199934993907334, -27.99999999999999645 ) ) ;
#332 = DIRECTION ( 'NONE',  ( -1.000000000000000000, 0.000000000000000000, 0.000000000000000000 ) ) ;
#333 = CARTESIAN_POINT ( 'NONE',  ( -11.25000000000000711, 76.25000000000000000, -24.49999999999999289 ) ) ;
#334 = CARTESIAN_POINT ( 'NONE',  ( 8.191747639794508373, 74.48733357103783703, -25.00000000000000000 ) ) ;
#335 = LINE ( 'NONE', #1155, #2047 ) ;
#336 = ORIENTED_EDGE ( 'NONE', *, *, #2527, .T. ) ;
#337 = CARTESIAN_POINT ( 'NONE',  ( 20.00000000000000711, 87.50000000000000000, 22.50000000000000711 ) ) ;
#338 = CARTESIAN_POINT ( 'NONE',  ( 12.16611759758906786, 10.84109563262710374, -25.00000000000000000 ) ) ;
#339 = CARTESIAN_POINT ( 'NONE',  ( -7.869993037333367525, 80.64816763038132308, -24.99999999999999645 ) ) ;
#340 = CARTESIAN_POINT ( 'NONE',  ( 8.191747639794510150, 12.48733357103407826, -25.00000000000000000 ) ) ;
#341 = CARTESIAN_POINT ( 'NONE',  ( -14.25000000000000711, 14.24999999999999822, -24.49999999999999289 ) ) ;
#342 = CARTESIAN_POINT ( 'NONE',  ( 10.89038668510013608, 81.75003573026850745, -24.99999999999999645 ) ) ;
#343 = CARTESIAN_POINT ( 'NONE',  ( -22.50000000000000711, 87.50000000000000000, -22.00000000000000000 ) ) ;
#344 = CARTESIAN_POINT ( 'NONE',  ( -9.487333571034286095, 17.30825236020630342, -25.00000000000000000 ) ) ;
#345 = DIRECTION ( 'NONE',  ( -0.000000000000000000, -0.000000000000000000, -1.000000000000000000 ) ) ;
#346 = CARTESIAN_POINT ( 'NONE',  ( 19.99999999999999645, 72.50000000000000000, -17.49999999999999645 ) ) ;
#347 = DIRECTION ( 'NONE',  ( 0.000000000000000000, 0.000000000000000000, -1.000000000000000000 ) ) ;
#348 = ORIENTED_EDGE ( 'NONE', *, *, #553, .T. ) ;
#349 = CARTESIAN_POINT ( 'NONE',  ( 14.74999999999999289, 75.79185107387434073, -25.00000000000000000 ) ) ;
#350 = CARTESIAN_POINT ( 'NONE',  ( -22.50000000000000000, 72.50000000000000000, 17.50000000000000355 ) ) ;
#351 = VERTEX_POINT ( 'NONE', #1069 ) ;
#352 = PERSON_AND_ORGANIZATION ( #900, #1560 ) ;
#353 = CARTESIAN_POINT ( 'NONE',  ( -20.00000000000000000, 2.499999999999988454, 22.50000000000000000 ) ) ;
#354 = CARTESIAN_POINT ( 'NONE',  ( -14.75000000000001066, 76.70814892612453662, -25.00000000000000000 ) ) ;
#355 = CARTESIAN_POINT ( 'NONE',  ( -11.71376217908989226, 79.74992712308392129, -27.99999999999999645 ) ) ;
#356 = DIRECTION ( 'NONE',  ( 0.000000000000000000, 0.000000000000000000, 1.000000000000000000 ) ) ;
#357 = CARTESIAN_POINT ( 'NONE',  ( 6.306313639328155141, 78.68698458590134237, -25.00000000000000000 ) ) ;
#358 = DIRECTION ( 'NONE',  ( 0.000000000000000000, 0.000000000000000000, 1.000000000000000000 ) ) ;
#359 = EDGE_LOOP ( 'NONE', ( #3226, #896, #2227, #1589 ) ) ;
#360 = CARTESIAN_POINT ( 'NONE',  ( -13.40091352169714334, 11.45116605339130444, -25.00000000000000000 ) ) ;
#361 = CARTESIAN_POINT ( 'NONE',  ( 22.49999999999999289, 87.50000000000000000, -22.00000000000000000 ) ) ;
#362 = DIRECTION ( 'NONE',  ( -1.000000000000000000, -0.000000000000000000, -1.826024711554533913E-16 ) ) ;
#363 = CARTESIAN_POINT ( 'NONE',  ( 7.749999999999992895, 14.24999999999999822, -27.99999999999999645 ) ) ;
#364 = ADVANCED_FACE ( 'NONE', ( #2092 ), #1537, .F. ) ;
#365 = CARTESIAN_POINT ( 'NONE',  ( 7.841095632628180212, 75.33388240240728351, -27.99999999999999645 ) ) ;
#366 = CARTESIAN_POINT ( 'NONE',  ( 10.33388240241029088, 72.84109563262772724, -25.00000000000000000 ) ) ;
#367 = CARTESIAN_POINT ( 'NONE',  ( 9.482175490280084773, 79.30603693180330538, -27.99999999999999645 ) ) ;
#368 = ORIENTED_EDGE ( 'NONE', *, *, #1539, .F. ) ;
#369 = EDGE_CURVE ( 'NONE', #233, #227, #1296, .T. ) ;
#370 = DATE_TIME_ROLE ( 'creation_date' ) ;
#371 = VECTOR ( 'NONE', #2389, 1000.000000000000000 ) ;
#372 = CARTESIAN_POINT ( 'NONE',  ( 7.749999999999992895, 13.79185107387544207, -24.99999999999999645 ) ) ;
#373 = CARTESIAN_POINT ( 'NONE',  ( -16.75000000000001066, 75.53005168751853660, -24.99999999999999645 ) ) ;
#374 = VECTOR ( 'NONE', #1796, 1000.000000000000000 ) ;
#375 = CARTESIAN_POINT ( 'NONE',  ( -7.615222982181300893, 10.10665295499263827, -24.99999999999999645 ) ) ;
#376 = VECTOR ( 'NONE', #405, 1000.000000000000000 ) ;
#377 = PLANE ( 'NONE',  #2169 ) ;
#378 = ORIENTED_EDGE ( 'NONE', *, *, #2061, .F. ) ;
#379 = DIRECTION ( 'NONE',  ( 1.000000000000000000, 0.000000000000000000, -1.541976423090495387E-16 ) ) ;
#380 = EDGE_LOOP ( 'NONE', ( #2594, #454, #3008, #2414 ) ) ;
#381 = CARTESIAN_POINT ( 'NONE',  ( -11.70814892612393265, 10.75000000000000000, -27.99999999999999645 ) ) ;
#382 = DIRECTION ( 'NONE',  ( 1.000000000000000000, 0.000000000000000000, 0.000000000000000000 ) ) ;
#383 = CARTESIAN_POINT ( 'NONE',  ( -13.39699588421286869, 17.05285464761274028, -27.99999999999999645 ) ) ;
#384 = CARTESIAN_POINT ( 'NONE',  ( -11.25000000000000711, 14.24999999999999822, -24.49999999999999289 ) ) ;
#385 = CIRCLE ( 'NONE', #2107, 3.000000000000002665 ) ;
#386 = AXIS2_PLACEMENT_3D ( 'NONE', #3271, #1709, #730 ) ;
#387 = CARTESIAN_POINT ( 'NONE',  ( 9.487333571034060498, 73.19174763979327736, -25.00000000000000000 ) ) ;
#388 = CARTESIAN_POINT ( 'NONE',  ( 14.74999999999999289, 76.70814892612567348, -25.00000000000000000 ) ) ;
#389 = DIRECTION ( 'NONE',  ( -1.000000000000000000, 0.000000000000000000, 0.000000000000000000 ) ) ;
#390 = VERTEX_POINT ( 'NONE', #2171 ) ;
#391 = ORIENTED_EDGE ( 'NONE', *, *, #2282, .F. ) ;
#392 = PERSON_AND_ORGANIZATION ( #900, #1560 ) ;
#393 = CARTESIAN_POINT ( 'NONE',  ( -16.19375238158197305, 73.81298806731562934, -25.00000000000000000 ) ) ;
#394 =( BOUNDED_CURVE ( )  B_SPLINE_CURVE ( 2, ( #1773, #703, #1759 ),
 .UNSPECIFIED., .F., .F. ) 
 B_SPLINE_CURVE_WITH_KNOTS ( ( 3, 3 ),
 ( 0.000000000000000000, 1.000000000000000000 ),
 .UNSPECIFIED. ) 
 CURVE ( )  GEOMETRIC_REPRESENTATION_ITEM ( )  RATIONAL_B_SPLINE_CURVE ( ( 1.000000000000000000, 0.7071067811865473507, 1.000000000000000000 ) ) 
 REPRESENTATION_ITEM ( '' )  );
#395 = CARTESIAN_POINT ( 'NONE',  ( -5.893150279842089390, 77.68961336764306225, -24.99999999999999645 ) ) ;
#396 = DIRECTION ( 'NONE',  ( 1.000000000000000000, 0.000000000000000000, -1.541976423090495387E-16 ) ) ;
#397 = CARTESIAN_POINT ( 'NONE',  ( -15.64816763038508896, 17.63000696266693978, -24.99999999999999645 ) ) ;
#398 = CARTESIAN_POINT ( 'NONE',  ( -8.250000000000003553, 76.25000000000000000, -24.49999999999999289 ) ) ;
#399 = EDGE_LOOP ( 'NONE', ( #1125, #1886 ) ) ;
#400 = DIRECTION ( 'NONE',  ( -2.674902700537827513E-32, -1.000000000000000000, -1.734723475976807094E-16 ) ) ;
#401 = VERTEX_POINT ( 'NONE', #1865 ) ;
#402 = FACE_BOUND ( 'NONE', #1753, .T. ) ;
#403 = EDGE_CURVE ( 'NONE', #2783, #219, #1872, .T. ) ;
#404 = DIRECTION ( 'NONE',  ( -1.000000000000000000, 0.000000000000000000, 1.387778780781445676E-16 ) ) ;
#405 = DIRECTION ( 'NONE',  ( -1.000000000000000000, 0.000000000000000000, -0.000000000000000000 ) ) ;
#406 = CARTESIAN_POINT ( 'NONE',  ( 5.749999999999990230, 76.96994831248142077, -24.99999999999999645 ) ) ;
#407 = CARTESIAN_POINT ( 'NONE',  ( -9.482175490294974196, 73.19396306819662357, -27.99999999999999645 ) ) ;
#408 = VERTEX_POINT ( 'NONE', #585 ) ;
#409 = PERSON_AND_ORGANIZATION ( #900, #1560 ) ;
#410 = LINE ( 'NONE', #3221, #1311 ) ;
#411 = CARTESIAN_POINT ( 'NONE',  ( -14.75000000000001243, 76.70814892612453662, -27.99999999999999645 ) ) ;
#412 = CARTESIAN_POINT ( 'NONE',  ( 4.000000000000000888, 5.499999999999988454, -22.49999999999999289 ) ) ;
#413 = DIRECTION ( 'NONE',  ( 1.000000000000000000, 0.000000000000000000, -1.541976423090495140E-16 ) ) ;
#414 =( BOUNDED_SURFACE ( )  B_SPLINE_SURFACE ( 2, 3, ( 
 ( #1303, #1346, #3108, #301, #16, #2570, #522, #2856, #284, #31, #1065, #1049, #2087, #2070, #3092, #2616, #804, #1582, #60, #562, #2585, #1596, #2600, #317, #2410, #1115, #583, #116, #2377, #1415, #3158, #1921, #599, #3138 ),
 ( #1153, #2638, #133, #1378, #1097, #1884, #2118, #2859, #2674, #1667, #852, #2620, #2425, #836, #2894, #565, #872, #1169, #2168, #334, #2928, #1864, #387, #2873, #2391, #1618, #1134, #1852, #2188, #1632, #1364, #3194, #349, #97 ),
 ( #1350, #889, #321, #1599, #2604, #620, #3175, #1650, #2149, #2653, #637, #2364, #3123, #65, #81, #2132, #1902, #2912, #365, #1395, #691, #2765, #1514, #1707, #2967, #1748, #2729, #2481, #2709, #2510, #3003, #1435, #474, #224 ) ),
 .UNSPECIFIED., .F., .T., .T. ) 
 B_SPLINE_SURFACE_WITH_KNOTS ( ( 3, 3 ),
 ( 4, 2, 2, 2, 2, 2, 2, 2, 2, 2, 2, 2, 2, 2, 2, 2, 4 ),
 ( 0.000000000000000000, 1.000000000000000000 ),
 ( -6.283185307179586232, -5.890486225480861648, -5.497787143782137953, -5.105088062083414258, -4.712388980384689674, -4.319689898685965090, -3.926990816987241395, -3.534291735288517255, -3.141592653589793116, -2.748893571891068976, -2.356194490192344837, -1.963495408493620697, -1.570796326794896558, -1.178097245096172418, -0.7853981633974482790, -0.3926990816987241395, 0.000000000000000000 ),
 .UNSPECIFIED. ) 
 GEOMETRIC_REPRESENTATION_ITEM ( )  RATIONAL_B_SPLINE_SURFACE ( (
 ( 1.000000000000000000, 1.000000000000000000, 1.000000000000000000, 1.000000000000000000, 1.000000000000000000, 1.000000000000000000, 1.000000000000000000, 1.000000000000000000, 1.000000000000000000, 1.000000000000000000, 1.000000000000000000, 1.000000000000000000, 1.000000000000000000, 1.000000000000000000, 1.000000000000000000, 1.000000000000000000, 1.000000000000000000, 1.000000000000000000, 1.000000000000000000, 1.000000000000000000, 1.000000000000000000, 1.000000000000000000, 1.000000000000000000, 1.000000000000000000, 1.000000000000000000, 1.000000000000000000, 1.000000000000000000, 1.000000000000000000, 1.000000000000000000, 1.000000000000000000, 1.000000000000000000, 1.000000000000000000, 1.000000000000000000, 1.000000000000000000),
 ( 0.7071067811865475727, 0.7071067811865475727, 0.7071067811865475727, 0.7071067811865475727, 0.7071067811865475727, 0.7071067811865475727, 0.7071067811865475727, 0.7071067811865475727, 0.7071067811865475727, 0.7071067811865475727, 0.7071067811865475727, 0.7071067811865475727, 0.7071067811865475727, 0.7071067811865475727, 0.7071067811865474617, 0.7071067811865474617, 0.7071067811865475727, 0.7071067811865475727, 0.7071067811865475727, 0.7071067811865475727, 0.7071067811865476838, 0.7071067811865476838, 0.7071067811865475727, 0.7071067811865475727, 0.7071067811865475727, 0.7071067811865475727, 0.7071067811865475727, 0.7071067811865475727, 0.7071067811865475727, 0.7071067811865475727, 0.7071067811865475727, 0.7071067811865475727, 0.7071067811865475727, 0.7071067811865475727),
 ( 1.000000000000000000, 1.000000000000000000, 1.000000000000000000, 1.000000000000000000, 1.000000000000000000, 1.000000000000000000, 1.000000000000000000, 1.000000000000000000, 1.000000000000000000, 1.000000000000000000, 1.000000000000000000, 1.000000000000000000, 1.000000000000000000, 1.000000000000000000, 1.000000000000000000, 1.000000000000000000, 1.000000000000000000, 1.000000000000000000, 1.000000000000000000, 1.000000000000000000, 1.000000000000000000, 1.000000000000000000, 1.000000000000000000, 1.000000000000000000, 1.000000000000000000, 1.000000000000000000, 1.000000000000000000, 1.000000000000000000, 1.000000000000000000, 1.000000000000000000, 1.000000000000000000, 1.000000000000000000, 1.000000000000000000, 1.000000000000000000) ) ) 
 REPRESENTATION_ITEM ( '' )  SURFACE ( )  );
#415 = CARTESIAN_POINT ( 'NONE',  ( 7.893613262120758201, 80.62176166154513623, -24.99999999999999645 ) ) ;
#416 = EDGE_CURVE ( 'NONE', #304, #2492, #99, .T. ) ;
#417 = CARTESIAN_POINT ( 'NONE',  ( -6.878238338447265399, 79.60638673787079256, -24.99999999999999289 ) ) ;
#418 = EDGE_LOOP ( 'NONE', ( #100, #905, #866, #1813 ) ) ;
#419 = EDGE_CURVE ( 'NONE', #2734, #2289, #84, .T. ) ;
#420 = CARTESIAN_POINT ( 'NONE',  ( 4.000000000000007105, 2.499999999999988454, 22.50000000000000711 ) ) ;
#421 = CARTESIAN_POINT ( 'NONE',  ( -7.750000000000001776, 76.25000000000000000, -25.00000000000000000 ) ) ;
#422 = CARTESIAN_POINT ( 'NONE',  ( 0.000000000000000000, 0.000000000000000000, 22.00000000000000711 ) ) ;
#423 = CARTESIAN_POINT ( 'NONE',  ( 14.65890436737174873, 75.33388240241180256, -25.00000000000000000 ) ) ;
#424 = CARTESIAN_POINT ( 'NONE',  ( -12.67789625222056138, 19.57341471730724081, -25.00000000000000355 ) ) ;
#425 = VERTEX_POINT ( 'NONE', #118 ) ;
#426 = CARTESIAN_POINT ( 'NONE',  ( 1.000000000000000888, 2.499999999999988454, -22.49999999999999289 ) ) ;
#427 = COORDINATED_UNIVERSAL_TIME_OFFSET ( 1, 0, .AHEAD. ) ;
#428 = ORIENTED_EDGE ( 'NONE', *, *, #2061, .T. ) ;
#429 = CARTESIAN_POINT ( 'NONE',  ( -7.106602424764980164, 72.61517245196340298, -25.00000000000000000 ) ) ;
#430 = CARTESIAN_POINT ( 'NONE',  ( -14.04883394660869911, 78.40091352169714867, -27.99999999999999645 ) ) ;
#431 = AXIS2_PLACEMENT_3D ( 'NONE', #2133, #1379, #2676 ) ;
#432 = CARTESIAN_POINT ( 'NONE',  ( -16.75000000000001066, 76.24999999999998579, -24.99999999999999645 ) ) ;
#433 = AXIS2_PLACEMENT_3D ( 'NONE', #2292, #1549, #2091 ) ;
#434 = CARTESIAN_POINT ( 'NONE',  ( -10.53005168751868936, 19.74999999999999645, -24.99999999999999645 ) ) ;
#435 = CARTESIAN_POINT ( 'NONE',  ( 15.62176166153252055, 17.60638673789553721, -24.99999999999999289 ) ) ;
#436 = VECTOR ( 'NONE', #1239, 1000.000000000000000 ) ;
#437 = CARTESIAN_POINT ( 'NONE',  ( 5.749999999999992006, 14.24999999999998757, -24.99999999999999645 ) ) ;
#438 = ORIENTED_EDGE ( 'NONE', *, *, #2932, .F. ) ;
#439 = ORIENTED_EDGE ( 'NONE', *, *, #1039, .T. ) ;
#440 = CARTESIAN_POINT ( 'NONE',  ( 12.16611759758991163, 17.65890436737395319, -25.00000000000000000 ) ) ;
#441 = CARTESIAN_POINT ( 'NONE',  ( -14.75000000000001066, 76.70814892612453662, -25.00000000000000000 ) ) ;
#442 = LINE ( 'NONE', #2242, #2832 ) ;
#443 = CARTESIAN_POINT ( 'NONE',  ( 6.444174862534006287, 73.48009561162872672, -24.99999999999999645 ) ) ;
#444 = FACE_OUTER_BOUND ( 'NONE', #745, .T. ) ;
#445 = ORIENTED_EDGE ( 'NONE', *, *, #2021, .T. ) ;
#446 = VECTOR ( 'NONE', #1806, 1000.000000000000000 ) ;
#447 = CARTESIAN_POINT ( 'NONE',  ( -10.33909626072633969, 79.66098513679456516, -27.99999999999999645 ) ) ;
#448 = CARTESIAN_POINT ( 'NONE',  ( -10.89038668505877361, 70.74996426973147834, -24.99999999999999289 ) ) ;
#449 = CARTESIAN_POINT ( 'NONE',  ( -9.487333571034385571, 79.30825236020605473, -27.99999999999999645 ) ) ;
#450 = CIRCLE ( 'NONE', #2321, 1.500000000000001332 ) ;
#451 = CARTESIAN_POINT ( 'NONE',  ( 20.00000000000000000, 2.499999999999988454, -22.50000000000000000 ) ) ;
#452 = CARTESIAN_POINT ( 'NONE',  ( 9.477494176667022430, 19.46892247603856063, -25.00000000000000000 ) ) ;
#453 = CARTESIAN_POINT ( 'NONE',  ( -20.00000000000000711, 2.499999999999988454, -22.50000000000000000 ) ) ;
#454 = ORIENTED_EDGE ( 'NONE', *, *, #567, .F. ) ;
#455 = ORIENTED_EDGE ( 'NONE', *, *, #10, .T. ) ;
#456 = CARTESIAN_POINT ( 'NONE',  ( 14.04883394660886076, 16.40091352169759276, -25.00000000000000000 ) ) ;
#457 = APPLICATION_CONTEXT ( 'configuration controlled 3d designs of mechanical parts and assemblies' ) ;
#458 = AXIS2_PLACEMENT_3D ( 'NONE', #213, #1250, #941 ) ;
#459 = CARTESIAN_POINT ( 'NONE',  ( -6.851832369614599294, 72.86999303733338706, -24.99999999999999645 ) ) ;
#460 = CARTESIAN_POINT ( 'NONE',  ( -20.00000000000001066, 12.49999999999999645, -17.49999999999999645 ) ) ;
#461 = CARTESIAN_POINT ( 'NONE',  ( 7.749999999999991118, 75.79185107387542075, -27.99999999999999645 ) ) ;
#462 = CARTESIAN_POINT ( 'NONE',  ( -9.477466829897796430, 19.46898849695364220, -25.00000000000000000 ) ) ;
#463 = ORIENTED_EDGE ( 'NONE', *, *, #516, .F. ) ;
#464 = ADVANCED_BREP_SHAPE_REPRESENTATION ( 'Batterie adapteur', ( #722, #1124 ), #312 ) ;
#465 = CARTESIAN_POINT ( 'NONE',  ( 12.16611759758846567, 10.84109563262642695, -27.99999999999999645 ) ) ;
#466 = CARTESIAN_POINT ( 'NONE',  ( -5.750000000000001776, 76.25000000000000000, -24.99999999999999645 ) ) ;
#467 = CARTESIAN_POINT ( 'NONE',  ( -7.750000000000001776, 76.25000000000000000, -27.99999999999999645 ) ) ;
#468 = CARTESIAN_POINT ( 'NONE',  ( -7.750000000000007105, 14.25000000000000000, -24.99999999999999645 ) ) ;
#469 = CARTESIAN_POINT ( 'NONE',  ( 6.306313639333452237, 16.68698458592152178, -25.00000000000000000 ) ) ;
#470 = APPROVAL_PERSON_ORGANIZATION ( #2213, #2564, #2935 ) ;
#471 = CARTESIAN_POINT ( 'NONE',  ( 19.50000000000000000, 3.000000000000002665, 22.00000000000000711 ) ) ;
#472 = VERTEX_POINT ( 'NONE', #2621 ) ;
#473 = CARTESIAN_POINT ( 'NONE',  ( -10.33388240240999068, 79.65890436737294067, -27.99999999999999645 ) ) ;
#474 = CARTESIAN_POINT ( 'NONE',  ( 14.74999999999999467, 75.79185107387432652, -27.99999999999999645 ) ) ;
#475 = CARTESIAN_POINT ( 'NONE',  ( 7.841095632628180212, 75.33388240240728351, -27.99999999999999645 ) ) ;
#476 = CARTESIAN_POINT ( 'NONE',  ( 19.50000000000000000, 0.000000000000000000, 22.00000000000000711 ) ) ;
#477 = ORIENTED_EDGE ( 'NONE', *, *, #2998, .F. ) ;
#478 = CARTESIAN_POINT ( 'NONE',  ( 14.74999999999999467, 14.25000000000000178, -27.99999999999999645 ) ) ;
#479 = AXIS2_PLACEMENT_3D ( 'NONE', #558, #41, #842 ) ;
#480 = ORIENTED_EDGE ( 'NONE', *, *, #1919, .F. ) ;
#481 = EDGE_CURVE ( 'NONE', #2820, #953, #335, .T. ) ;
#482 = CARTESIAN_POINT ( 'NONE',  ( -7.841095632626993606, 75.33388240241180256, -25.00000000000000000 ) ) ;
#483 = EDGE_CURVE ( 'NONE', #1659, #2237, #1619, .T. ) ;
#484 = CARTESIAN_POINT ( 'NONE',  ( -14.65890436737313962, 13.33388240241046674, -27.99999999999999645 ) ) ;
#485 = VECTOR ( 'NONE', #2650, 1000.000000000000000 ) ;
#486 = CARTESIAN_POINT ( 'NONE',  ( 10.53203527260822447, 19.71455693000545750, -25.00000000000000000 ) ) ;
#487 = CARTESIAN_POINT ( 'NONE',  ( 20.00000000000001066, 72.50000000000000000, 17.50000000000000355 ) ) ;
#488 = ORIENTED_EDGE ( 'NONE', *, *, #554, .T. ) ;
#489 = VECTOR ( 'NONE', #1434, 1000.000000000000000 ) ;
#490 = CC_DESIGN_PERSON_AND_ORGANIZATION_ASSIGNMENT ( #409, #158, ( #1336 ) ) ;
#491 = CARTESIAN_POINT ( 'NONE',  ( -8.451166053391109045, 74.09908647830305028, -25.00000000000000000 ) ) ;
#492 = CARTESIAN_POINT ( 'NONE',  ( -16.60684972015786443, 15.68961336764096082, -24.99999999999999645 ) ) ;
#493 = DIRECTION ( 'NONE',  ( 1.000000000000000000, 0.000000000000000000, 0.000000000000000000 ) ) ;
#494 = DIRECTION ( 'NONE',  ( -0.000000000000000000, -0.000000000000000000, -1.000000000000000000 ) ) ;
#495 = VERTEX_POINT ( 'NONE', #1904 ) ;
#496 = CARTESIAN_POINT ( 'NONE',  ( -9.482175490289661113, 11.19396306819812281, -27.99999999999999645 ) ) ;
#497 = CARTESIAN_POINT ( 'NONE',  ( 16.19368636066907641, 11.81301541408645761, -24.99999999999999289 ) ) ;
#498 = VERTEX_POINT ( 'NONE', #3177 ) ;
#499 = DIRECTION ( 'NONE',  ( 1.000000000000000000, 0.000000000000000000, 0.000000000000000000 ) ) ;
#500 = CARTESIAN_POINT ( 'NONE',  ( -11.70814892612505886, 17.74999999999999645, -27.99999999999999645 ) ) ;
#501 = VERTEX_POINT ( 'NONE', #2914 ) ;
#502 = ORIENTED_EDGE ( 'NONE', *, *, #1075, .F. ) ;
#503 = CARTESIAN_POINT ( 'NONE',  ( -8.451166053391110822, 74.09908647830306450, -27.99999999999999645 ) ) ;
#504 = CARTESIAN_POINT ( 'NONE',  ( -6.444174862533881942, 11.48009561162456116, -24.99999999999999645 ) ) ;
#505 = ADVANCED_FACE ( 'NONE', ( #2639 ), #825, .T. ) ;
#506 = DIRECTION ( 'NONE',  ( 1.000000000000000000, 0.000000000000000000, 0.000000000000000000 ) ) ;
#507 = FACE_OUTER_BOUND ( 'NONE', #2573, .T. ) ;
#508 = CARTESIAN_POINT ( 'NONE',  ( -14.30596393964918356, 12.48199934993834148, -27.99999999999999645 ) ) ;
#509 = VERTEX_POINT ( 'NONE', #639 ) ;
#510 = PLANE ( 'NONE',  #433 ) ;
#511 = CARTESIAN_POINT ( 'NONE',  ( -14.75000000000000533, 14.24999999999999467, -27.99999999999999645 ) ) ;
#512 = CARTESIAN_POINT ( 'NONE',  ( -13.40091352169713979, 17.04883394660869556, -27.99999999999999645 ) ) ;
#513 = CARTESIAN_POINT ( 'NONE',  ( -22.50100000000000833, 72.50000000000000000, 17.50000000000001066 ) ) ;
#514 = EDGE_CURVE ( 'NONE', #640, #425, #1875, .T. ) ;
#515 = CC_DESIGN_APPROVAL ( #2564, ( #3078 ) ) ;
#516 = EDGE_CURVE ( 'NONE', #2239, #601, #990, .T. ) ;
#517 = ORIENTED_EDGE ( 'NONE', *, *, #786, .T. ) ;
#518 = CARTESIAN_POINT ( 'NONE',  ( 19.49999999999999289, 3.000000000000002665, -24.99999999999999645 ) ) ;
#519 = ADVANCED_FACE ( 'NONE', ( #854 ), #1885, .F. ) ;
#520 = CARTESIAN_POINT ( 'NONE',  ( -6.444174862533446735, 17.01990438837540154, -24.99999999999999645 ) ) ;
#521 = ORIENTED_EDGE ( 'NONE', *, *, #419, .T. ) ;
#522 = CARTESIAN_POINT ( 'NONE',  ( 14.01990438837540864, 81.05582513746561801, -24.99999999999999645 ) ) ;
#523 = CARTESIAN_POINT ( 'NONE',  ( -13.39689282069589993, 73.44724841591130371, -27.99999999999999645 ) ) ;
#524 = CARTESIAN_POINT ( 'NONE',  ( 16.74999999999999289, 76.25000000000000000, -24.99999999999999645 ) ) ;
#525 = CARTESIAN_POINT ( 'NONE',  ( 9.103107179305139240, 11.44724841590952735, -27.99999999999999645 ) ) ;
#526 = FACE_OUTER_BOUND ( 'NONE', #2221, .T. ) ;
#527 = CARTESIAN_POINT ( 'NONE',  ( -8.480095611622477492, 9.444174862534330472, -24.99999999999999645 ) ) ;
#528 = PLANE ( 'NONE',  #2937 ) ;
#529 = ORIENTED_EDGE ( 'NONE', *, *, #1592, .F. ) ;
#530 = DIRECTION ( 'NONE',  ( 0.000000000000000000, 0.000000000000000000, -1.000000000000000000 ) ) ;
#531 = DIRECTION ( 'NONE',  ( -1.387778780781445676E-16, 0.000000000000000000, -1.000000000000000000 ) ) ;
#532 = AXIS2_PLACEMENT_3D ( 'NONE', #2807, #2315, #1566 ) ;
#533 = DIRECTION ( 'NONE',  ( 1.541976423090495387E-16, 0.000000000000000000, 1.000000000000000000 ) ) ;
#534 = LINE ( 'NONE', #1569, #2759 ) ;
#535 = AXIS2_PLACEMENT_3D ( 'NONE', #904, #1935, #1683 ) ;
#536 = CARTESIAN_POINT ( 'NONE',  ( -7.750000000000001776, 76.25000000000000000, -27.99999999999999645 ) ) ;
#537 = AXIS2_PLACEMENT_3D ( 'NONE', #1243, #2255, #3268 ) ;
#538 = CARTESIAN_POINT ( 'NONE',  ( 16.71466194122024618, 13.53220140304055974, -24.99999999999998934 ) ) ;
#539 = CARTESIAN_POINT ( 'NONE',  ( -7.750000000000001776, 76.25000000000000000, -24.99999999999999289 ) ) ;
#540 = CARTESIAN_POINT ( 'NONE',  ( -13.40091352169714334, 11.45116605339130444, -27.99999999999999645 ) ) ;
#541 = CARTESIAN_POINT ( 'NONE',  ( 9.810386632359028525, 8.893150279842144457, -24.99999999999999645 ) ) ;
#542 = CARTESIAN_POINT ( 'NONE',  ( 10.79185107387431586, 17.75000000000000000, -25.00000000000000000 ) ) ;
#543 = CARTESIAN_POINT ( 'NONE',  ( -16.75000000000000711, 14.24999999999998579, -24.99999999999999645 ) ) ;
#544 = CARTESIAN_POINT ( 'NONE',  ( -14.65890436737349667, 75.33388240241131939, -27.99999999999999645 ) ) ;
#545 = CARTESIAN_POINT ( 'NONE',  ( -16.60684972015786798, 12.81038663235904984, -24.99999999999999645 ) ) ;
#546 = CARTESIAN_POINT ( 'NONE',  ( 10.33909626073633170, 72.83901486319545882, -27.99999999999999645 ) ) ;
#547 = CARTESIAN_POINT ( 'NONE',  ( -14.05285464760994785, 74.10300411578286628, -27.99999999999999645 ) ) ;
#548 = CARTESIAN_POINT ( 'NONE',  ( -17.00000000000000000, 5.499999999999988454, 22.50000000000000000 ) ) ;
#549 = ORIENTED_EDGE ( 'NONE', *, *, #1461, .F. ) ;
#550 = AXIS2_PLACEMENT_3D ( 'NONE', #319, #2116, #2870 ) ;
#551 = CARTESIAN_POINT ( 'NONE',  ( 6.306247618409028810, 11.81298806733189544, -25.00000000000000355 ) ) ;
#552 = DIRECTION ( 'NONE',  ( -1.000000000000000000, 0.000000000000000000, 1.204669080539449344E-16 ) ) ;
#553 = EDGE_CURVE ( 'NONE', #712, #3198, #2876, .T. ) ;
#554 = EDGE_CURVE ( 'NONE', #2906, #1839, #115, .T. ) ;
#555 = DIRECTION ( 'NONE',  ( 0.000000000000000000, 1.000000000000000000, 0.000000000000000000 ) ) ;
#556 = CARTESIAN_POINT ( 'NONE',  ( 13.40091352169728545, 17.04883394660854634, -27.99999999999999645 ) ) ;
#557 = CARTESIAN_POINT ( 'NONE',  ( 16.60684972015727823, 15.68961336764057535, -24.99999999999999645 ) ) ;
#558 = CARTESIAN_POINT ( 'NONE',  ( -19.50000000000000000, 87.50000000000000000, 22.00000000000000711 ) ) ;
#559 = CARTESIAN_POINT ( 'NONE',  ( -12.16611759759071276, 79.65890436737265645, -27.99999999999999645 ) ) ;
#560 = CARTESIAN_POINT ( 'NONE',  ( -10.33388240241153433, 10.84109563262642340, -27.99999999999999645 ) ) ;
#561 = ORIENTED_EDGE ( 'NONE', *, *, #1271, .F. ) ;
#562 = CARTESIAN_POINT ( 'NONE',  ( 6.444174862534006287, 73.48009561162872672, -24.99999999999999645 ) ) ;
#563 = DIRECTION ( 'NONE',  ( -0.000000000000000000, -0.000000000000000000, 1.000000000000000000 ) ) ;
#564 = CARTESIAN_POINT ( 'NONE',  ( -22.50000000000000711, 87.50000000000000000, -22.00000000000000000 ) ) ;
#565 = CARTESIAN_POINT ( 'NONE',  ( 7.841095632626468692, 77.16611759758846745, -24.99999999999999645 ) ) ;
#566 = CARTESIAN_POINT ( 'NONE',  ( 14.74992712308538678, 76.71376217909767092, -28.00000000000000000 ) ) ;
#567 = EDGE_CURVE ( 'NONE', #3257, #2783, #3044, .T. ) ;
#568 = CARTESIAN_POINT ( 'NONE',  ( -9.099086478303064496, 11.45116605339110727, -27.99999999999999645 ) ) ;
#569 = CARTESIAN_POINT ( 'NONE',  ( 14.30825236020536906, 12.48733357103319008, -25.00000000000000000 ) ) ;
#570 = EDGE_CURVE ( 'NONE', #2839, #601, #3217, .T. ) ;
#571 = CARTESIAN_POINT ( 'NONE',  ( 14.30825236020629632, 16.01266642896571213, -25.00000000000000000 ) ) ;
#572 = CARTESIAN_POINT ( 'NONE',  ( 16.74999999999999289, 76.25000000000000000, -24.99999999999999645 ) ) ;
#573 = VECTOR ( 'NONE', #3127, 1000.000000000000000 ) ;
#574 = FACE_OUTER_BOUND ( 'NONE', #698, .T. ) ;
#575 = CARTESIAN_POINT ( 'NONE',  ( -12.16611759758954747, 10.84109563262686393, -27.99999999999999645 ) ) ;
#576 = CARTESIAN_POINT ( 'NONE',  ( 11.24999999999999289, 14.25000000000000178, -22.49999999999999289 ) ) ;
#577 = AXIS2_PLACEMENT_3D ( 'NONE', #293, #261, #2314 ) ;
#578 = CC_DESIGN_DATE_AND_TIME_ASSIGNMENT ( #1193, #895, ( #3078 ) ) ;
#579 = CARTESIAN_POINT ( 'NONE',  ( -22.50000000000000711, 87.50000000000000000, -24.99999999999999645 ) ) ;
#580 = VECTOR ( 'NONE', #2337, 1000.000000000000000 ) ;
#581 = LINE ( 'NONE', #2558, #1195 ) ;
#582 = AXIS2_PLACEMENT_3D ( 'NONE', #384, #150, #653 ) ;
#583 = CARTESIAN_POINT ( 'NONE',  ( 12.68961336763907788, 70.89315027984213202, -24.99999999999999645 ) ) ;
#584 = CIRCLE ( 'NONE', #1465, 3.000000000000002665 ) ;
#585 = CARTESIAN_POINT ( 'NONE',  ( -14.25000000000000888, 76.25000000000000000, -24.49999999999999289 ) ) ;
#586 = CARTESIAN_POINT ( 'NONE',  ( -7.750000000000007105, 14.24999999999999822, -27.99999999999999645 ) ) ;
#587 = CARTESIAN_POINT ( 'NONE',  ( 8.191747639794117575, 12.48733357103391661, -27.99999999999999645 ) ) ;
#588 = LINE ( 'NONE', #2123, #291 ) ;
#589 = CARTESIAN_POINT ( 'NONE',  ( 16.60684972015802430, 12.81038663235945485, -24.99999999999999645 ) ) ;
#590 = LINE ( 'NONE', #341, #1241 ) ;
#591 = CARTESIAN_POINT ( 'NONE',  ( 13.02253317010003464, 81.46898849695894285, -24.99999999999999645 ) ) ;
#592 = DIRECTION ( 'NONE',  ( 1.000000000000000000, 0.000000000000000000, 0.000000000000000000 ) ) ;
#593 = CARTESIAN_POINT ( 'NONE',  ( -7.841095632626975842, 15.16611759758978373, -27.99999999999999645 ) ) ;
#594 = CARTESIAN_POINT ( 'NONE',  ( -9.482119712713039661, 17.30617159078091305, -27.99999999999999645 ) ) ;
#595 = AXIS2_PLACEMENT_3D ( 'NONE', #2795, #2810, #506 ) ;
#596 = FACE_OUTER_BOUND ( 'NONE', #359, .T. ) ;
#597 = LINE ( 'NONE', #96, #3266 ) ;
#598 = ADVANCED_FACE ( 'NONE', ( #444 ), #154, .T. ) ;
#599 = CARTESIAN_POINT ( 'NONE',  ( 16.74999999999999289, 75.53005168751680287, -24.99999999999999645 ) ) ;
#600 = CARTESIAN_POINT ( 'NONE',  ( 7.749999999999990230, 76.24999999999998579, -27.99999999999999645 ) ) ;
#601 = VERTEX_POINT ( 'NONE', #476 ) ;
#602 =( BOUNDED_SURFACE ( )  B_SPLINE_SURFACE ( 2, 3, ( 
 ( #644, #1677, #2262, #1249, #993, #2501, #3274, #212, #3216, #911, #656, #951, #673, #891, #3195, #1940, #406, #1708, #1135, #443, #1154, #1903, #2913, #1416, #2170, #1729, #1437, #931, #2948, #638, #152, #621, #2150, #3176 ),
 ( #2675, #388, #2984, #98, #2710, #2225, #1187, #1651, #693, #1668, #2730, #2654, #2411, #1396, #1922, #2442, #1208, #2392, #2426, #3159, #1690, #2693, #2208, #366, #117, #873, #134, #1976, #2929, #1170, #2189, #423, #1957, #2968 ),
 ( #1456, #2464, #175, #3233, #761, #2275, #3064, #1002, #710, #1515, #1750, #2482, #2301, #1288, #2766, #2256, #2055, #461, #475, #196, #2781, #776, #1794, #3270, #2543, #1499, #1, #2497, #2026, #1244, #743, #1481, #1805, #2512 ) ),
 .UNSPECIFIED., .F., .T., .T. ) 
 B_SPLINE_SURFACE_WITH_KNOTS ( ( 3, 3 ),
 ( 4, 2, 2, 2, 2, 2, 2, 2, 2, 2, 2, 2, 2, 2, 2, 2, 4 ),
 ( 0.000000000000000000, 1.000000000000000000 ),
 ( -6.283185307179586232, -5.890486225480861648, -5.497787143782137953, -5.105088062083414258, -4.712388980384689674, -4.319689898685965090, -3.926990816987241395, -3.534291735288517255, -3.141592653589793116, -2.748893571891068976, -2.356194490192344837, -1.963495408493620697, -1.570796326794896558, -1.178097245096172418, -0.7853981633974482790, -0.3926990816987241395, 0.000000000000000000 ),
 .UNSPECIFIED. ) 
 GEOMETRIC_REPRESENTATION_ITEM ( )  RATIONAL_B_SPLINE_SURFACE ( (
 ( 1.000000000000000000, 1.000000000000000000, 1.000000000000000000, 1.000000000000000000, 1.000000000000000000, 1.000000000000000000, 1.000000000000000000, 1.000000000000000000, 1.000000000000000000, 1.000000000000000000, 1.000000000000000000, 1.000000000000000000, 1.000000000000000000, 1.000000000000000000, 1.000000000000000000, 1.000000000000000000, 1.000000000000000000, 1.000000000000000000, 1.000000000000000000, 1.000000000000000000, 1.000000000000000000, 1.000000000000000000, 1.000000000000000000, 1.000000000000000000, 1.000000000000000000, 1.000000000000000000, 1.000000000000000000, 1.000000000000000000, 1.000000000000000000, 1.000000000000000000, 1.000000000000000000, 1.000000000000000000, 1.000000000000000000, 1.000000000000000000),
 ( 0.7071067811865475727, 0.7071067811865475727, 0.7071067811865475727, 0.7071067811865475727, 0.7071067811865475727, 0.7071067811865475727, 0.7071067811865475727, 0.7071067811865475727, 0.7071067811865475727, 0.7071067811865475727, 0.7071067811865475727, 0.7071067811865475727, 0.7071067811865475727, 0.7071067811865475727, 0.7071067811865474617, 0.7071067811865474617, 0.7071067811865475727, 0.7071067811865475727, 0.7071067811865475727, 0.7071067811865475727, 0.7071067811865476838, 0.7071067811865476838, 0.7071067811865475727, 0.7071067811865475727, 0.7071067811865475727, 0.7071067811865475727, 0.7071067811865475727, 0.7071067811865475727, 0.7071067811865475727, 0.7071067811865475727, 0.7071067811865475727, 0.7071067811865475727, 0.7071067811865475727, 0.7071067811865475727),
 ( 1.000000000000000000, 1.000000000000000000, 1.000000000000000000, 1.000000000000000000, 1.000000000000000000, 1.000000000000000000, 1.000000000000000000, 1.000000000000000000, 1.000000000000000000, 1.000000000000000000, 1.000000000000000000, 1.000000000000000000, 1.000000000000000000, 1.000000000000000000, 1.000000000000000000, 1.000000000000000000, 1.000000000000000000, 1.000000000000000000, 1.000000000000000000, 1.000000000000000000, 1.000000000000000000, 1.000000000000000000, 1.000000000000000000, 1.000000000000000000, 1.000000000000000000, 1.000000000000000000, 1.000000000000000000, 1.000000000000000000, 1.000000000000000000, 1.000000000000000000, 1.000000000000000000, 1.000000000000000000, 1.000000000000000000, 1.000000000000000000) ) ) 
 REPRESENTATION_ITEM ( '' )  SURFACE ( )  );
#603 = DATE_AND_TIME ( #1157, #748 ) ;
#604 = LINE ( 'NONE', #2851, #1186 ) ;
#605 = CARTESIAN_POINT ( 'NONE',  ( -14.04883394660869911, 78.40091352169713446, -25.00000000000000000 ) ) ;
#606 = VECTOR ( 'NONE', #125, 1000.000000000000000 ) ;
#607 = EDGE_CURVE ( 'NONE', #390, #1190, #1458, .T. ) ;
#608 = CARTESIAN_POINT ( 'NONE',  ( 13.40091352169697103, 17.04883394660823370, -25.00000000000000000 ) ) ;
#609 = CARTESIAN_POINT ( 'NONE',  ( 15.39339757523945806, 72.61517245196782255, -25.00000000000000000 ) ) ;
#610 = ORIENTED_EDGE ( 'NONE', *, *, #1426, .F. ) ;
#611 = EDGE_CURVE ( 'NONE', #2064, #1980, #1941, .T. ) ;
#612 = DIRECTION ( 'NONE',  ( 0.000000000000000000, -1.000000000000000000, -5.782411586589357392E-17 ) ) ;
#613 = ORIENTED_EDGE ( 'NONE', *, *, #615, .F. ) ;
#614 = CARTESIAN_POINT ( 'NONE',  ( -13.01266642896656478, 11.19174763979451726, -25.00000000000000000 ) ) ;
#615 = EDGE_CURVE ( 'NONE', #2670, #64, #714, .T. ) ;
#616 = CARTESIAN_POINT ( 'NONE',  ( -20.00000000000000711, 2.499999999999988454, -22.50000000000000000 ) ) ;
#617 = CARTESIAN_POINT ( 'NONE',  ( -22.50000000000000000, 87.50000000000000000, 25.00000000000000355 ) ) ;
#618 = EDGE_CURVE ( 'NONE', #2769, #1932, #136, .T. ) ;
#619 = LINE ( 'NONE', #1112, #1460 ) ;
#620 = CARTESIAN_POINT ( 'NONE',  ( 13.40091352169666017, 79.04883394660916451, -27.99999999999999645 ) ) ;
#621 = CARTESIAN_POINT ( 'NONE',  ( 16.60684972015677374, 74.81038663236070363, -24.99999999999999645 ) ) ;
#622 = DIRECTION ( 'NONE',  ( 1.000000000000000000, 0.000000000000000000, -0.000000000000000000 ) ) ;
#623 = ORIENTED_EDGE ( 'NONE', *, *, #978, .F. ) ;
#624 = CARTESIAN_POINT ( 'NONE',  ( 8.191747639794122904, 16.01266642896609582, -27.99999999999999645 ) ) ;
#625 = CARTESIAN_POINT ( 'NONE',  ( -9.487333571034286095, 79.30825236020629632, -25.00000000000000000 ) ) ;
#626 = CARTESIAN_POINT ( 'NONE',  ( -16.05582513746630013, 11.48009561162497505, -24.99999999999999645 ) ) ;
#627 = CARTESIAN_POINT ( 'NONE',  ( 7.106602424776713001, 79.88482754805643538, -24.99999999999999645 ) ) ;
#628 = ORIENTED_EDGE ( 'NONE', *, *, #3283, .T. ) ;
#629 = PLANE ( 'NONE',  #1998 ) ;
#630 = ORIENTED_EDGE ( 'NONE', *, *, #2953, .T. ) ;
#631 = CC_DESIGN_APPROVAL ( #793, ( #1635 ) ) ;
#632 = CARTESIAN_POINT ( 'NONE',  ( -13.40091352169714334, 11.45116605339130444, -27.99999999999999645 ) ) ;
#633 = CARTESIAN_POINT ( 'NONE',  ( 12.74999999999999467, 76.25000000000000000, 25.00100000000000833 ) ) ;
#634 = ADVANCED_FACE ( 'NONE', ( #2071 ), #1583, .F. ) ;
#635 = CARTESIAN_POINT ( 'NONE',  ( 9.103004115784628425, 17.05285464761170999, -27.99999999999999645 ) ) ;
#636 = DIRECTION ( 'NONE',  ( -0.000000000000000000, -1.000000000000000000, -0.000000000000000000 ) ) ;
#637 = CARTESIAN_POINT ( 'NONE',  ( 10.33388240240998535, 79.65890436737294067, -27.99999999999999645 ) ) ;
#638 = CARTESIAN_POINT ( 'NONE',  ( 15.64816763038539804, 72.86999303733338706, -24.99999999999999645 ) ) ;
#639 = CARTESIAN_POINT ( 'NONE',  ( -12.75000000000000711, 14.24999999999999822, -24.49999999999999289 ) ) ;
#640 = VERTEX_POINT ( 'NONE', #2056 ) ;
#641 = ORIENTED_EDGE ( 'NONE', *, *, #2806, .T. ) ;
#642 = ORIENTED_EDGE ( 'NONE', *, *, #1539, .T. ) ;
#643 = AXIS2_PLACEMENT_3D ( 'NONE', #2966, #2673, #404 ) ;
#644 = CARTESIAN_POINT ( 'NONE',  ( 16.74999999999999289, 76.25000000000000000, -24.99999999999999645 ) ) ;
#645 = DIRECTION ( 'NONE',  ( -0.000000000000000000, -0.000000000000000000, 1.000000000000000000 ) ) ;
#646 = DIRECTION ( 'NONE',  ( -1.541976423090495387E-16, 0.000000000000000000, -1.000000000000000000 ) ) ;
#647 = CARTESIAN_POINT ( 'NONE',  ( -12.68961336764057890, 19.60684972015728533, -24.99999999999999645 ) ) ;
#648 = CARTESIAN_POINT ( 'NONE',  ( 20.00000000000000355, 72.50000000000000000, 17.50000000000000355 ) ) ;
#649 = ORIENTED_EDGE ( 'NONE', *, *, #567, .T. ) ;
#650 = CARTESIAN_POINT ( 'NONE',  ( 17.00000000000000355, 5.499999999999988454, -2.621359919253842577E-15 ) ) ;
#651 = ORIENTED_EDGE ( 'NONE', *, *, #1526, .T. ) ;
#652 = CARTESIAN_POINT ( 'NONE',  ( -8.193963068198131694, 16.01782450971034422, -27.99999999999999289 ) ) ;
#653 = DIRECTION ( 'NONE',  ( 1.000000000000000000, 0.000000000000000000, -0.000000000000000000 ) ) ;
#654 = CIRCLE ( 'NONE', #2523, 1.500000000000001332 ) ;
#655 = CARTESIAN_POINT ( 'NONE',  ( -19.99999999999999645, 72.50000000000000000, 17.50000000000000355 ) ) ;
#656 = CARTESIAN_POINT ( 'NONE',  ( 9.810386632358794046, 81.60684972015853589, -24.99999999999999645 ) ) ;
#657 = DIRECTION ( 'NONE',  ( -0.000000000000000000, -0.000000000000000000, -1.000000000000000000 ) ) ;
#658 = VERTEX_POINT ( 'NONE', #1066 ) ;
#659 = PERSON_AND_ORGANIZATION ( #900, #1560 ) ;
#660 = EDGE_LOOP ( 'NONE', ( #146, #2478 ) ) ;
#661 = LINE ( 'NONE', #2936, #1625 ) ;
#662 = CARTESIAN_POINT ( 'NONE',  ( -13.01266642896491987, 79.30825236020636737, -27.99999999999999645 ) ) ;
#663 = CARTESIAN_POINT ( 'NONE',  ( -7.749927123085397440, 13.78623782090305383, -27.99999999999999289 ) ) ;
#664 = EDGE_CURVE ( 'NONE', #1744, #1972, #1408, .T. ) ;
#665 = CYLINDRICAL_SURFACE ( 'NONE', #1511, 1.500000000000001332 ) ;
#666 = CARTESIAN_POINT ( 'NONE',  ( 9.477494176628836087, 81.46892247601810766, -25.00000000000000000 ) ) ;
#667 = CARTESIAN_POINT ( 'NONE',  ( -6.306247618410147915, 78.68701193266805660, -24.99999999999999289 ) ) ;
#668 = ORIENTED_EDGE ( 'NONE', *, *, #2527, .F. ) ;
#669 = CARTESIAN_POINT ( 'NONE',  ( -22.50000000000000711, 87.50000000000000000, -24.99999999999999645 ) ) ;
#670 = VERTEX_POINT ( 'NONE', #1289 ) ;
#671 = PLANE ( 'NONE',  #582 ) ;
#672 = DIRECTION ( 'NONE',  ( -1.541976423090495140E-16, 0.000000000000000000, -1.000000000000000000 ) ) ;
#673 = CARTESIAN_POINT ( 'NONE',  ( 7.869993037333067321, 80.64816763038510317, -24.99999999999999645 ) ) ;
#674 = CARTESIAN_POINT ( 'NONE',  ( -15.62170298876941743, 17.60634753401719976, -25.00000000000000000 ) ) ;
#675 = VERTEX_POINT ( 'NONE', #2811 ) ;
#676 = CARTESIAN_POINT ( 'NONE',  ( 14.04883394660888740, 12.09908647830306450, -27.99999999999999645 ) ) ;
#677 = EDGE_CURVE ( 'NONE', #316, #390, #2276, .T. ) ;
#678 = APPROVAL_STATUS ( 'not_yet_approved' ) ;
#679 = ORIENTED_EDGE ( 'NONE', *, *, #2993, .F. ) ;
#680 = CARTESIAN_POINT ( 'NONE',  ( -7.615222982182998201, 72.10665295498459670, -24.99999999999999645 ) ) ;
#681 = CARTESIAN_POINT ( 'NONE',  ( -8.191747639794000335, 74.48733357103255059, -25.00000000000000000 ) ) ;
#682 = DIRECTION ( 'NONE',  ( -0.000000000000000000, -0.000000000000000000, -1.000000000000000000 ) ) ;
#683 = CARTESIAN_POINT ( 'NONE',  ( 11.96797849395698243, 19.71462613925191576, -24.99999999999999289 ) ) ;
#684 = EDGE_CURVE ( 'NONE', #351, #2920, #1034, .T. ) ;
#685 = FACE_OUTER_BOUND ( 'NONE', #2345, .T. ) ;
#686 = ORIENTED_EDGE ( 'NONE', *, *, #2299, .F. ) ;
#687 = VERTEX_POINT ( 'NONE', #1837 ) ;
#688 = CARTESIAN_POINT ( 'NONE',  ( 7.869993037333063768, 9.851832369614909268, -24.99999999999999645 ) ) ;
#689 = ORIENTED_EDGE ( 'NONE', *, *, #727, .T. ) ;
#690 = CARTESIAN_POINT ( 'NONE',  ( -10.53005168751919030, 70.75000000000000000, -24.99999999999999645 ) ) ;
#691 = CARTESIAN_POINT ( 'NONE',  ( 8.451166053391299116, 74.09908647830285133, -27.99999999999999645 ) ) ;
#692 = VERTEX_POINT ( 'NONE', #1819 ) ;
#693 = CARTESIAN_POINT ( 'NONE',  ( 11.70814892612565750, 79.75000000000000000, -25.00000000000000000 ) ) ;
#694 = AXIS2_PLACEMENT_3D ( 'NONE', #1591, #356, #73 ) ;
#695 = CARTESIAN_POINT ( 'NONE',  ( -16.57334550807190610, 15.67788248563138609, -24.99999999999999645 ) ) ;
#696 = EDGE_LOOP ( 'NONE', ( #159, #2763, #1278, #2428 ) ) ;
#697 = CARTESIAN_POINT ( 'NONE',  ( 8.191747639794122904, 16.01266642896609582, -27.99999999999999645 ) ) ;
#698 = EDGE_LOOP ( 'NONE', ( #3101, #2277, #521, #190 ) ) ;
#699 = CARTESIAN_POINT ( 'NONE',  ( -19.50000000000000000, 3.000000000000002665, 25.00000000000000355 ) ) ;
#700 = CARTESIAN_POINT ( 'NONE',  ( -14.30825236020612046, 74.48733357103283481, -25.00000000000000000 ) ) ;
#701 = AXIS2_PLACEMENT_3D ( 'NONE', #2854, #1593, #2113 ) ;
#702 = CARTESIAN_POINT ( 'NONE',  ( -8.812988067320194574, 9.306247618415319778, -24.99999999999999645 ) ) ;
#703 = CARTESIAN_POINT ( 'NONE',  ( 7.749999999999992895, 14.24999999999999467, -24.99999999999999289 ) ) ;
#704 = VECTOR ( 'NONE', #3211, 1000.000000000000000 ) ;
#705 = LINE ( 'NONE', #487, #2404 ) ;
#706 = ORIENTED_EDGE ( 'NONE', *, *, #2180, .T. ) ;
#707 = CARTESIAN_POINT ( 'NONE',  ( 10.53005168751865916, 19.75000000000000355, -24.99999999999999645 ) ) ;
#708 = CARTESIAN_POINT ( 'NONE',  ( -9.487333571034286095, 79.30825236020629632, -25.00000000000000000 ) ) ;
#709 = CARTESIAN_POINT ( 'NONE',  ( 0.000000000000000000, 87.50000000000000000, 0.000000000000000000 ) ) ;
#710 = CARTESIAN_POINT ( 'NONE',  ( 11.70814892612503400, 79.75000000000000000, -27.99999999999999645 ) ) ;
#711 = CARTESIAN_POINT ( 'NONE',  ( -14.60638673787982000, 18.62176166154534585, -25.00000000000000355 ) ) ;
#712 = VERTEX_POINT ( 'NONE', #2529 ) ;
#713 = EDGE_LOOP ( 'NONE', ( #724, #2798, #992, #3280 ) ) ;
#714 = CIRCLE ( 'NONE', #386, 3.000000000000000888 ) ;
#715 = CARTESIAN_POINT ( 'NONE',  ( 14.65890436737323554, 13.33388240241072431, -27.99999999999999645 ) ) ;
#716 = ORIENTED_EDGE ( 'NONE', *, *, #1787, .T. ) ;
#717 = CARTESIAN_POINT ( 'NONE',  ( -14.00454752290641736, 71.47610223155119513, -25.00000000000000355 ) ) ;
#718 = CARTESIAN_POINT ( 'NONE',  ( -9.099086478301463998, 79.04883394660728868, -27.99999999999999645 ) ) ;
#719 = AXIS2_PLACEMENT_3D ( 'NONE', #1881, #2823, #1615 ) ;
#720 = CARTESIAN_POINT ( 'NONE',  ( -14.65890436737290514, 15.16611759758970202, -25.00000000000000000 ) ) ;
#721 = CARTESIAN_POINT ( 'NONE',  ( 5.749999999999992006, 14.24999999999998757, -24.99999999999999645 ) ) ;
#722 = MANIFOLD_SOLID_BREP ( 'Enl\X2\00e8\X0\v. mat.-Extru.15', #22 ) ;
#723 = CARTESIAN_POINT ( 'NONE',  ( 22.50100000000000122, 72.50000000000000000, -17.50000000000000355 ) ) ;
#724 = ORIENTED_EDGE ( 'NONE', *, *, #2324, .F. ) ;
#725 = VERTEX_POINT ( 'NONE', #1003 ) ;
#726 = CARTESIAN_POINT ( 'NONE',  ( -8.191747639794945357, 78.01266642896320036, -25.00000000000000000 ) ) ;
#727 = EDGE_CURVE ( 'NONE', #1190, #1732, #2842, .T. ) ;
#728 = CARTESIAN_POINT ( 'NONE',  ( -22.50000000000000711, 87.50000000000000000, -24.99999999999999645 ) ) ;
#729 = PLANE ( 'NONE',  #3013 ) ;
#730 = DIRECTION ( 'NONE',  ( 1.000000000000000000, 0.000000000000000000, 0.000000000000000000 ) ) ;
#731 = EDGE_CURVE ( 'NONE', #1165, #472, #278, .T. ) ;
#732 = ORIENTED_EDGE ( 'NONE', *, *, #1483, .F. ) ;
#733 = EDGE_LOOP ( 'NONE', ( #2524, #170, #295, #204 ) ) ;
#734 = CARTESIAN_POINT ( 'NONE',  ( 10.79185107387494114, 17.75000000000000355, -27.99999999999999645 ) ) ;
#735 = DIRECTION ( 'NONE',  ( 0.000000000000000000, 0.000000000000000000, 1.000000000000000000 ) ) ;
#736 = CARTESIAN_POINT ( 'NONE',  ( -14.30825236020596769, 16.01266642896587200, -27.99999999999999645 ) ) ;
#737 = CARTESIAN_POINT ( 'NONE',  ( 13.68698458591581257, 19.19368636066988998, -25.00000000000000000 ) ) ;
#738 = CARTESIAN_POINT ( 'NONE',  ( -9.822117514362608048, 81.57334550807460971, -25.00000000000000000 ) ) ;
#739 = EDGE_LOOP ( 'NONE', ( #2403, #1736, #2484, #2177, #1108, #2468 ) ) ;
#740 = VERTEX_POINT ( 'NONE', #1557 ) ;
#741 = CARTESIAN_POINT ( 'NONE',  ( -10.79185107387670328, 72.74999999999998579, -25.00000000000000000 ) ) ;
#742 = CARTESIAN_POINT ( 'NONE',  ( -9.810386632361547399, 8.893150279841515626, -24.99999999999999645 ) ) ;
#743 = CARTESIAN_POINT ( 'NONE',  ( 14.30825236020559110, 74.48733357103323272, -27.99999999999999645 ) ) ;
#744 = DIRECTION ( 'NONE',  ( -1.541976423090495387E-16, 0.000000000000000000, -1.000000000000000000 ) ) ;
#745 = EDGE_LOOP ( 'NONE', ( #3212, #3170, #2436, #1548 ) ) ;
#746 = CARTESIAN_POINT ( 'NONE',  ( -9.103004115783393857, 11.44714535238954056, -27.99999999999999645 ) ) ;
#747 = CARTESIAN_POINT ( 'NONE',  ( -13.39699588421786558, 79.05285464760923730, -27.99999999999999645 ) ) ;
#748 = LOCAL_TIME ( 12, 29, 33.00000000000000000, #1962 ) ;
#749 = CARTESIAN_POINT ( 'NONE',  ( 1.000000000000000888, 2.499999999999988454, -22.49999999999999289 ) ) ;
#750 = CARTESIAN_POINT ( 'NONE',  ( -9.099086478303066272, 11.45116605339110905, -24.99999999999999645 ) ) ;
#751 = EDGE_LOOP ( 'NONE', ( #623, #2723, #988, #2979 ) ) ;
#752 = CIRCLE ( 'NONE', #577, 3.000000000000002665 ) ;
#753 = AXIS2_PLACEMENT_3D ( 'NONE', #3082, #50, #499 ) ;
#754 = CARTESIAN_POINT ( 'NONE',  ( -11.60961331491681925, 81.75003573026850745, -24.99999999999999289 ) ) ;
#755 = EDGE_CURVE ( 'NONE', #2920, #2800, #3032, .T. ) ;
#756 = VERTEX_POINT ( 'NONE', #1015 ) ;
#757 = EDGE_LOOP ( 'NONE', ( #2695, #300, #922, #2713 ) ) ;
#758 = VECTOR ( 'NONE', #1851, 1000.000000000000000 ) ;
#759 = CARTESIAN_POINT ( 'NONE',  ( -14.04883394660870444, 74.09908647830285133, -24.99999999999999645 ) ) ;
#760 = DIRECTION ( 'NONE',  ( 0.000000000000000000, 0.000000000000000000, 1.000000000000000000 ) ) ;
#761 = CARTESIAN_POINT ( 'NONE',  ( 14.04883394660917162, 78.40091352169665129, -27.99999999999999645 ) ) ;
#762 = CARTESIAN_POINT ( 'NONE',  ( -14.66119278792984026, 75.33921662350530823, -27.99999999999999645 ) ) ;
#763 = ORIENTED_EDGE ( 'NONE', *, *, #1770, .F. ) ;
#764 = PLANE ( 'NONE',  #3209 ) ;
#765 = ORIENTED_EDGE ( 'NONE', *, *, #75, .T. ) ;
#766 = FACE_OUTER_BOUND ( 'NONE', #1132, .T. ) ;
#767 = CARTESIAN_POINT ( 'NONE',  ( 0.000000000000000000, 2.499999999999988454, 0.000000000000000000 ) ) ;
#768 = CARTESIAN_POINT ( 'NONE',  ( -13.40091352169713979, 17.04883394660869911, -25.00000000000000000 ) ) ;
#769 = EDGE_CURVE ( 'NONE', #1210, #1676, #791, .T. ) ;
#770 = CARTESIAN_POINT ( 'NONE',  ( 16.74999999999999289, 13.53005168751867870, -24.99999999999999645 ) ) ;
#771 = EDGE_CURVE ( 'NONE', #2289, #1659, #2824, .T. ) ;
#772 = PLANE ( 'NONE',  #803 ) ;
#773 = B_SPLINE_CURVE_WITH_KNOTS ( 'NONE', 3,
 ( #2774, #2238, #1986, #1472, #3248, #667, #2267, #417, #1701, #2705, #998, #2019, #1448, #3026, #738, #3041, #1010, #754, #2035, #2283, #3291, #2532, #3223, #901, #3206, #1782, #920, #3300, #2975, #1018, #2683, #3052, #255, #432 ),
 .UNSPECIFIED., .F., .F.,
 ( 4, 2, 2, 2, 2, 2, 2, 2, 2, 2, 2, 2, 2, 2, 2, 2, 4 ),
 ( 0.000000000000000000, 0.03125000000000002776, 0.06250000000000005551, 0.09375000000000008327, 0.1250000000000001110, 0.1562500000000001388, 0.1875000000000001665, 0.2187500000000001943, 0.2500000000000002220, 0.2812500000000002220, 0.3125000000000002776, 0.3437500000000003331, 0.3750000000000003331, 0.4062500000000002220, 0.4375000000000001665, 0.4687500000000000555, 0.5000000000000000000 ),
 .UNSPECIFIED. ) ;
#774 = CARTESIAN_POINT ( 'NONE',  ( -14.63000696266692913, 18.64816763038509606, -24.99999999999999645 ) ) ;
#775 = ORIENTED_EDGE ( 'NONE', *, *, #2076, .T. ) ;
#776 = CARTESIAN_POINT ( 'NONE',  ( 9.099086478302856662, 73.45116605339130444, -27.99999999999999645 ) ) ;
#777 = VECTOR ( 'NONE', #898, 1000.000000000000000 ) ;
#778 = DIRECTION ( 'NONE',  ( 0.000000000000000000, 0.000000000000000000, -1.000000000000000000 ) ) ;
#779 = CARTESIAN_POINT ( 'NONE',  ( 0.000000000000000000, 0.000000000000000000, -22.00000000000000000 ) ) ;
#780 = CARTESIAN_POINT ( 'NONE',  ( 10.78623782090232197, 10.74992712308539033, -27.99999999999999645 ) ) ;
#781 = EDGE_LOOP ( 'NONE', ( #950, #142, #2005, #2507 ) ) ;
#782 = DIRECTION ( 'NONE',  ( 0.000000000000000000, 0.000000000000000000, -1.000000000000000000 ) ) ;
#783 = CARTESIAN_POINT ( 'NONE',  ( -14.75000000000000711, 14.70814892612516900, -25.00000000000000000 ) ) ;
#784 = ORIENTED_EDGE ( 'NONE', *, *, #2883, .T. ) ;
#785 = CARTESIAN_POINT ( 'NONE',  ( 5.749999999999992895, 13.53005168751917608, -24.99999999999999645 ) ) ;
#786 = EDGE_CURVE ( 'NONE', #1270, #1839, #1636, .T. ) ;
#787 = DIRECTION ( 'NONE',  ( -1.000000000000000000, 0.000000000000000000, -0.000000000000000000 ) ) ;
#788 = FACE_OUTER_BOUND ( 'NONE', #3287, .T. ) ;
#789 = ORIENTED_EDGE ( 'NONE', *, *, #1804, .F. ) ;
#790 = CARTESIAN_POINT ( 'NONE',  ( 10.78623782089597860, 72.74992712308393550, -27.99999999999999645 ) ) ;
#791 = LINE ( 'NONE', #226, #294 ) ;
#792 = DIRECTION ( 'NONE',  ( 1.000000000000000000, 0.000000000000000000, 0.000000000000000000 ) ) ;
#793 = APPROVAL ( #678, 'UNSPECIFIED' ) ;
#794 = CARTESIAN_POINT ( 'NONE',  ( -8.193963068198126365, 78.01782450970962657, -27.99999999999999645 ) ) ;
#795 = CARTESIAN_POINT ( 'NONE',  ( 14.24999999999999289, 14.25000000000000178, -22.49999999999999289 ) ) ;
#796 = CARTESIAN_POINT ( 'NONE',  ( -22.50000000000000000, 3.000000000000002665, 22.00000000000000711 ) ) ;
#797 = CARTESIAN_POINT ( 'NONE',  ( -8.250000000000005329, 14.24999999999999822, -24.49999999999999289 ) ) ;
#798 = CARTESIAN_POINT ( 'NONE',  ( 13.40091352169693373, 11.45116605339111082, -25.00000000000000000 ) ) ;
#799 = CARTESIAN_POINT ( 'NONE',  ( 16.46898849694919065, 74.47746682987416023, -25.00000000000001066 ) ) ;
#800 = VERTEX_POINT ( 'NONE', #2334 ) ;
#801 = CARTESIAN_POINT ( 'NONE',  ( -13.40091352169714511, 73.45116605339130444, -27.99999999999999645 ) ) ;
#802 = CARTESIAN_POINT ( 'NONE',  ( -5.750000000000007105, 14.96994831248132307, -24.99999999999999645 ) ) ;
#803 = AXIS2_PLACEMENT_3D ( 'NONE', #2099, #56, #787 ) ;
#804 = CARTESIAN_POINT ( 'NONE',  ( 5.749999999999990230, 76.96994831248142077, -24.99999999999999645 ) ) ;
#805 = DIRECTION ( 'NONE',  ( 1.541976423090495387E-16, 0.000000000000000000, 1.000000000000000000 ) ) ;
#806 = CIRCLE ( 'NONE', #2462, 1.500000000000001332 ) ;
#807 = EDGE_CURVE ( 'NONE', #1484, #2289, #534, .T. ) ;
#808 = CARTESIAN_POINT ( 'NONE',  ( 6.031077523968953358, 74.47749417664974203, -25.00000000000000355 ) ) ;
#809 = CARTESIAN_POINT ( 'NONE',  ( 9.482119712712512083, 11.19382840921960032, -27.99999999999999645 ) ) ;
#810 = PLANE ( 'NONE',  #2778 ) ;
#811 = DIRECTION ( 'NONE',  ( -0.000000000000000000, -0.000000000000000000, -1.000000000000000000 ) ) ;
#812 = CARTESIAN_POINT ( 'NONE',  ( 13.01266642896714920, 11.19174763979457232, -27.99999999999999645 ) ) ;
#813 = AXIS2_PLACEMENT_3D ( 'NONE', #709, #1727, #1939 ) ;
#814 = CARTESIAN_POINT ( 'NONE',  ( 8.451166053391302668, 16.40091352169714867, -25.00000000000000000 ) ) ;
#815 = CYLINDRICAL_SURFACE ( 'NONE', #479, 2.999999999999999112 ) ;
#816 = CARTESIAN_POINT ( 'NONE',  ( -7.841095632626407408, 75.33388240241156097, -27.99999999999999645 ) ) ;
#817 = CARTESIAN_POINT ( 'NONE',  ( -7.750000000000007105, 14.25000000000000000, -24.99999999999999645 ) ) ;
#818 = ORIENTED_EDGE ( 'NONE', *, *, #997, .T. ) ;
#819 = CARTESIAN_POINT ( 'NONE',  ( 14.66098513679963666, 75.33909626073435106, -28.00000000000000000 ) ) ;
#820 = DIRECTION ( 'NONE',  ( -1.000000000000000000, 0.000000000000000000, 0.000000000000000000 ) ) ;
#821 = CARTESIAN_POINT ( 'NONE',  ( -16.75000000000000711, 14.24999999999998579, -24.99999999999999645 ) ) ;
#822 = ADVANCED_FACE ( 'NONE', ( #507 ), #17, .F. ) ;
#823 = CARTESIAN_POINT ( 'NONE',  ( 15.39339757523094931, 10.61517245195472015, -25.00000000000000711 ) ) ;
#824 = EDGE_CURVE ( 'NONE', #64, #2670, #2634, .T. ) ;
#825 = SPHERICAL_SURFACE ( 'NONE', #1457, 3.000000000000000000 ) ;
#826 = DIRECTION ( 'NONE',  ( -1.000000000000000000, 0.000000000000000000, 0.000000000000000000 ) ) ;
#827 = CARTESIAN_POINT ( 'NONE',  ( 11.70814892612454550, 10.75000000000000355, -25.00000000000000000 ) ) ;
#828 = ORIENTED_EDGE ( 'NONE', *, *, #1919, .T. ) ;
#829 = CARTESIAN_POINT ( 'NONE',  ( 8.480095611624593133, 19.05582513746687212, -24.99999999999999645 ) ) ;
#830 = CARTESIAN_POINT ( 'NONE',  ( 9.477466829912351898, 71.03101150303784550, -24.99999999999999289 ) ) ;
#831 = CARTESIAN_POINT ( 'NONE',  ( 1.000000000000000888, 5.499999999999988454, -22.49999999999999289 ) ) ;
#832 = CARTESIAN_POINT ( 'NONE',  ( -10.79185107387558951, 17.74999999999999289, -25.00000000000000000 ) ) ;
#833 = CARTESIAN_POINT ( 'NONE',  ( 13.39699588420360321, 73.44714535237874031, -27.99999999999999645 ) ) ;
#834 = CARTESIAN_POINT ( 'NONE',  ( 8.447248415909523800, 16.39689282069412712, -27.99999999999999289 ) ) ;
#835 = SPHERICAL_SURFACE ( 'NONE', #2611, 3.000000000000000000 ) ;
#836 = CARTESIAN_POINT ( 'NONE',  ( 8.451166053391300892, 78.40091352169713446, -25.00000000000000000 ) ) ;
#837 = DIRECTION ( 'NONE',  ( -0.000000000000000000, 1.000000000000000000, -5.782411586589357392E-17 ) ) ;
#838 = CYLINDRICAL_SURFACE ( 'NONE', #1929, 1.500000000000001332 ) ;
#839 = CARTESIAN_POINT ( 'NONE',  ( 7.841095632626858603, 13.33388240241047029, -27.99999999999999645 ) ) ;
#840 = CARTESIAN_POINT ( 'NONE',  ( -7.869993037333379959, 71.85183236961459841, -24.99999999999999645 ) ) ;
#841 = CARTESIAN_POINT ( 'NONE',  ( 16.74999999999999289, 13.53005168751867870, -24.99999999999999645 ) ) ;
#842 = DIRECTION ( 'NONE',  ( 0.000000000000000000, 0.000000000000000000, -1.000000000000000000 ) ) ;
#843 = AXIS2_PLACEMENT_3D ( 'NONE', #307, #555, #1085 ) ;
#844 = EDGE_CURVE ( 'NONE', #2492, #2800, #3049, .T. ) ;
#845 = CARTESIAN_POINT ( 'NONE',  ( -11.25000000000000711, 76.25000000000000000, -24.49999999999999289 ) ) ;
#846 = CARTESIAN_POINT ( 'NONE',  ( -14.30825236020548807, 12.48733357103407293, -25.00000000000000000 ) ) ;
#847 = CARTESIAN_POINT ( 'NONE',  ( -19.50000000000000711, 87.50000000000000000, -22.00000000000000000 ) ) ;
#848 = DIRECTION ( 'NONE',  ( 0.000000000000000000, -1.000000000000000000, 0.000000000000000000 ) ) ;
#849 = CIRCLE ( 'NONE', #3306, 3.000000000000000888 ) ;
#850 = DIRECTION ( 'NONE',  ( 1.000000000000000000, -0.000000000000000000, -1.387778780781445676E-16 ) ) ;
#851 = AXIS2_PLACEMENT_3D ( 'NONE', #14, #3075, #1817 ) ;
#852 = CARTESIAN_POINT ( 'NONE',  ( 10.33388240241008127, 79.65890436737271330, -25.00000000000000000 ) ) ;
#853 = VECTOR ( 'NONE', #2335, 1000.000000000000000 ) ;
#854 = FACE_OUTER_BOUND ( 'NONE', #2369, .T. ) ;
#855 = ORIENTED_EDGE ( 'NONE', *, *, #2079, .F. ) ;
#856 = CARTESIAN_POINT ( 'NONE',  ( -4.000000000000007105, 2.499999999999988454, -22.49999999999999645 ) ) ;
#857 = ADVANCED_FACE ( 'NONE', ( #2 ), #1347, .T. ) ;
#858 = CARTESIAN_POINT ( 'NONE',  ( 10.79185107387606735, 10.75000000000000178, -27.99999999999999645 ) ) ;
#859 = CARTESIAN_POINT ( 'NONE',  ( -11.70814892612443536, 79.75000000000000000, -25.00000000000000000 ) ) ;
#860 = ADVANCED_FACE ( 'NONE', ( #887, #302, #2375, #2926, #3121 ), #1850, .F. ) ;
#861 = CARTESIAN_POINT ( 'NONE',  ( 14.01990438837540864, 19.05582513746562157, -24.99999999999999645 ) ) ;
#862 = FACE_OUTER_BOUND ( 'NONE', #1246, .T. ) ;
#863 = CARTESIAN_POINT ( 'NONE',  ( 6.476102231557445243, 79.00454752292007754, -24.99999999999999645 ) ) ;
#864 = EDGE_CURVE ( 'NONE', #740, #498, #1520, .T. ) ;
#865 = DIRECTION ( 'NONE',  ( 1.204669080539449344E-16, 0.000000000000000000, 1.000000000000000000 ) ) ;
#866 = ORIENTED_EDGE ( 'NONE', *, *, #10, .F. ) ;
#867 = CARTESIAN_POINT ( 'NONE',  ( -8.451166053391112598, 12.09908647830306094, -24.99999999999999645 ) ) ;
#868 = CARTESIAN_POINT ( 'NONE',  ( -20.00000000000001066, 72.50000000000000000, -17.49999999999999645 ) ) ;
#869 = VECTOR ( 'NONE', #1999, 1000.000000000000000 ) ;
#870 = DIRECTION ( 'NONE',  ( 1.000000000000000000, 0.000000000000000000, -0.000000000000000000 ) ) ;
#871 = PLANE ( 'NONE',  #643 ) ;
#872 = CARTESIAN_POINT ( 'NONE',  ( 7.750000000000614619, 76.70814892612453662, -25.00000000000000000 ) ) ;
#873 = CARTESIAN_POINT ( 'NONE',  ( 11.70814892612454550, 72.74999999999998579, -25.00000000000000000 ) ) ;
#874 = CARTESIAN_POINT ( 'NONE',  ( -22.50000000000000711, 72.50000000000000000, -17.49999999999999645 ) ) ;
#875 = ORIENTED_EDGE ( 'NONE', *, *, #1870, .T. ) ;
#876 = ORIENTED_EDGE ( 'NONE', *, *, #1967, .F. ) ;
#877 =( LENGTH_UNIT ( ) NAMED_UNIT ( * ) SI_UNIT ( .MILLI., .METRE. ) );
#878 = CARTESIAN_POINT ( 'NONE',  ( 9.487333571034060498, 11.19174763979452258, -25.00000000000000000 ) ) ;
#879 = CARTESIAN_POINT ( 'NONE',  ( -10.53005168751868936, 81.75000000000000000, -24.99999999999999645 ) ) ;
#880 = VECTOR ( 'NONE', #2520, 1000.000000000000000 ) ;
#881 = CARTESIAN_POINT ( 'NONE',  ( -7.869993037333371078, 18.64816763038507474, -24.99999999999999645 ) ) ;
#882 = CARTESIAN_POINT ( 'NONE',  ( 14.60634753400072228, 80.62170298877897778, -24.99999999999998934 ) ) ;
#883 = DIRECTION ( 'NONE',  ( 0.000000000000000000, 0.000000000000000000, -1.000000000000000000 ) ) ;
#884 = EDGE_LOOP ( 'NONE', ( #1019, #2245, #1626, #2029 ) ) ;
#885 = CARTESIAN_POINT ( 'NONE',  ( -9.487333571034387347, 17.30825236020606539, -27.99999999999999645 ) ) ;
#886 = CARTESIAN_POINT ( 'NONE',  ( -10.78623782090306449, 17.75007287691461144, -27.99999999999999645 ) ) ;
#887 = FACE_BOUND ( 'NONE', #1080, .T. ) ;
#888 = CARTESIAN_POINT ( 'NONE',  ( -8.480095611625214858, 81.05582513746561801, -24.99999999999999645 ) ) ;
#889 = CARTESIAN_POINT ( 'NONE',  ( 14.74999999999999467, 76.70814892612565927, -27.99999999999999645 ) ) ;
#890 = LOCAL_TIME ( 12, 29, 33.00000000000000000, #427 ) ;
#891 = CARTESIAN_POINT ( 'NONE',  ( 6.851832369614908380, 79.63000696266695400, -24.99999999999999645 ) ) ;
#892 = CARTESIAN_POINT ( 'NONE',  ( 11.24999999999999289, 14.25000000000000178, 25.00100000000000833 ) ) ;
#893 = VERTEX_POINT ( 'NONE', #2909 ) ;
#894 = ORIENTED_EDGE ( 'NONE', *, *, #1478, .T. ) ;
#895 = DATE_TIME_ROLE ( 'classification_date' ) ;
#896 = ORIENTED_EDGE ( 'NONE', *, *, #1816, .T. ) ;
#897 = DIRECTION ( 'NONE',  ( 1.000000000000000000, 0.000000000000000000, -1.387778780781445676E-16 ) ) ;
#898 = DIRECTION ( 'NONE',  ( -1.541976423090495387E-16, -0.000000000000000000, -1.000000000000000000 ) ) ;
#899 = EDGE_CURVE ( 'NONE', #3167, #401, #61, .T. ) ;
#900 = PERSON ( 'UNSPECIFIED', 'UNSPECIFIED', 'UNSPECIFIED', ('UNSPECIFIED'), ('UNSPECIFIED'), ('UNSPECIFIED') ) ;
#901 = CARTESIAN_POINT ( 'NONE',  ( -14.60638673789383546, 80.62176166153820134, -25.00000000000000355 ) ) ;
#902 = CARTESIAN_POINT ( 'NONE',  ( -6.476102231555387334, 11.49545247708687334, -25.00000000000000355 ) ) ;
#903 = ORIENTED_EDGE ( 'NONE', *, *, #1704, .T. ) ;
#904 = CARTESIAN_POINT ( 'NONE',  ( 19.49999999999999289, 3.000000000000000000, -22.00000000000000000 ) ) ;
#905 = ORIENTED_EDGE ( 'NONE', *, *, #2459, .F. ) ;
#906 = LOCAL_TIME ( 12, 29, 33.00000000000000000, #1675 ) ;
#907 = DIRECTION ( 'NONE',  ( 0.000000000000000000, 0.000000000000000000, 1.000000000000000000 ) ) ;
#908 = CARTESIAN_POINT ( 'NONE',  ( -12.68961336764058068, 81.60684972015354788, -24.99999999999999645 ) ) ;
#909 = FACE_BOUND ( 'NONE', #2933, .T. ) ;
#910 = AXIS2_PLACEMENT_3D ( 'NONE', #1630, #1686, #149 ) ;
#911 = CARTESIAN_POINT ( 'NONE',  ( 10.53005168751865916, 81.75000000000000000, -24.99999999999999645 ) ) ;
#912 = CARTESIAN_POINT ( 'NONE',  ( -16.74996426973381602, 14.60961331492683790, -25.00000000000000000 ) ) ;
#913 = ADVANCED_FACE ( 'NONE', ( #1095 ), #1332, .F. ) ;
#914 = ORIENTED_EDGE ( 'NONE', *, *, #1577, .F. ) ;
#915 = ORIENTED_EDGE ( 'NONE', *, *, #2848, .T. ) ;
#916 = CALENDAR_DATE ( 2025, 14, 12 ) ;
#917 = VECTOR ( 'NONE', #2780, 1000.000000000000000 ) ;
#918 = CARTESIAN_POINT ( 'NONE',  ( -14.60634753400905161, 71.87829701122579706, -25.00000000000000355 ) ) ;
#919 = CARTESIAN_POINT ( 'NONE',  ( -11.96994831248081681, 70.75000000000000000, -24.99999999999999645 ) ) ;
#920 = CARTESIAN_POINT ( 'NONE',  ( -15.62170298877327035, 79.60634753401427588, -25.00000000000000711 ) ) ;
#921 = CARTESIAN_POINT ( 'NONE',  ( -5.785338058779750270, 13.53220140303471553, -25.00000000000000355 ) ) ;
#922 = ORIENTED_EDGE ( 'NONE', *, *, #80, .T. ) ;
#923 = EDGE_LOOP ( 'NONE', ( #3227, #192 ) ) ;
#924 = FACE_OUTER_BOUND ( 'NONE', #3068, .T. ) ;
#925 = ORIENTED_EDGE ( 'NONE', *, *, #1542, .F. ) ;
#926 = CARTESIAN_POINT ( 'NONE',  ( -20.00000000000000000, 2.499999999999988454, 22.50000000000000000 ) ) ;
#927 = ORIENTED_EDGE ( 'NONE', *, *, #3139, .T. ) ;
#928 = CARTESIAN_POINT ( 'NONE',  ( -11.25000000000000711, 76.25000000000000000, -27.99999999999999645 ) ) ;
#929 = ADVANCED_FACE ( 'NONE', ( #596 ), #94, .F. ) ;
#930 = CARTESIAN_POINT ( 'NONE',  ( 8.249999999999989342, 76.25000000000000000, -22.49999999999999289 ) ) ;
#931 = CARTESIAN_POINT ( 'NONE',  ( 14.01990438837689901, 71.44417486253371408, -24.99999999999999645 ) ) ;
#932 = CARTESIAN_POINT ( 'NONE',  ( -11.71376217909062234, 72.74992712308392129, -27.99999999999999645 ) ) ;
#933 = ORIENTED_EDGE ( 'NONE', *, *, #2266, .F. ) ;
#934 = EDGE_CURVE ( 'NONE', #425, #2839, #2991, .T. ) ;
#935 = EDGE_LOOP ( 'NONE', ( #2078, #198, #1797, #1191 ) ) ;
#936 = ADVANCED_FACE ( 'NONE', ( #47 ), #3109, .F. ) ;
#937 = CARTESIAN_POINT ( 'NONE',  ( 14.30825236020536906, 12.48733357103319008, -25.00000000000000000 ) ) ;
#938 = EDGE_CURVE ( 'NONE', #2237, #2734, #1110, .T. ) ;
#939 = CALENDAR_DATE ( 2025, 14, 12 ) ;
#940 = CARTESIAN_POINT ( 'NONE',  ( -16.75000000000001066, 76.24999999999998579, -24.99999999999999645 ) ) ;
#941 = DIRECTION ( 'NONE',  ( 1.000000000000000000, 0.000000000000000000, 0.000000000000000000 ) ) ;
#942 = FACE_OUTER_BOUND ( 'NONE', #713, .T. ) ;
#943 = CARTESIAN_POINT ( 'NONE',  ( -9.822103747792814588, 8.926585282684493805, -24.99999999999999645 ) ) ;
#944 = EDGE_LOOP ( 'NONE', ( #956, #438, #1880, #2749 ) ) ;
#945 = CARTESIAN_POINT ( 'NONE',  ( 11.24999999999999289, 14.25000000000000178, -24.49999999999999289 ) ) ;
#946 = ORIENTED_EDGE ( 'NONE', *, *, #570, .T. ) ;
#947 = FACE_OUTER_BOUND ( 'NONE', #2896, .T. ) ;
#948 = CARTESIAN_POINT ( 'NONE',  ( -7.750000000000001776, 76.25000000000000000, -27.99999999999999645 ) ) ;
#949 = DIRECTION ( 'NONE',  ( 1.000000000000000000, 0.000000000000000000, 0.000000000000000000 ) ) ;
#950 = ORIENTED_EDGE ( 'NONE', *, *, #2814, .F. ) ;
#951 = CARTESIAN_POINT ( 'NONE',  ( 8.480095611625216634, 81.05582513746563222, -24.99999999999999645 ) ) ;
#952 = CARTESIAN_POINT ( 'NONE',  ( -16.71462613924951768, 14.96797849396193847, -25.00000000000000000 ) ) ;
#953 = VERTEX_POINT ( 'NONE', #1361 ) ;
#954 = CARTESIAN_POINT ( 'NONE',  ( 8.451166053391302668, 16.40091352169714867, -27.99999999999999645 ) ) ;
#955 = PERSON_AND_ORGANIZATION ( #900, #1560 ) ;
#956 = ORIENTED_EDGE ( 'NONE', *, *, #1483, .T. ) ;
#957 = FACE_OUTER_BOUND ( 'NONE', #3151, .T. ) ;
#958 = CARTESIAN_POINT ( 'NONE',  ( -8.451166053391110822, 74.09908647830306450, -27.99999999999999645 ) ) ;
#959 = FACE_OUTER_BOUND ( 'NONE', #1146, .T. ) ;
#960 = CARTESIAN_POINT ( 'NONE',  ( 16.19375238159445374, 16.68701193266623406, -24.99999999999999289 ) ) ;
#961 = ORIENTED_EDGE ( 'NONE', *, *, #2684, .F. ) ;
#962 = DIRECTION ( 'NONE',  ( -0.000000000000000000, -0.000000000000000000, -1.000000000000000000 ) ) ;
#963 = ORIENTED_EDGE ( 'NONE', *, *, #2628, .F. ) ;
#964 = CARTESIAN_POINT ( 'NONE',  ( 17.00000000000000711, 2.499999999999988454, 22.50000000000000711 ) ) ;
#965 = CARTESIAN_POINT ( 'NONE',  ( -6.444174862533876613, 73.48009561162329817, -24.99999999999999645 ) ) ;
#966 = FACE_BOUND ( 'NONE', #935, .T. ) ;
#967 = FACE_BOUND ( 'NONE', #2744, .T. ) ;
#968 = CARTESIAN_POINT ( 'NONE',  ( -16.46898849695415379, 16.02253317010560707, -25.00000000000000000 ) ) ;
#969 = ORIENTED_EDGE ( 'NONE', *, *, #899, .T. ) ;
#970 = CARTESIAN_POINT ( 'NONE',  ( 7.841095632626860379, 15.16611759758954392, -27.99999999999999645 ) ) ;
#971 = VERTEX_POINT ( 'NONE', #346 ) ;
#972 = CARTESIAN_POINT ( 'NONE',  ( -15.62176166154527301, 72.89361326212295467, -24.99999999999999645 ) ) ;
#973 = CARTESIAN_POINT ( 'NONE',  ( -7.750000000000001776, 76.25000000000000000, -27.99999999999999645 ) ) ;
#974 = CIRCLE ( 'NONE', #1027, 1.500000000000001332 ) ;
#975 = CARTESIAN_POINT ( 'NONE',  ( -7.750000000000007105, 13.79185107387495179, -24.99999999999999645 ) ) ;
#976 = CARTESIAN_POINT ( 'NONE',  ( 16.02383909569095266, 17.00450831901971327, -25.00000000000000000 ) ) ;
#977 = CIRCLE ( 'NONE', #3051, 1.500000000000001332 ) ;
#978 = EDGE_CURVE ( 'NONE', #1972, #501, #2147, .T. ) ;
#979 = AXIS2_PLACEMENT_3D ( 'NONE', #847, #1849, #1861 ) ;
#980 = DIRECTION ( 'NONE',  ( 0.000000000000000000, 0.000000000000000000, -1.000000000000000000 ) ) ;
#981 = ORIENTED_EDGE ( 'NONE', *, *, #1717, .F. ) ;
#982 = EDGE_CURVE ( 'NONE', #2845, #2274, #2651, .T. ) ;
#983 = CARTESIAN_POINT ( 'NONE',  ( -7.841095632626993606, 75.33388240241180256, -25.00000000000000000 ) ) ;
#984 = LINE ( 'NONE', #728, #2001 ) ;
#985 = EDGE_LOOP ( 'NONE', ( #1220, #818 ) ) ;
#986 = CARTESIAN_POINT ( 'NONE',  ( -8.250000000000003553, 76.25000000000000000, -24.49999999999999289 ) ) ;
#987 = CARTESIAN_POINT ( 'NONE',  ( -8.447248415909530905, 74.10310717930440205, -27.99999999999999645 ) ) ;
#988 = ORIENTED_EDGE ( 'NONE', *, *, #1232, .T. ) ;
#989 = ORIENTED_EDGE ( 'NONE', *, *, #2157, .T. ) ;
#990 = CIRCLE ( 'NONE', #1842, 2.999999999999999112 ) ;
#991 = CARTESIAN_POINT ( 'NONE',  ( 12.74999999999999467, 14.25000000000000178, -27.99999999999999645 ) ) ;
#992 = ORIENTED_EDGE ( 'NONE', *, *, #2995, .T. ) ;
#993 = CARTESIAN_POINT ( 'NONE',  ( 15.64816763038571423, 79.63000696266567502, -24.99999999999999645 ) ) ;
#994 = CARTESIAN_POINT ( 'NONE',  ( -9.487333571032824153, 73.19174763979327736, -25.00000000000000000 ) ) ;
#995 = CARTESIAN_POINT ( 'NONE',  ( -12.16611759758908562, 10.84109563262647491, -25.00000000000000000 ) ) ;
#996 = CARTESIAN_POINT ( 'NONE',  ( 5.785373860749285058, 14.96797849395064617, -24.99999999999999645 ) ) ;
#997 = EDGE_CURVE ( 'NONE', #219, #1158, #1871, .T. ) ;
#998 = CARTESIAN_POINT ( 'NONE',  ( -7.893652466013058699, 80.62170298878200470, -25.00000000000000000 ) ) ;
#999 = ORIENTED_EDGE ( 'NONE', *, *, #3142, .T. ) ;
#1000 = CARTESIAN_POINT ( 'NONE',  ( -7.750000000000001776, 76.25000000000000000, -25.00000000000000000 ) ) ;
#1001 = CARTESIAN_POINT ( 'NONE',  ( -16.05582513746630013, 11.48009561162497505, -24.99999999999999645 ) ) ;
#1002 = CARTESIAN_POINT ( 'NONE',  ( 12.16611759759000755, 79.65890436737294067, -27.99999999999999645 ) ) ;
#1003 = CARTESIAN_POINT ( 'NONE',  ( -9.750000000000005329, 76.25000000000000000, -27.99999999999999645 ) ) ;
#1004 = ORIENTED_EDGE ( 'NONE', *, *, #329, .F. ) ;
#1005 = CARTESIAN_POINT ( 'NONE',  ( -8.193828409218573583, 12.48211971271428133, -27.99999999999999645 ) ) ;
#1006 = CARTESIAN_POINT ( 'NONE',  ( 14.04883394660854634, 16.40091352169728012, -27.99999999999999645 ) ) ;
#1007 = CARTESIAN_POINT ( 'NONE',  ( -7.750000000000001776, 76.70814892612565927, -27.99999999999999645 ) ) ;
#1008 = CARTESIAN_POINT ( 'NONE',  ( -10.79185107387670328, 10.75000000000000000, -25.00000000000000000 ) ) ;
#1009 = VERTEX_POINT ( 'NONE', #1433 ) ;
#1010 = CARTESIAN_POINT ( 'NONE',  ( -10.89038668508320740, 81.74996426973150676, -24.99999999999999645 ) ) ;
#1011 = ORIENTED_EDGE ( 'NONE', *, *, #664, .F. ) ;
#1012 = CARTESIAN_POINT ( 'NONE',  ( -7.841095632626046807, 77.16611759759240385, -25.00000000000000000 ) ) ;
#1013 = CARTESIAN_POINT ( 'NONE',  ( -5.893150279842406469, 15.68961336764057179, -24.99999999999999645 ) ) ;
#1014 = DIRECTION ( 'NONE',  ( -1.156482317317871725E-15, 0.000000000000000000, -1.000000000000000000 ) ) ;
#1015 = CARTESIAN_POINT ( 'NONE',  ( 9.749999999999991118, 14.25000000000000178, -24.49999999999999289 ) ) ;
#1016 = ORIENTED_EDGE ( 'NONE', *, *, #1550, .T. ) ;
#1017 = PRODUCT ( 'Batterie adapteur', 'Batterie adapteur', '', ( #138 ) ) ;
#1018 = CARTESIAN_POINT ( 'NONE',  ( -16.46898849695244849, 78.02253317011526690, -25.00000000000000355 ) ) ;
#1019 = ORIENTED_EDGE ( 'NONE', *, *, #1550, .F. ) ;
#1020 = CARTESIAN_POINT ( 'NONE',  ( 11.96796472738688699, 8.785443069989607778, -24.99999999999999645 ) ) ;
#1021 = AXIS2_PLACEMENT_3D ( 'NONE', #1352, #2366, #2135 ) ;
#1022 = EDGE_CURVE ( 'NONE', #2492, #2696, #2453, .T. ) ;
#1023 = CARTESIAN_POINT ( 'NONE',  ( -14.75000000000001066, 76.24999999999998579, -27.99999999999999645 ) ) ;
#1024 = CARTESIAN_POINT ( 'NONE',  ( -9.099086478303027192, 17.04883394660822660, -25.00000000000000000 ) ) ;
#1025 = CARTESIAN_POINT ( 'NONE',  ( 6.444174862534015169, 17.01990438837504271, -24.99999999999999645 ) ) ;
#1026 = CIRCLE ( 'NONE', #2456, 1.500000000000001332 ) ;
#1027 = AXIS2_PLACEMENT_3D ( 'NONE', #1554, #1314, #1030 ) ;
#1028 = AXIS2_PLACEMENT_3D ( 'NONE', #471, #3014, #980 ) ;
#1029 = ORIENTED_EDGE ( 'NONE', *, *, #403, .T. ) ;
#1030 = DIRECTION ( 'NONE',  ( -1.000000000000000000, 0.000000000000000000, 0.000000000000000000 ) ) ;
#1031 = CARTESIAN_POINT ( 'NONE',  ( -12.68961336764096970, 8.893150279842140904, -24.99999999999999645 ) ) ;
#1032 = VERTEX_POINT ( 'NONE', #420 ) ;
#1033 = CARTESIAN_POINT ( 'NONE',  ( -9.750000000000005329, 76.25000000000000000, 25.00100000000000833 ) ) ;
#1034 = LINE ( 'NONE', #3093, #2738 ) ;
#1035 = CARTESIAN_POINT ( 'NONE',  ( -22.50000000000000711, 3.000000000000002665, -24.99999999999999645 ) ) ;
#1036 = ORIENTED_EDGE ( 'NONE', *, *, #844, .T. ) ;
#1037 = CARTESIAN_POINT ( 'NONE',  ( 13.01782450971033711, 11.19396306819812636, -27.99999999999999645 ) ) ;
#1038 = DIRECTION ( 'NONE',  ( -1.000000000000000000, 0.000000000000000000, -0.000000000000000000 ) ) ;
#1039 = EDGE_CURVE ( 'NONE', #971, #2316, #1899, .T. ) ;
#1040 = CARTESIAN_POINT ( 'NONE',  ( -8.451166053391451882, 16.40091352169727656, -27.99999999999999645 ) ) ;
#1041 = ORIENTED_EDGE ( 'NONE', *, *, #844, .F. ) ;
#1042 = VECTOR ( 'NONE', #3285, 1000.000000000000000 ) ;
#1043 = CARTESIAN_POINT ( 'NONE',  ( 1.000000000000006217, 5.499999999999988454, 22.50000000000000711 ) ) ;
#1044 = EDGE_LOOP ( 'NONE', ( #1226, #686, #1194, #1060 ) ) ;
#1045 = CC_DESIGN_PERSON_AND_ORGANIZATION_ASSIGNMENT ( #955, #2154, ( #1635 ) ) ;
#1046 = CARTESIAN_POINT ( 'NONE',  ( -9.099086478303059167, 73.45116605339109128, -27.99999999999999645 ) ) ;
#1047 = DIRECTION ( 'NONE',  ( -0.000000000000000000, -0.000000000000000000, 1.000000000000000000 ) ) ;
#1048 = ORIENTED_EDGE ( 'NONE', *, *, #2539, .T. ) ;
#1049 = CARTESIAN_POINT ( 'NONE',  ( 8.480095611625216634, 81.05582513746563222, -24.99999999999999645 ) ) ;
#1050 = VECTOR ( 'NONE', #2535, 1000.000000000000000 ) ;
#1051 = CARTESIAN_POINT ( 'NONE',  ( -14.30596393964918356, 74.48199934993907334, -27.99999999999999645 ) ) ;
#1052 = DIRECTION ( 'NONE',  ( -1.982541115402064617E-16, 0.000000000000000000, -1.000000000000000000 ) ) ;
#1053 = CARTESIAN_POINT ( 'NONE',  ( 10.53202150604854914, 8.785373860748183716, -25.00000000000000355 ) ) ;
#1054 = PLANE ( 'NONE',  #1342 ) ;
#1055 = FACE_OUTER_BOUND ( 'NONE', #2970, .T. ) ;
#1056 = ORIENTED_EDGE ( 'NONE', *, *, #611, .T. ) ;
#1057 = CARTESIAN_POINT ( 'NONE',  ( 10.79185107387431586, 17.75000000000000000, -25.00000000000000000 ) ) ;
#1058 = CARTESIAN_POINT ( 'NONE',  ( 7.749999999999992895, 13.79185107387544207, -24.99999999999999645 ) ) ;
#1059 = CARTESIAN_POINT ( 'NONE',  ( -16.46892247603421922, 12.47749417666018878, -24.99999999999999645 ) ) ;
#1060 = ORIENTED_EDGE ( 'NONE', *, *, #3089, .F. ) ;
#1061 = VERTEX_POINT ( 'NONE', #361 ) ;
#1062 = CARTESIAN_POINT ( 'NONE',  ( -7.750000000000001776, 76.25000000000000000, -27.99999999999999645 ) ) ;
#1063 = DIRECTION ( 'NONE',  ( 1.000000000000000000, 0.000000000000000000, 0.000000000000000000 ) ) ;
#1064 = ORIENTED_EDGE ( 'NONE', *, *, #309, .F. ) ;
#1065 = CARTESIAN_POINT ( 'NONE',  ( 9.810386632358794046, 81.60684972015853589, -24.99999999999999645 ) ) ;
#1066 = CARTESIAN_POINT ( 'NONE',  ( 12.74999999999999467, 14.25000000000000178, -24.49999999999999289 ) ) ;
#1067 = CARTESIAN_POINT ( 'NONE',  ( 5.785443069992880716, 75.53203527260740202, -24.99999999999999289 ) ) ;
#1068 = FACE_BOUND ( 'NONE', #3099, .T. ) ;
#1069 = CARTESIAN_POINT ( 'NONE',  ( -20.00000000000000711, 87.50000000000000000, -22.50000000000000000 ) ) ;
#1070 = FACE_OUTER_BOUND ( 'NONE', #1978, .T. ) ;
#1071 = CARTESIAN_POINT ( 'NONE',  ( 13.01266642896654702, 11.19174763979389553, -25.00000000000000000 ) ) ;
#1072 = EDGE_CURVE ( 'NONE', #1676, #282, #2387, .T. ) ;
#1073 = CARTESIAN_POINT ( 'NONE',  ( 14.65890436737269731, 15.16611759758990985, -25.00000000000000000 ) ) ;
#1074 = CARTESIAN_POINT ( 'NONE',  ( -14.60634753399075336, 9.878297011218331036, -25.00000000000000000 ) ) ;
#1075 = EDGE_CURVE ( 'NONE', #227, #1699, #1340, .T. ) ;
#1076 = CARTESIAN_POINT ( 'NONE',  ( -7.750000000000001776, 75.79185107387432652, -27.99999999999999645 ) ) ;
#1077 = ADVANCED_FACE ( 'NONE', ( #1391 ), #3230, .T. ) ;
#1078 = CARTESIAN_POINT ( 'NONE',  ( -7.750000000000007105, 14.24999999999999822, -27.99999999999999645 ) ) ;
#1079 = AXIS2_PLACEMENT_3D ( 'NONE', #2629, #883, #2943 ) ;
#1080 = EDGE_LOOP ( 'NONE', ( #649, #1492 ) ) ;
#1081 = CARTESIAN_POINT ( 'NONE',  ( 11.71376217910400364, 72.75007287691607871, -27.99999999999999645 ) ) ;
#1082 = CARTESIAN_POINT ( 'NONE',  ( 10.78623782090305028, 17.74992712308539566, -27.99999999999999645 ) ) ;
#1083 = CARTESIAN_POINT ( 'NONE',  ( 9.822117514358112089, 8.926654491930420932, -25.00000000000000000 ) ) ;
#1084 = CARTESIAN_POINT ( 'NONE',  ( 11.24999999999999289, 76.25000000000000000, -27.99999999999999645 ) ) ;
#1085 = DIRECTION ( 'NONE',  ( 0.000000000000000000, -0.000000000000000000, 1.000000000000000000 ) ) ;
#1086 = CARTESIAN_POINT ( 'NONE',  ( 9.099086478302856662, 11.45116605339130622, -25.00000000000000000 ) ) ;
#1087 = VECTOR ( 'NONE', #2331, 1000.000000000000000 ) ;
#1088 = CARTESIAN_POINT ( 'NONE',  ( 12.16611759758991163, 17.65890436737395319, -25.00000000000000000 ) ) ;
#1089 = CARTESIAN_POINT ( 'NONE',  ( 13.68701193268496397, 71.30624761841791326, -24.99999999999999645 ) ) ;
#1090 = ADVANCED_FACE ( 'NONE', ( #2632 ), #2406, .F. ) ;
#1091 = PLANE ( 'NONE',  #701 ) ;
#1092 = CARTESIAN_POINT ( 'NONE',  ( -11.70814892612505886, 17.74999999999999645, -27.99999999999999645 ) ) ;
#1093 = ORIENTED_EDGE ( 'NONE', *, *, #481, .T. ) ;
#1094 = CARTESIAN_POINT ( 'NONE',  ( 14.30617159077935518, 74.48211971271000209, -27.99999999999999645 ) ) ;
#1095 = FACE_OUTER_BOUND ( 'NONE', #781, .T. ) ;
#1096 = CARTESIAN_POINT ( 'NONE',  ( 7.893652465988052924, 71.87829701122784343, -25.00000000000000000 ) ) ;
#1097 = CARTESIAN_POINT ( 'NONE',  ( 14.04883394660886076, 78.40091352169633865, -25.00000000000000000 ) ) ;
#1098 = DIRECTION ( 'NONE',  ( -0.000000000000000000, -0.000000000000000000, 1.000000000000000000 ) ) ;
#1099 = CYLINDRICAL_SURFACE ( 'NONE', #1450, 2.999999999999999112 ) ;
#1100 = EDGE_CURVE ( 'NONE', #1533, #2648, #3213, .T. ) ;
#1101 = CARTESIAN_POINT ( 'NONE',  ( 10.33388240240998712, 17.65890436737294067, -27.99999999999999645 ) ) ;
#1102 =( BOUNDED_SURFACE ( )  B_SPLINE_SURFACE ( 2, 3, ( 
 ( #1377, #3156, #1152, #1168, #3174, #2167, #888, #2927, #2187, #3193, #908, #1938, #1687, #2691, #1272, #205, #2728, #1477, #3252, #2039, #1726, #2461, #1205, #1777, #3282, #690, #221, #2285, #1747, #459, #965, #1227, #3294, #1512 ),
 ( #1000, #1989, #1012, #726, #2779, #1495, #708, #2254, #3046, #2241, #2525, #3231, #2509, #3028, #2494, #1454, #441, #2272, #2480, #2982, #759, #194, #2022, #3001, #2747, #741, #1242, #2708, #1764, #491, #3267, #983, #2007, #421 ),
 ( #948, #1258, #1529, #3017, #172, #2764, #239, #473, #2223, #1974, #559, #2298, #2598, #3118, #29, #42, #314, #1328, #544, #1834, #1580, #801, #2053, #2330, #2084, #2552, #3061, #1792, #1046, #503, #3104, #816, #1076, #1062 ) ),
 .UNSPECIFIED., .F., .T., .T. ) 
 B_SPLINE_SURFACE_WITH_KNOTS ( ( 3, 3 ),
 ( 4, 2, 2, 2, 2, 2, 2, 2, 2, 2, 2, 2, 2, 2, 2, 2, 4 ),
 ( 0.000000000000000000, 1.000000000000000000 ),
 ( -6.283185307179586232, -5.890486225480861648, -5.497787143782137953, -5.105088062083414258, -4.712388980384689674, -4.319689898685965090, -3.926990816987241395, -3.534291735288517255, -3.141592653589793116, -2.748893571891068976, -2.356194490192344837, -1.963495408493620697, -1.570796326794896558, -1.178097245096172418, -0.7853981633974482790, -0.3926990816987241395, 0.000000000000000000 ),
 .UNSPECIFIED. ) 
 GEOMETRIC_REPRESENTATION_ITEM ( )  RATIONAL_B_SPLINE_SURFACE ( (
 ( 1.000000000000000000, 1.000000000000000000, 1.000000000000000000, 1.000000000000000000, 1.000000000000000000, 1.000000000000000000, 1.000000000000000000, 1.000000000000000000, 1.000000000000000000, 1.000000000000000000, 1.000000000000000000, 1.000000000000000000, 1.000000000000000000, 1.000000000000000000, 1.000000000000000000, 1.000000000000000000, 1.000000000000000000, 1.000000000000000000, 1.000000000000000000, 1.000000000000000000, 1.000000000000000000, 1.000000000000000000, 1.000000000000000000, 1.000000000000000000, 1.000000000000000000, 1.000000000000000000, 1.000000000000000000, 1.000000000000000000, 1.000000000000000000, 1.000000000000000000, 1.000000000000000000, 1.000000000000000000, 1.000000000000000000, 1.000000000000000000),
 ( 0.7071067811865475727, 0.7071067811865475727, 0.7071067811865475727, 0.7071067811865475727, 0.7071067811865475727, 0.7071067811865475727, 0.7071067811865475727, 0.7071067811865475727, 0.7071067811865475727, 0.7071067811865475727, 0.7071067811865475727, 0.7071067811865475727, 0.7071067811865475727, 0.7071067811865475727, 0.7071067811865475727, 0.7071067811865475727, 0.7071067811865475727, 0.7071067811865475727, 0.7071067811865475727, 0.7071067811865475727, 0.7071067811865473507, 0.7071067811865473507, 0.7071067811865475727, 0.7071067811865475727, 0.7071067811865475727, 0.7071067811865475727, 0.7071067811865475727, 0.7071067811865475727, 0.7071067811865475727, 0.7071067811865475727, 0.7071067811865475727, 0.7071067811865475727, 0.7071067811865475727, 0.7071067811865475727),
 ( 1.000000000000000000, 1.000000000000000000, 1.000000000000000000, 1.000000000000000000, 1.000000000000000000, 1.000000000000000000, 1.000000000000000000, 1.000000000000000000, 1.000000000000000000, 1.000000000000000000, 1.000000000000000000, 1.000000000000000000, 1.000000000000000000, 1.000000000000000000, 1.000000000000000000, 1.000000000000000000, 1.000000000000000000, 1.000000000000000000, 1.000000000000000000, 1.000000000000000000, 1.000000000000000000, 1.000000000000000000, 1.000000000000000000, 1.000000000000000000, 1.000000000000000000, 1.000000000000000000, 1.000000000000000000, 1.000000000000000000, 1.000000000000000000, 1.000000000000000000, 1.000000000000000000, 1.000000000000000000, 1.000000000000000000, 1.000000000000000000) ) ) 
 REPRESENTATION_ITEM ( '' )  SURFACE ( )  );
#1103 = CARTESIAN_POINT ( 'NONE',  ( -6.851832369614599294, 72.86999303733338706, -24.99999999999999645 ) ) ;
#1104 = CARTESIAN_POINT ( 'NONE',  ( 5.749999999999992895, 14.96994831248080438, -24.99999999999999645 ) ) ;
#1105 = CARTESIAN_POINT ( 'NONE',  ( -11.25000000000000711, 76.25000000000000000, -27.99999999999999645 ) ) ;
#1106 = DIRECTION ( 'NONE',  ( 1.000000000000000000, 0.000000000000000000, -1.387778780781445676E-16 ) ) ;
#1107 = CARTESIAN_POINT ( 'NONE',  ( -9.099086478303064496, 11.45116605339110727, -27.99999999999999645 ) ) ;
#1108 = ORIENTED_EDGE ( 'NONE', *, *, #2460, .F. ) ;
#1109 = CARTESIAN_POINT ( 'NONE',  ( 7.749999999999990230, 76.24999999999998579, -27.99999999999999645 ) ) ;
#1110 = LINE ( 'NONE', #2408, #2508 ) ;
#1111 = ADVANCED_FACE ( 'NONE', ( #947, #2945 ), #2689, .T. ) ;
#1112 = CARTESIAN_POINT ( 'NONE',  ( -14.25000000000000888, 76.25000000000000000, -24.49999999999999289 ) ) ;
#1113 = ORIENTED_EDGE ( 'NONE', *, *, #1139, .T. ) ;
#1114 = ADVANCED_FACE ( 'NONE', ( #402, #112, #1663 ), #3153, .F. ) ;
#1115 = CARTESIAN_POINT ( 'NONE',  ( 11.96994831248080970, 70.75000000000000000, -24.99999999999999645 ) ) ;
#1116 = DIRECTION ( 'NONE',  ( 0.000000000000000000, -1.000000000000000000, 1.156482317317871331E-15 ) ) ;
#1117 = EDGE_CURVE ( 'NONE', #2327, #1744, #1375, .T. ) ;
#1118 = ADVANCED_FACE ( 'NONE', ( #2422 ), #2439, .F. ) ;
#1119 = CYLINDRICAL_SURFACE ( 'NONE', #3196, 1.500000000000001332 ) ;
#1120 = CARTESIAN_POINT ( 'NONE',  ( 14.30825236020575808, 12.48733357103365371, -27.99999999999999645 ) ) ;
#1121 = CARTESIAN_POINT ( 'NONE',  ( -8.191747639794945357, 78.01266642896320036, -25.00000000000000000 ) ) ;
#1122 = CARTESIAN_POINT ( 'NONE',  ( 6.444174862534015169, 17.01990438837504271, -24.99999999999999645 ) ) ;
#1123 = CARTESIAN_POINT ( 'NONE',  ( 16.19368636067495615, 73.81301541410986999, -25.00000000000000000 ) ) ;
#1124 = AXIS2_PLACEMENT_3D ( 'NONE', #1213, #1463, #2445 ) ;
#1125 = ORIENTED_EDGE ( 'NONE', *, *, #1139, .F. ) ;
#1126 = LINE ( 'NONE', #3150, #2261 ) ;
#1127 = CARTESIAN_POINT ( 'NONE',  ( -13.01266642896571746, 17.30825236020630697, -25.00000000000000000 ) ) ;
#1128 = ORIENTED_EDGE ( 'NONE', *, *, #2993, .T. ) ;
#1129 = CARTESIAN_POINT ( 'NONE',  ( -7.750000000000007105, 14.24999999999999822, -27.99999999999999645 ) ) ;
#1130 = CARTESIAN_POINT ( 'NONE',  ( -20.00000000000000711, 2.499999999999988454, -22.50000000000000000 ) ) ;
#1131 = FACE_BOUND ( 'NONE', #2466, .T. ) ;
#1132 = EDGE_LOOP ( 'NONE', ( #2803, #3050, #288, #3053, #2452, #1897 ) ) ;
#1133 = CIRCLE ( 'NONE', #107, 1.500000000000001332 ) ;
#1134 = CARTESIAN_POINT ( 'NONE',  ( 12.16611759758844258, 72.84109563262772724, -25.00000000000000000 ) ) ;
#1135 = CARTESIAN_POINT ( 'NONE',  ( 5.893150279841814054, 74.81038663235530350, -24.99999999999999645 ) ) ;
#1136 = AXIS2_PLACEMENT_3D ( 'NONE', #2072, #1820, #1617 ) ;
#1137 = EDGE_LOOP ( 'NONE', ( #2493, #1743 ) ) ;
#1138 = ORIENTED_EDGE ( 'NONE', *, *, #1674, .F. ) ;
#1139 = EDGE_CURVE ( 'NONE', #675, #495, #2875, .T. ) ;
#1140 = CARTESIAN_POINT ( 'NONE',  ( 14.74999999999999289, 14.25000000000000178, -25.00000000000000000 ) ) ;
#1141 = CARTESIAN_POINT ( 'NONE',  ( -16.05582513746630724, 73.48009561162373871, -24.99999999999999645 ) ) ;
#1142 = CARTESIAN_POINT ( 'NONE',  ( -6.031011503050022426, 12.47746682987786926, -24.99999999999999645 ) ) ;
#1143 = CARTESIAN_POINT ( 'NONE',  ( 5.750035730263873823, 76.60961331492941895, -25.00000000000000000 ) ) ;
#1144 = ORIENTED_EDGE ( 'NONE', *, *, #824, .F. ) ;
#1145 = FACE_OUTER_BOUND ( 'NONE', #2308, .T. ) ;
#1146 = EDGE_LOOP ( 'NONE', ( #1781, #1029, #3247, #2940 ) ) ;
#1147 = CARTESIAN_POINT ( 'NONE',  ( -14.75000000000000888, 14.70814892612454372, -27.99999999999999645 ) ) ;
#1148 = ORIENTED_EDGE ( 'NONE', *, *, #1770, .T. ) ;
#1149 = DIRECTION ( 'NONE',  ( -1.000000000000000000, 0.000000000000000000, -1.826024711554534160E-16 ) ) ;
#1150 = AXIS2_PLACEMENT_3D ( 'NONE', #1196, #1714, #2735 ) ;
#1151 = CARTESIAN_POINT ( 'NONE',  ( 7.749999999999992895, 14.24999999999999822, -27.99999999999999645 ) ) ;
#1152 = CARTESIAN_POINT ( 'NONE',  ( -5.893150279842089390, 77.68961336764306225, -24.99999999999999645 ) ) ;
#1153 = CARTESIAN_POINT ( 'NONE',  ( 14.74999999999999289, 76.25000000000000000, -25.00000000000000000 ) ) ;
#1154 = CARTESIAN_POINT ( 'NONE',  ( 6.851832369614903051, 72.86999303733306022, -24.99999999999999645 ) ) ;
#1155 = CARTESIAN_POINT ( 'NONE',  ( -22.50100000000000833, 12.49999999999999645, 17.50000000000000711 ) ) ;
#1156 = ORIENTED_EDGE ( 'NONE', *, *, #684, .F. ) ;
#1157 = CALENDAR_DATE ( 2025, 14, 12 ) ;
#1158 = VERTEX_POINT ( 'NONE', #1129 ) ;
#1159 = CARTESIAN_POINT ( 'NONE',  ( -16.02383909567780762, 73.49549168096115181, -25.00000000000000000 ) ) ;
#1160 = CARTESIAN_POINT ( 'NONE',  ( -14.01990438837540864, 81.05582513747063444, -24.99999999999999645 ) ) ;
#1161 = LINE ( 'NONE', #3224, #3040 ) ;
#1162 = CARTESIAN_POINT ( 'NONE',  ( 16.71455693001253096, 76.96796472736718897, -25.00000000000000000 ) ) ;
#1163 = EDGE_CURVE ( 'NONE', #11, #408, #752, .T. ) ;
#1164 = DIRECTION ( 'NONE',  ( 0.000000000000000000, -0.000000000000000000, 1.000000000000000000 ) ) ;
#1165 = VERTEX_POINT ( 'NONE', #797 ) ;
#1166 = ADVANCED_FACE ( 'NONE', ( #2479 ), #528, .F. ) ;
#1167 = DIRECTION ( 'NONE',  ( -0.000000000000000000, 0.000000000000000000, 1.000000000000000000 ) ) ;
#1168 = CARTESIAN_POINT ( 'NONE',  ( -6.444174862533753156, 79.01990438837289332, -24.99999999999999645 ) ) ;
#1169 = CARTESIAN_POINT ( 'NONE',  ( 7.749999999999365841, 75.79185107387542075, -25.00000000000000000 ) ) ;
#1170 = CARTESIAN_POINT ( 'NONE',  ( 14.04883394660889095, 74.09908647830305028, -25.00000000000000000 ) ) ;
#1171 = CARTESIAN_POINT ( 'NONE',  ( 20.00000000000000000, 87.50000000000000000, -22.50000000000000000 ) ) ;
#1172 = VERTEX_POINT ( 'NONE', #193 ) ;
#1173 = APPLICATION_PROTOCOL_DEFINITION ( 'international standard', 'config_control_design', 1994, #2690 ) ;
#1174 = CARTESIAN_POINT ( 'NONE',  ( -6.476102231561040590, 73.49545247707209228, -25.00000000000000000 ) ) ;
#1175 = CYLINDRICAL_SURFACE ( 'NONE', #1760, 3.000000000000000888 ) ;
#1176 = CARTESIAN_POINT ( 'NONE',  ( -13.01788028728748792, 11.19382840921960032, -27.99999999999999645 ) ) ;
#1177 = CARTESIAN_POINT ( 'NONE',  ( -12.68961336764096970, 8.893150279842140904, -24.99999999999999645 ) ) ;
#1178 = LINE ( 'NONE', #2451, #3169 ) ;
#1179 = ORIENTED_EDGE ( 'NONE', *, *, #2746, .F. ) ;
#1180 = DIRECTION ( 'NONE',  ( -0.000000000000000000, -0.000000000000000000, -1.000000000000000000 ) ) ;
#1181 = VERTEX_POINT ( 'NONE', #1043 ) ;
#1182 = CARTESIAN_POINT ( 'NONE',  ( -9.103107179305151675, 17.05275158409046909, -27.99999999999999289 ) ) ;
#1183 = EDGE_CURVE ( 'NONE', #1181, #2258, #1553, .T. ) ;
#1184 = CARTESIAN_POINT ( 'NONE',  ( -19.50000000000000711, 0.000000000000000000, -22.00000000000000000 ) ) ;
#1185 = DIRECTION ( 'NONE',  ( -1.387778780781445676E-16, 0.000000000000000000, -1.000000000000000000 ) ) ;
#1186 = VECTOR ( 'NONE', #2593, 1000.000000000000000 ) ;
#1187 = CARTESIAN_POINT ( 'NONE',  ( 13.01266642896571213, 79.30825236020629632, -25.00000000000000000 ) ) ;
#1188 = VECTOR ( 'NONE', #1098, 1000.000000000000000 ) ;
#1189 = CARTESIAN_POINT ( 'NONE',  ( -10.33904048314940205, 72.83888020422435261, -27.99999999999999645 ) ) ;
#1190 = VERTEX_POINT ( 'NONE', #2549 ) ;
#1191 = ORIENTED_EDGE ( 'NONE', *, *, #607, .F. ) ;
#1192 = CARTESIAN_POINT ( 'NONE',  ( -12.16095951685061038, 79.66111979577569002, -27.99999999999999645 ) ) ;
#1193 = DATE_AND_TIME ( #1381, #1913 ) ;
#1194 = ORIENTED_EDGE ( 'NONE', *, *, #1704, .F. ) ;
#1195 = VECTOR ( 'NONE', #1052, 1000.000000000000000 ) ;
#1196 = CARTESIAN_POINT ( 'NONE',  ( -19.50000000000000000, 3.000000000000000000, 22.00000000000000711 ) ) ;
#1197 = CARTESIAN_POINT ( 'NONE',  ( -14.65890436737349312, 77.16611759758869482, -27.99999999999999645 ) ) ;
#1198 = CARTESIAN_POINT ( 'NONE',  ( 20.00000000000000711, 2.499999999999988454, 22.50000000000000711 ) ) ;
#1199 = FACE_OUTER_BOUND ( 'NONE', #2291, .T. ) ;
#1200 = LINE ( 'NONE', #2686, #606 ) ;
#1201 =( BOUNDED_SURFACE ( )  B_SPLINE_SURFACE ( 2, 3, ( 
 ( #296, #1873, #557, #40, #2884, #1845, #861, #2612, #1370, #54, #2596, #829, #3147, #3102, #1122, #1829, #1104, #1623, #2356, #28, #2340, #2852, #1590, #1857, #2111, #88, #2834, #2138, #310, #326, #2370, #589, #841, #72 ),
 ( #1326, #2863, #1073, #571, #1313, #608, #1607, #1088, #2328, #542, #1891, #3116, #2097, #814, #1339, #1641, #1355, #1058, #3085, #340, #2625, #2580, #2124, #3130, #2901, #2644, #2382, #2081, #798, #1578, #937, #3288, #2279, #2770 ),
 ( #478, #2485, #1734, #3258, #1006, #2229, #229, #1961, #210, #734, #1485, #2399, #1462, #954, #697, #970, #1233, #2516, #2971, #1265, #2987, #2755, #1502, #2015, #3273, #2500, #465, #1248, #2260, #676, #1996, #715, #1212, #1711 ) ),
 .UNSPECIFIED., .F., .T., .T. ) 
 B_SPLINE_SURFACE_WITH_KNOTS ( ( 3, 3 ),
 ( 4, 2, 2, 2, 2, 2, 2, 2, 2, 2, 2, 2, 2, 2, 2, 2, 4 ),
 ( 0.000000000000000000, 1.000000000000000000 ),
 ( -6.283185307179586232, -5.890486225480861648, -5.497787143782137953, -5.105088062083414258, -4.712388980384689674, -4.319689898685965090, -3.926990816987241395, -3.534291735288517255, -3.141592653589793116, -2.748893571891068976, -2.356194490192344837, -1.963495408493620697, -1.570796326794896558, -1.178097245096172418, -0.7853981633974482790, -0.3926990816987241395, 0.000000000000000000 ),
 .UNSPECIFIED. ) 
 GEOMETRIC_REPRESENTATION_ITEM ( )  RATIONAL_B_SPLINE_SURFACE ( (
 ( 1.000000000000000000, 1.000000000000000000, 1.000000000000000000, 1.000000000000000000, 1.000000000000000000, 1.000000000000000000, 1.000000000000000000, 1.000000000000000000, 1.000000000000000000, 1.000000000000000000, 1.000000000000000000, 1.000000000000000000, 1.000000000000000000, 1.000000000000000000, 1.000000000000000000, 1.000000000000000000, 1.000000000000000000, 1.000000000000000000, 1.000000000000000000, 1.000000000000000000, 1.000000000000000000, 1.000000000000000000, 1.000000000000000000, 1.000000000000000000, 1.000000000000000000, 1.000000000000000000, 1.000000000000000000, 1.000000000000000000, 1.000000000000000000, 1.000000000000000000, 1.000000000000000000, 1.000000000000000000, 1.000000000000000000, 1.000000000000000000),
 ( 0.7071067811865475727, 0.7071067811865475727, 0.7071067811865475727, 0.7071067811865475727, 0.7071067811865475727, 0.7071067811865475727, 0.7071067811865475727, 0.7071067811865475727, 0.7071067811865475727, 0.7071067811865475727, 0.7071067811865475727, 0.7071067811865475727, 0.7071067811865476838, 0.7071067811865476838, 0.7071067811865475727, 0.7071067811865475727, 0.7071067811865473507, 0.7071067811865473507, 0.7071067811865476838, 0.7071067811865476838, 0.7071067811865475727, 0.7071067811865475727, 0.7071067811865475727, 0.7071067811865475727, 0.7071067811865475727, 0.7071067811865475727, 0.7071067811865475727, 0.7071067811865475727, 0.7071067811865475727, 0.7071067811865475727, 0.7071067811865475727, 0.7071067811865475727, 0.7071067811865475727, 0.7071067811865475727),
 ( 1.000000000000000000, 1.000000000000000000, 1.000000000000000000, 1.000000000000000000, 1.000000000000000000, 1.000000000000000000, 1.000000000000000000, 1.000000000000000000, 1.000000000000000000, 1.000000000000000000, 1.000000000000000000, 1.000000000000000000, 1.000000000000000000, 1.000000000000000000, 1.000000000000000000, 1.000000000000000000, 1.000000000000000000, 1.000000000000000000, 1.000000000000000000, 1.000000000000000000, 1.000000000000000000, 1.000000000000000000, 1.000000000000000000, 1.000000000000000000, 1.000000000000000000, 1.000000000000000000, 1.000000000000000000, 1.000000000000000000, 1.000000000000000000, 1.000000000000000000, 1.000000000000000000, 1.000000000000000000, 1.000000000000000000, 1.000000000000000000) ) ) 
 REPRESENTATION_ITEM ( '' )  SURFACE ( )  );
#1202 = FACE_OUTER_BOUND ( 'NONE', #2742, .T. ) ;
#1203 = ORIENTED_EDGE ( 'NONE', *, *, #978, .T. ) ;
#1204 = CARTESIAN_POINT ( 'NONE',  ( -7.750072876914617659, 14.71376217909694439, -28.00000000000000000 ) ) ;
#1205 = CARTESIAN_POINT ( 'NONE',  ( -14.01990438837567154, 71.44417486253371408, -24.99999999999999645 ) ) ;
#1206 = CARTESIAN_POINT ( 'NONE',  ( 8.249999999999989342, 14.25000000000000178, -22.49999999999999289 ) ) ;
#1207 = CIRCLE ( 'NONE', #595, 1.500000000000001332 ) ;
#1208 = CARTESIAN_POINT ( 'NONE',  ( 7.750000000000614619, 76.70814892612453662, -25.00000000000000000 ) ) ;
#1209 = CARTESIAN_POINT ( 'NONE',  ( -7.106652955002342509, 17.88477701783013885, -25.00000000000000355 ) ) ;
#1210 = VERTEX_POINT ( 'NONE', #1988 ) ;
#1211 = VERTEX_POINT ( 'NONE', #964 ) ;
#1212 = CARTESIAN_POINT ( 'NONE',  ( 14.74999999999999467, 13.79185107387558062, -27.99999999999999645 ) ) ;
#1213 = CARTESIAN_POINT ( 'NONE',  ( 0.000000000000000000, 0.000000000000000000, 0.000000000000000000 ) ) ;
#1214 = CARTESIAN_POINT ( 'NONE',  ( -5.750000000000001776, 75.88984489963466729, -24.99999999999999645 ) ) ;
#1215 = CARTESIAN_POINT ( 'NONE',  ( -8.191747639793229396, 78.01266642896391090, -27.99999999999999645 ) ) ;
#1216 = CARTESIAN_POINT ( 'NONE',  ( 19.49999999999999645, 87.50000000000000000, 25.00000000000000355 ) ) ;
#1217 = CARTESIAN_POINT ( 'NONE',  ( -6.851832369614599294, 17.63000696266692557, -24.99999999999999645 ) ) ;
#1218 = ADVANCED_FACE ( 'NONE', ( #1725 ), #66, .T. ) ;
#1219 = CARTESIAN_POINT ( 'NONE',  ( 12.67788248563643094, 19.57334550807000895, -25.00000000000000000 ) ) ;
#1220 = ORIENTED_EDGE ( 'NONE', *, *, #2703, .T. ) ;
#1221 = DIRECTION ( 'NONE',  ( 0.000000000000000000, -0.000000000000000000, -1.000000000000000000 ) ) ;
#1222 = AXIS2_PLACEMENT_3D ( 'NONE', #1277, #2288, #3065 ) ;
#1223 = ORIENTED_EDGE ( 'NONE', *, *, #2438, .T. ) ;
#1224 = CARTESIAN_POINT ( 'NONE',  ( 16.05582513746686502, 17.01990438837540509, -24.99999999999999645 ) ) ;
#1225 =( BOUNDED_SURFACE ( )  B_SPLINE_SURFACE ( 2, 3, ( 
 ( #3295, #802, #1013, #520, #3047, #264, #3284, #2583, #3308, #1793, #2838, #3062, #774, #2568, #1555, #492, #1835, #2526, #545, #1001, #1581, #299, #1329, #1031, #2025, #3030, #742, #240, #1274, #2794, #504, #1544, #2542, #252 ),
 ( #817, #2649, #330, #2386, #1848, #1898, #344, #1390, #832, #2907, #92, #1127, #3133, #2127, #43, #2599, #2114, #3119, #315, #846, #2889, #360, #614, #2344, #1345, #1358, #2669, #2924, #3171, #867, #2405, #1646, #2615, #2373 ),
 ( #1078, #3152, #593, #1879, #2100, #1594, #885, #1629, #2360, #1092, #2867, #1662, #57, #3106, #2855, #111, #1147, #1860, #2164, #2630, #1915, #632, #76, #575, #381, #2145, #560, #1614, #1107, #1374, #2185, #1411, #3189, #2421 ) ),
 .UNSPECIFIED., .F., .T., .F. ) 
 B_SPLINE_SURFACE_WITH_KNOTS ( ( 3, 3 ),
 ( 4, 2, 2, 2, 2, 2, 2, 2, 2, 2, 2, 2, 2, 2, 2, 2, 4 ),
 ( 0.000000000000000000, 1.000000000000000000 ),
 ( -6.283185307179586232, -5.890486225480861648, -5.497787143782137953, -5.105088062083414258, -4.712388980384689674, -4.319689898685965090, -3.926990816987241395, -3.534291735288517255, -3.141592653589793116, -2.748893571891068976, -2.356194490192344837, -1.963495408493620697, -1.570796326794896558, -1.178097245096172418, -0.7853981633974482790, -0.3926990816987241395, 0.000000000000000000 ),
 .UNSPECIFIED. ) 
 GEOMETRIC_REPRESENTATION_ITEM ( )  RATIONAL_B_SPLINE_SURFACE ( (
 ( 1.000000000000000000, 1.000000000000000000, 1.000000000000000000, 1.000000000000000000, 1.000000000000000000, 1.000000000000000000, 1.000000000000000000, 1.000000000000000000, 1.000000000000000000, 1.000000000000000000, 1.000000000000000000, 1.000000000000000000, 1.000000000000000000, 1.000000000000000000, 1.000000000000000000, 1.000000000000000000, 1.000000000000000000, 1.000000000000000000, 1.000000000000000000, 1.000000000000000000, 1.000000000000000000, 1.000000000000000000, 1.000000000000000000, 1.000000000000000000, 1.000000000000000000, 1.000000000000000000, 1.000000000000000000, 1.000000000000000000, 1.000000000000000000, 1.000000000000000000, 1.000000000000000000, 1.000000000000000000, 1.000000000000000000, 1.000000000000000000),
 ( 0.7071067811865473507, 0.7071067811865473507, 0.7071067811865476838, 0.7071067811865476838, 0.7071067811865475727, 0.7071067811865475727, 0.7071067811865475727, 0.7071067811865475727, 0.7071067811865475727, 0.7071067811865475727, 0.7071067811865475727, 0.7071067811865475727, 0.7071067811865475727, 0.7071067811865475727, 0.7071067811865475727, 0.7071067811865475727, 0.7071067811865475727, 0.7071067811865475727, 0.7071067811865475727, 0.7071067811865475727, 0.7071067811865475727, 0.7071067811865475727, 0.7071067811865475727, 0.7071067811865475727, 0.7071067811865475727, 0.7071067811865475727, 0.7071067811865475727, 0.7071067811865475727, 0.7071067811865474617, 0.7071067811865474617, 0.7071067811865475727, 0.7071067811865475727, 0.7071067811865473507, 0.7071067811865473507),
 ( 1.000000000000000000, 1.000000000000000000, 1.000000000000000000, 1.000000000000000000, 1.000000000000000000, 1.000000000000000000, 1.000000000000000000, 1.000000000000000000, 1.000000000000000000, 1.000000000000000000, 1.000000000000000000, 1.000000000000000000, 1.000000000000000000, 1.000000000000000000, 1.000000000000000000, 1.000000000000000000, 1.000000000000000000, 1.000000000000000000, 1.000000000000000000, 1.000000000000000000, 1.000000000000000000, 1.000000000000000000, 1.000000000000000000, 1.000000000000000000, 1.000000000000000000, 1.000000000000000000, 1.000000000000000000, 1.000000000000000000, 1.000000000000000000, 1.000000000000000000, 1.000000000000000000, 1.000000000000000000, 1.000000000000000000, 1.000000000000000000) ) ) 
 REPRESENTATION_ITEM ( '' )  SURFACE ( )  );
#1226 = ORIENTED_EDGE ( 'NONE', *, *, #2805, .F. ) ;
#1227 = CARTESIAN_POINT ( 'NONE',  ( -5.893150279841972150, 74.81038663236070363, -24.99999999999999645 ) ) ;
#1228 = CARTESIAN_POINT ( 'NONE',  ( 7.749999999999990230, 76.24999999999998579, -27.99999999999999645 ) ) ;
#1229 = LINE ( 'NONE', #253, #2476 ) ;
#1230 = CARTESIAN_POINT ( 'NONE',  ( -13.68701193266275951, 19.19375238159445018, -24.99999999999999645 ) ) ;
#1231 = ORIENTED_EDGE ( 'NONE', *, *, #1323, .T. ) ;
#1232 = EDGE_CURVE ( 'NONE', #1270, #2923, #604, .T. ) ;
#1233 = CARTESIAN_POINT ( 'NONE',  ( 7.749999999999992006, 14.70814892612454727, -27.99999999999999645 ) ) ;
#1234 = CARTESIAN_POINT ( 'NONE',  ( -9.822103747748938574, 70.92658528270268903, -24.99999999999999645 ) ) ;
#1235 = CARTESIAN_POINT ( 'NONE',  ( -14.65890436737291225, 75.33388240241154676, -25.00000000000000000 ) ) ;
#1236 = VERTEX_POINT ( 'NONE', #1638 ) ;
#1237 = EDGE_CURVE ( 'NONE', #1496, #2920, #2354, .T. ) ;
#1238 = CARTESIAN_POINT ( 'NONE',  ( -9.810386632361547399, 8.893150279841515626, -24.99999999999999645 ) ) ;
#1239 = DIRECTION ( 'NONE',  ( -1.000000000000000000, -0.000000000000000000, 1.387778780781445676E-16 ) ) ;
#1240 = ORIENTED_EDGE ( 'NONE', *, *, #2266, .T. ) ;
#1241 = VECTOR ( 'NONE', #2400, 1000.000000000000000 ) ;
#1242 = CARTESIAN_POINT ( 'NONE',  ( -10.33388240241155387, 72.84109563262772724, -25.00000000000000000 ) ) ;
#1243 = CARTESIAN_POINT ( 'NONE',  ( -17.00000000000000711, 5.499999999999988454, -22.50000000000000000 ) ) ;
#1244 = CARTESIAN_POINT ( 'NONE',  ( 14.04883394660888918, 74.09908647830306450, -27.99999999999999645 ) ) ;
#1245 = CARTESIAN_POINT ( 'NONE',  ( -9.750000000000005329, 14.24999999999999822, 25.00100000000000833 ) ) ;
#1246 = EDGE_LOOP ( 'NONE', ( #1011, #961, #1442, #1399 ) ) ;
#1247 = AXIS2_PLACEMENT_3D ( 'NONE', #1900, #2633, #332 ) ;
#1248 = CARTESIAN_POINT ( 'NONE',  ( 13.01266642896714920, 11.19174763979457232, -27.99999999999999645 ) ) ;
#1249 = CARTESIAN_POINT ( 'NONE',  ( 16.05582513746686857, 79.01990438837289332, -24.99999999999999645 ) ) ;
#1250 = DIRECTION ( 'NONE',  ( -0.000000000000000000, -0.000000000000000000, 1.000000000000000000 ) ) ;
#1251 = EDGE_CURVE ( 'NONE', #1567, #687, #2469, .T. ) ;
#1252 = AXIS2_PLACEMENT_3D ( 'NONE', #2821, #2567, #280 ) ;
#1253 = CARTESIAN_POINT ( 'NONE',  ( -7.869993037333383512, 9.851832369614600182, -24.99999999999999645 ) ) ;
#1254 = CARTESIAN_POINT ( 'NONE',  ( 16.74999999999999289, 14.25000000000000000, -24.99999999999999645 ) ) ;
#1255 = VECTOR ( 'NONE', #2216, 1000.000000000000000 ) ;
#1256 = CARTESIAN_POINT ( 'NONE',  ( 22.50100000000000122, 12.49999999999999645, -17.49999999999999645 ) ) ;
#1257 = ORIENTED_EDGE ( 'NONE', *, *, #1949, .F. ) ;
#1258 = CARTESIAN_POINT ( 'NONE',  ( -7.750000000000001776, 76.70814892612565927, -27.99999999999999645 ) ) ;
#1259 = CARTESIAN_POINT ( 'NONE',  ( -1.000000000000007772, 2.499999999999988454, -22.49999999999999645 ) ) ;
#1260 = ORIENTED_EDGE ( 'NONE', *, *, #1628, .F. ) ;
#1261 = DIRECTION ( 'NONE',  ( -0.000000000000000000, -0.000000000000000000, -1.000000000000000000 ) ) ;
#1262 = CARTESIAN_POINT ( 'NONE',  ( -14.75000000000001243, 75.78568062793124227, -28.00000000000000000 ) ) ;
#1263 = ORIENTED_EDGE ( 'NONE', *, *, #618, .T. ) ;
#1264 = VECTOR ( 'NONE', #1765, 1000.000000000000000 ) ;
#1265 = CARTESIAN_POINT ( 'NONE',  ( 8.191747639794117575, 12.48733357103391661, -27.99999999999999645 ) ) ;
#1266 = CARTESIAN_POINT ( 'NONE',  ( -13.40091352169714334, 73.45116605339130444, -24.99999999999999645 ) ) ;
#1267 = CARTESIAN_POINT ( 'NONE',  ( -14.75000000000000533, 13.79185107387544029, -27.99999999999999645 ) ) ;
#1268 = CARTESIAN_POINT ( 'NONE',  ( 16.57341471731818316, 15.67789625219065464, -24.99999999999999289 ) ) ;
#1269 = PLANE ( 'NONE',  #2830 ) ;
#1270 = VERTEX_POINT ( 'NONE', #699 ) ;
#1271 = EDGE_CURVE ( 'NONE', #1943, #1275, #1486, .T. ) ;
#1272 = CARTESIAN_POINT ( 'NONE',  ( -16.05582513746630013, 79.01990438837627551, -24.99999999999999645 ) ) ;
#1273 = EDGE_CURVE ( 'NONE', #509, #168, #410, .T. ) ;
#1274 = CARTESIAN_POINT ( 'NONE',  ( -7.869993037333383512, 9.851832369614600182, -24.99999999999999645 ) ) ;
#1275 = VERTEX_POINT ( 'NONE', #3181 ) ;
#1276 = CARTESIAN_POINT ( 'NONE',  ( 19.49999999999999289, 3.000000000000000000, -22.00000000000000000 ) ) ;
#1277 = CARTESIAN_POINT ( 'NONE',  ( -11.25000000000000711, 14.24999999999999822, -22.49999999999999289 ) ) ;
#1278 = ORIENTED_EDGE ( 'NONE', *, *, #3298, .T. ) ;
#1279 = CARTESIAN_POINT ( 'NONE',  ( -7.750000000000007105, 14.24999999999999822, -27.99999999999999645 ) ) ;
#1280 = CARTESIAN_POINT ( 'NONE',  ( 16.46898849695506328, 12.47746682989757439, -24.99999999999999645 ) ) ;
#1281 = CYLINDRICAL_SURFACE ( 'NONE', #3045, 3.000000000000000000 ) ;
#1282 = CARTESIAN_POINT ( 'NONE',  ( -8.191747639794630942, 12.48733357103318831, -25.00000000000000000 ) ) ;
#1283 = CARTESIAN_POINT ( 'NONE',  ( 14.63000696266693978, 18.64816763038507830, -24.99999999999999645 ) ) ;
#1284 = FACE_OUTER_BOUND ( 'NONE', #1292, .T. ) ;
#1285 = CARTESIAN_POINT ( 'NONE',  ( -22.50000000000000000, 87.50000000000000000, 22.00000000000000355 ) ) ;
#1286 = B_SPLINE_CURVE_WITH_KNOTS ( 'NONE', 3,
 ( #2467, #3219, #179, #2733, #1979, #747, #1784, #1192, #355, #2212, #447, #199, #3007, #1754, #794, #2322, #1536, #246 ),
 .UNSPECIFIED., .F., .F.,
 ( 4, 2, 2, 2, 2, 2, 2, 2, 4 ),
 ( 0.000000000000000000, 0.06250000000000000000, 0.1250000000000000000, 0.1875000000000000000, 0.2500000000000000000, 0.3125000000000000000, 0.3750000000000000000, 0.4375000000000000000, 0.5000000000000000000 ),
 .UNSPECIFIED. ) ;
#1287 = ORIENTED_EDGE ( 'NONE', *, *, #769, .F. ) ;
#1288 = CARTESIAN_POINT ( 'NONE',  ( 8.451166053391300892, 78.40091352169714867, -27.99999999999999645 ) ) ;
#1289 = CARTESIAN_POINT ( 'NONE',  ( -17.00000000000000000, 2.499999999999988454, 22.50000000000000000 ) ) ;
#1290 = EDGE_CURVE ( 'NONE', #2020, #351, #661, .T. ) ;
#1291 = CARTESIAN_POINT ( 'NONE',  ( 11.24999999999999289, 76.25000000000000000, -22.49999999999999289 ) ) ;
#1292 = EDGE_LOOP ( 'NONE', ( #455, #1093, #2818, #1645 ) ) ;
#1293 = CARTESIAN_POINT ( 'NONE',  ( 13.68701193265665239, 9.306247618400629307, -25.00000000000000000 ) ) ;
#1294 = AXIS2_PLACEMENT_3D ( 'NONE', #323, #2378, #2563 ) ;
#1295 = ORIENTED_EDGE ( 'NONE', *, *, #266, .T. ) ;
#1296 = LINE ( 'NONE', #2310, #1188 ) ;
#1297 = CARTESIAN_POINT ( 'NONE',  ( -12.16611759758991695, 17.65890436737270264, -25.00000000000000000 ) ) ;
#1298 = AXIS2_PLACEMENT_3D ( 'NONE', #1300, #298, #2358 ) ;
#1299 = AXIS2_PLACEMENT_3D ( 'NONE', #650, #91, #379 ) ;
#1300 = CARTESIAN_POINT ( 'NONE',  ( -19.50000000000000711, 3.000000000000000000, -22.00000000000000000 ) ) ;
#1301 = CARTESIAN_POINT ( 'NONE',  ( -11.25000000000000711, 14.24999999999999822, -24.49999999999999289 ) ) ;
#1302 = ORIENTED_EDGE ( 'NONE', *, *, #1672, .T. ) ;
#1303 = CARTESIAN_POINT ( 'NONE',  ( 16.74999999999999289, 76.25000000000000000, -24.99999999999999645 ) ) ;
#1304 = DIRECTION ( 'NONE',  ( -1.000000000000000000, -0.000000000000000000, 1.387778780781445676E-16 ) ) ;
#1305 = CARTESIAN_POINT ( 'NONE',  ( 19.49999999999999289, 0.000000000000000000, -22.00000000000000000 ) ) ;
#1306 = EDGE_LOOP ( 'NONE', ( #981, #1056, #989, #2677 ) ) ;
#1307 = CARTESIAN_POINT ( 'NONE',  ( 16.74999999999999289, 14.25000000000000000, -24.99999999999999645 ) ) ;
#1308 = FACE_BOUND ( 'NONE', #2058, .T. ) ;
#1309 = EDGE_CURVE ( 'NONE', #2906, #1270, #184, .T. ) ;
#1310 = LINE ( 'NONE', #2325, #211 ) ;
#1311 = VECTOR ( 'NONE', #1738, 1000.000000000000000 ) ;
#1312 = DIRECTION ( 'NONE',  ( -1.204669080539449344E-16, 0.000000000000000000, -1.000000000000000000 ) ) ;
#1313 = CARTESIAN_POINT ( 'NONE',  ( 14.04883394660886076, 16.40091352169759276, -25.00000000000000000 ) ) ;
#1314 = DIRECTION ( 'NONE',  ( 0.000000000000000000, 0.000000000000000000, -1.000000000000000000 ) ) ;
#1315 = CARTESIAN_POINT ( 'NONE',  ( -11.25000000000000711, 76.25000000000000000, -24.49999999999999289 ) ) ;
#1316 = ORIENTED_EDGE ( 'NONE', *, *, #938, .F. ) ;
#1317 = FACE_OUTER_BOUND ( 'NONE', #245, .T. ) ;
#1318 = CARTESIAN_POINT ( 'NONE',  ( -20.00000000000000000, 87.50000000000000000, 22.50000000000000000 ) ) ;
#1319 = LINE ( 'NONE', #779, #853 ) ;
#1320 = CARTESIAN_POINT ( 'NONE',  ( 6.878238338457918211, 10.89361326211649406, -25.00000000000000355 ) ) ;
#1321 = FACE_OUTER_BOUND ( 'NONE', #1380, .T. ) ;
#1322 = CARTESIAN_POINT ( 'NONE',  ( -13.01266642896610115, 11.19174763979412823, -27.99999999999999645 ) ) ;
#1323 = EDGE_CURVE ( 'NONE', #168, #1980, #450, .T. ) ;
#1324 = CARTESIAN_POINT ( 'NONE',  ( 15.64816763038508896, 17.63000696266692913, -24.99999999999999645 ) ) ;
#1325 = ADVANCED_FACE ( 'NONE', ( #2717, #957 ), #1981, .F. ) ;
#1326 = CARTESIAN_POINT ( 'NONE',  ( 14.74999999999999289, 14.25000000000000178, -25.00000000000000000 ) ) ;
#1327 = CARTESIAN_POINT ( 'NONE',  ( 13.02250582333100937, 71.03107752395793284, -24.99999999999999645 ) ) ;
#1328 = CARTESIAN_POINT ( 'NONE',  ( -14.75000000000000888, 75.79185107387542075, -27.99999999999999645 ) ) ;
#1329 = CARTESIAN_POINT ( 'NONE',  ( -14.01990438837504449, 9.444174862533706971, -24.99999999999999645 ) ) ;
#1330 = EDGE_LOOP ( 'NONE', ( #1260, #2390, #784, #3292 ) ) ;
#1331 = DIRECTION ( 'NONE',  ( -1.000000000000000000, 0.000000000000000000, 1.541976423090495387E-16 ) ) ;
#1332 = CYLINDRICAL_SURFACE ( 'NONE', #1387, 1.500000000000001332 ) ;
#1333 = CARTESIAN_POINT ( 'NONE',  ( 6.306247618406870536, 73.81298806733431661, -24.99999999999999645 ) ) ;
#1334 = CARTESIAN_POINT ( 'NONE',  ( 5.926585282686940737, 12.82210374779014472, -24.99999999999999645 ) ) ;
#1335 = DIRECTION ( 'NONE',  ( 1.000000000000000000, 0.000000000000000000, 0.000000000000000000 ) ) ;
#1336 = PRODUCT_DEFINITION_FORMATION_WITH_SPECIFIED_SOURCE ( 'ANY', '', #1017, .NOT_KNOWN. ) ;
#1337 = CARTESIAN_POINT ( 'NONE',  ( -5.750000000000006217, 14.24999999999999822, -24.99999999999999645 ) ) ;
#1338 = CARTESIAN_POINT ( 'NONE',  ( 10.79185107387494114, 17.75000000000000355, -27.99999999999999645 ) ) ;
#1339 = CARTESIAN_POINT ( 'NONE',  ( 8.191747639794513702, 16.01266642896593595, -25.00000000000000000 ) ) ;
#1340 = CIRCLE ( 'NONE', #2045, 3.000000000000000888 ) ;
#1341 = CARTESIAN_POINT ( 'NONE',  ( -12.67788248561806164, 8.926654491925793522, -24.99999999999999645 ) ) ;
#1342 = AXIS2_PLACEMENT_3D ( 'NONE', #3096, #1809, #1038 ) ;
#1343 = FACE_OUTER_BOUND ( 'NONE', #1763, .T. ) ;
#1344 = CIRCLE ( 'NONE', #3146, 2.999999999999999112 ) ;
#1345 = CARTESIAN_POINT ( 'NONE',  ( -11.70814892612330738, 10.75000000000000000, -25.00000000000000000 ) ) ;
#1346 = CARTESIAN_POINT ( 'NONE',  ( 16.74999999999999289, 76.96994831248319713, -24.99999999999999645 ) ) ;
#1347 = CYLINDRICAL_SURFACE ( 'NONE', #2488, 2.999999999999999112 ) ;
#1348 = DIRECTION ( 'NONE',  ( -1.156482317317871331E-15, -1.000000000000000000, 0.000000000000000000 ) ) ;
#1349 = EDGE_CURVE ( 'NONE', #1972, #1270, #2486, .T. ) ;
#1350 = CARTESIAN_POINT ( 'NONE',  ( 14.74999999999999467, 76.25000000000000000, -27.99999999999999645 ) ) ;
#1351 = DIRECTION ( 'NONE',  ( 1.000000000000000000, 0.000000000000000000, 0.000000000000000000 ) ) ;
#1352 = CARTESIAN_POINT ( 'NONE',  ( 11.24999999999999289, 76.25000000000000000, -24.49999999999999289 ) ) ;
#1353 = CARTESIAN_POINT ( 'NONE',  ( 8.451166053391302668, 16.40091352169714867, -27.99999999999999645 ) ) ;
#1354 = CARTESIAN_POINT ( 'NONE',  ( -15.64816763038509606, 72.86999303733306022, -24.99999999999999645 ) ) ;
#1355 = CARTESIAN_POINT ( 'NONE',  ( 7.749999999999992895, 14.70814892612454550, -24.99999999999999645 ) ) ;
#1356 = CARTESIAN_POINT ( 'NONE',  ( 10.89038668505950724, 70.75003573026850745, -24.99999999999999289 ) ) ;
#1357 = DIRECTION ( 'NONE',  ( 0.000000000000000000, 1.000000000000000000, 1.734723475976807094E-16 ) ) ;
#1358 = CARTESIAN_POINT ( 'NONE',  ( -10.79185107387670328, 10.75000000000000000, -25.00000000000000000 ) ) ;
#1359 = ADVANCED_FACE ( 'NONE', ( #1926 ), #602, .T. ) ;
#1360 = CARTESIAN_POINT ( 'NONE',  ( 8.447145352390572626, 74.10300411578161572, -27.99999999999999645 ) ) ;
#1361 = CARTESIAN_POINT ( 'NONE',  ( 22.50000000000000000, 12.49999999999999645, 17.49999999999999645 ) ) ;
#1362 = EDGE_CURVE ( 'NONE', #756, #658, #1207, .T. ) ;
#1363 = CARTESIAN_POINT ( 'NONE',  ( 16.74999999999999289, 76.25000000000000000, -24.99999999999999645 ) ) ;
#1364 = CARTESIAN_POINT ( 'NONE',  ( 14.30825236020724311, 74.48733357103255059, -25.00000000000000000 ) ) ;
#1365 = DIRECTION ( 'NONE',  ( 0.000000000000000000, -1.000000000000000000, 1.156482317317871478E-16 ) ) ;
#1366 = CARTESIAN_POINT ( 'NONE',  ( -12.75000000000000711, 76.25000000000000000, -24.49999999999999289 ) ) ;
#1367 = CARTESIAN_POINT ( 'NONE',  ( 14.04883394660888740, 12.09908647830306450, -27.99999999999999645 ) ) ;
#1368 = CARTESIAN_POINT ( 'NONE',  ( -5.750000000000001776, 76.25000000000000000, -24.99999999999999645 ) ) ;
#1369 = ORIENTED_EDGE ( 'NONE', *, *, #2844, .F. ) ;
#1370 = CARTESIAN_POINT ( 'NONE',  ( 11.96994831248130886, 19.75000000000000355, -24.99999999999999645 ) ) ;
#1371 = CARTESIAN_POINT ( 'NONE',  ( 14.88477701781255469, 72.10665295498014871, -25.00000000000000355 ) ) ;
#1372 = CARTESIAN_POINT ( 'NONE',  ( 10.53203527258470729, 81.71455693000130793, -25.00000000000000000 ) ) ;
#1373 = FACE_OUTER_BOUND ( 'NONE', #2023, .T. ) ;
#1374 = CARTESIAN_POINT ( 'NONE',  ( -8.451166053391112598, 12.09908647830306094, -27.99999999999999645 ) ) ;
#1375 = LINE ( 'NONE', #669, #3203 ) ;
#1376 = CARTESIAN_POINT ( 'NONE',  ( 14.05285464760993008, 16.39699588421786203, -27.99999999999999289 ) ) ;
#1377 = CARTESIAN_POINT ( 'NONE',  ( -5.750000000000001776, 76.25000000000000000, -24.99999999999999645 ) ) ;
#1378 = CARTESIAN_POINT ( 'NONE',  ( 14.30825236020629987, 78.01266642896320036, -25.00000000000000000 ) ) ;
#1379 = DIRECTION ( 'NONE',  ( 0.000000000000000000, -1.000000000000000000, 0.000000000000000000 ) ) ;
#1380 = EDGE_LOOP ( 'NONE', ( #642, #348 ) ) ;
#1381 = CALENDAR_DATE ( 2025, 14, 12 ) ;
#1382 = CARTESIAN_POINT ( 'NONE',  ( 7.841095632626466028, 13.33388240241030864, -25.00000000000000000 ) ) ;
#1383 = LINE ( 'NONE', #2195, #777 ) ;
#1384 = DIRECTION ( 'NONE',  ( -0.000000000000000000, -0.000000000000000000, 1.000000000000000000 ) ) ;
#1385 = CARTESIAN_POINT ( 'NONE',  ( 12.67789625225281114, 70.92658528270295903, -24.99999999999999645 ) ) ;
#1386 = CARTESIAN_POINT ( 'NONE',  ( 6.031011503047675859, 78.02253317011465583, -24.99999999999999645 ) ) ;
#1387 = AXIS2_PLACEMENT_3D ( 'NONE', #2388, #2617, #820 ) ;
#1388 = FACE_OUTER_BOUND ( 'NONE', #1731, .T. ) ;
#1389 = ORIENTED_EDGE ( 'NONE', *, *, #1916, .T. ) ;
#1390 = CARTESIAN_POINT ( 'NONE',  ( -10.33388240241008837, 17.65890436737269908, -25.00000000000000000 ) ) ;
#1391 = FACE_OUTER_BOUND ( 'NONE', #209, .T. ) ;
#1392 = CARTESIAN_POINT ( 'NONE',  ( -19.50000000000000711, 87.50000000000000000, -24.99999999999999645 ) ) ;
#1393 = CARTESIAN_POINT ( 'NONE',  ( 9.749999999999991118, 14.25000000000000178, 25.00100000000000833 ) ) ;
#1394 = CIRCLE ( 'NONE', #1079, 1.500000000000001332 ) ;
#1395 = CARTESIAN_POINT ( 'NONE',  ( 8.191747639792792413, 74.48733357103711228, -27.99999999999999645 ) ) ;
#1396 = CARTESIAN_POINT ( 'NONE',  ( 8.451166053391300892, 78.40091352169713446, -25.00000000000000000 ) ) ;
#1397 = CIRCLE ( 'NONE', #1669, 3.000000000000000888 ) ;
#1398 = CARTESIAN_POINT ( 'NONE',  ( 10.33904048316427371, 79.66111979577569002, -27.99999999999999645 ) ) ;
#1399 = ORIENTED_EDGE ( 'NONE', *, *, #1349, .F. ) ;
#1400 = VECTOR ( 'NONE', #2983, 1000.000000000000000 ) ;
#1401 = APPROVAL_STATUS ( 'not_yet_approved' ) ;
#1402 = CARTESIAN_POINT ( 'NONE',  ( 13.40091352169693373, 11.45116605339111082, -25.00000000000000000 ) ) ;
#1403 = CARTESIAN_POINT ( 'NONE',  ( -8.480095611623722718, 71.44417486253371408, -24.99999999999999645 ) ) ;
#1404 = EDGE_CURVE ( 'NONE', #893, #725, #2287, .T. ) ;
#1405 = CARTESIAN_POINT ( 'NONE',  ( 4.000000000000006217, 5.499999999999988454, 22.50000000000000711 ) ) ;
#1406 = ORIENTED_EDGE ( 'NONE', *, *, #2180, .F. ) ;
#1407 = ORIENTED_EDGE ( 'NONE', *, *, #1814, .T. ) ;
#1408 = CIRCLE ( 'NONE', #3277, 2.999999999999999112 ) ;
#1409 = SPHERICAL_SURFACE ( 'NONE', #535, 3.000000000000000000 ) ;
#1410 = VERTEX_POINT ( 'NONE', #1545 ) ;
#1411 = CARTESIAN_POINT ( 'NONE',  ( -7.841095632626856826, 13.33388240241050049, -27.99999999999999645 ) ) ;
#1412 = DIRECTION ( 'NONE',  ( 0.000000000000000000, 0.000000000000000000, 1.000000000000000000 ) ) ;
#1413 = CARTESIAN_POINT ( 'NONE',  ( -14.75000000000000888, 14.71393819776272949, -27.99999999999999645 ) ) ;
#1414 = DIRECTION ( 'NONE',  ( -0.000000000000000000, -0.000000000000000000, -1.000000000000000000 ) ) ;
#1415 = CARTESIAN_POINT ( 'NONE',  ( 15.64816763038539804, 72.86999303733338706, -24.99999999999999645 ) ) ;
#1416 = CARTESIAN_POINT ( 'NONE',  ( 9.810386632359028525, 70.89315027984213202, -24.99999999999999645 ) ) ;
#1417 = CARTESIAN_POINT ( 'NONE',  ( 12.16090373926313717, 79.66098513680505278, -27.99999999999999645 ) ) ;
#1418 = ORIENTED_EDGE ( 'NONE', *, *, #1526, .F. ) ;
#1419 = EDGE_LOOP ( 'NONE', ( #2776, #2665 ) ) ;
#1420 = PERSON_AND_ORGANIZATION ( #900, #1560 ) ;
#1421 = EDGE_LOOP ( 'NONE', ( #3161, #2997, #1684, #561 ) ) ;
#1422 = CARTESIAN_POINT ( 'NONE',  ( -7.893613262090500626, 71.87823833847674848, -25.00000000000000000 ) ) ;
#1423 = CARTESIAN_POINT ( 'NONE',  ( -14.01990438837567154, 71.44417486253371408, -24.99999999999999645 ) ) ;
#1424 = ORIENTED_EDGE ( 'NONE', *, *, #2119, .T. ) ;
#1425 = CARTESIAN_POINT ( 'NONE',  ( -14.75000000000000711, 13.78568062793196702, -28.00000000000000000 ) ) ;
#1426 = EDGE_CURVE ( 'NONE', #658, #1911, #1229, .T. ) ;
#1427 = CARTESIAN_POINT ( 'NONE',  ( -16.60684972015786443, 15.68961336764096082, -24.99999999999999645 ) ) ;
#1428 = CARTESIAN_POINT ( 'NONE',  ( 12.67788248563657838, 81.57334550807460971, -24.99999999999999645 ) ) ;
#1429 = ADVANCED_FACE ( 'NONE', ( #2243, #967 ), #729, .T. ) ;
#1430 = ORIENTED_EDGE ( 'NONE', *, *, #21, .F. ) ;
#1431 = CARTESIAN_POINT ( 'NONE',  ( -22.50000000000000000, 72.50000000000000000, 17.50000000000000355 ) ) ;
#1432 = ORIENTED_EDGE ( 'NONE', *, *, #2079, .T. ) ;
#1433 = CARTESIAN_POINT ( 'NONE',  ( 16.74999999999999289, 14.25000000000000000, -24.99999999999999645 ) ) ;
#1434 = DIRECTION ( 'NONE',  ( 1.541976423090495387E-16, -0.000000000000000000, 1.000000000000000000 ) ) ;
#1435 = CARTESIAN_POINT ( 'NONE',  ( 14.65890436737340252, 75.33388240241112044, -27.99999999999999645 ) ) ;
#1436 = CC_DESIGN_DATE_AND_TIME_ASSIGNMENT ( #2641, #370, ( #1635 ) ) ;
#1437 = CARTESIAN_POINT ( 'NONE',  ( 12.68961336763907788, 70.89315027984213202, -24.99999999999999645 ) ) ;
#1438 = CARTESIAN_POINT ( 'NONE',  ( -7.893652466000338208, 18.62170298877514796, -24.99999999999999645 ) ) ;
#1439 = ORIENTED_EDGE ( 'NONE', *, *, #1476, .T. ) ;
#1440 = EDGE_LOOP ( 'NONE', ( #706, #445, #128 ) ) ;
#1441 = PERSON_AND_ORGANIZATION_ROLE ( 'classification_officer' ) ;
#1442 = ORIENTED_EDGE ( 'NONE', *, *, #786, .F. ) ;
#1443 = CARTESIAN_POINT ( 'NONE',  ( -14.88482754805557917, 72.10660242477352710, -25.00000000000000000 ) ) ;
#1444 = CARTESIAN_POINT ( 'NONE',  ( -12.16611759758945688, 72.84109563262683196, -27.99999999999999645 ) ) ;
#1445 = DIRECTION ( 'NONE',  ( 3.652049423109068320E-16, 0.000000000000000000, 1.000000000000000000 ) ) ;
#1446 = DIRECTION ( 'NONE',  ( -1.541976423090495140E-16, 0.000000000000000000, -1.000000000000000000 ) ) ;
#1447 = ORIENTED_EDGE ( 'NONE', *, *, #80, .F. ) ;
#1448 = CARTESIAN_POINT ( 'NONE',  ( -8.813015414085585419, 81.19368636066536737, -25.00000000000000000 ) ) ;
#1449 = ORIENTED_EDGE ( 'NONE', *, *, #934, .T. ) ;
#1450 = AXIS2_PLACEMENT_3D ( 'NONE', #796, #1825, #276 ) ;
#1451 = DIRECTION ( 'NONE',  ( 0.000000000000000000, 0.000000000000000000, 1.000000000000000000 ) ) ;
#1452 =( BOUNDED_CURVE ( )  B_SPLINE_CURVE ( 2, ( #20, #539, #258 ),
 .UNSPECIFIED., .F., .T. ) 
 B_SPLINE_CURVE_WITH_KNOTS ( ( 3, 3 ),
 ( 0.000000000000000000, 1.000000000000000000 ),
 .UNSPECIFIED. ) 
 CURVE ( )  GEOMETRIC_REPRESENTATION_ITEM ( )  RATIONAL_B_SPLINE_CURVE ( ( 1.000000000000000000, 0.7071067811865475727, 1.000000000000000000 ) ) 
 REPRESENTATION_ITEM ( '' )  );
#1453 = ORIENTED_EDGE ( 'NONE', *, *, #755, .T. ) ;
#1454 = CARTESIAN_POINT ( 'NONE',  ( -14.65890436737290692, 77.16611759758846745, -25.00000000000000000 ) ) ;
#1455 = AXIS2_PLACEMENT_3D ( 'NONE', #2671, #1451, #2891 ) ;
#1456 = CARTESIAN_POINT ( 'NONE',  ( 14.74999999999999467, 76.25000000000000000, -27.99999999999999645 ) ) ;
#1457 = AXIS2_PLACEMENT_3D ( 'NONE', #67, #622, #1116 ) ;
#1458 = LINE ( 'NONE', #1171, #3157 ) ;
#1459 = EDGE_LOOP ( 'NONE', ( #2172, #630 ) ) ;
#1460 = VECTOR ( 'NONE', #1706, 1000.000000000000000 ) ;
#1461 = EDGE_CURVE ( 'NONE', #11, #675, #1992, .T. ) ;
#1462 = CARTESIAN_POINT ( 'NONE',  ( 9.099086478302860215, 17.04883394660870266, -27.99999999999999645 ) ) ;
#1463 = DIRECTION ( 'NONE',  ( 0.000000000000000000, 0.000000000000000000, 1.000000000000000000 ) ) ;
#1464 = EDGE_LOOP ( 'NONE', ( #876, #428, #875, #549 ) ) ;
#1465 = AXIS2_PLACEMENT_3D ( 'NONE', #1291, #287, #792 ) ;
#1466 = CARTESIAN_POINT ( 'NONE',  ( -11.96797849395107249, 70.78537386075278448, -24.99999999999999289 ) ) ;
#1467 = CARTESIAN_POINT ( 'NONE',  ( -14.04883394660870444, 74.09908647830285133, -24.99999999999999645 ) ) ;
#1468 = DIRECTION ( 'NONE',  ( -1.000000000000000000, 0.000000000000000000, 0.000000000000000000 ) ) ;
#1469 = CARTESIAN_POINT ( 'NONE',  ( -11.96994831248134084, 19.74999999999999645, -24.99999999999999645 ) ) ;
#1470 = CARTESIAN_POINT ( 'NONE',  ( 11.60961331492134185, 19.74996426973612529, -25.00000000000000000 ) ) ;
#1471 = VERTEX_POINT ( 'NONE', #2011 ) ;
#1472 = CARTESIAN_POINT ( 'NONE',  ( -5.926585282689032397, 77.67789625221806205, -25.00000000000000000 ) ) ;
#1473 = ORIENTED_EDGE ( 'NONE', *, *, #1117, .F. ) ;
#1474 = EDGE_CURVE ( 'NONE', #8, #971, #1766, .T. ) ;
#1475 = CARTESIAN_POINT ( 'NONE',  ( 6.851832369614904827, 10.86999303733306910, -24.99999999999999645 ) ) ;
#1476 = EDGE_CURVE ( 'NONE', #1661, #1533, #3060, .T. ) ;
#1477 = CARTESIAN_POINT ( 'NONE',  ( -16.75000000000001066, 75.53005168751853660, -24.99999999999999645 ) ) ;
#1478 = EDGE_CURVE ( 'NONE', #2756, #1471, #1531, .T. ) ;
#1479 = DIRECTION ( 'NONE',  ( -0.000000000000000000, -0.000000000000000000, -1.000000000000000000 ) ) ;
#1480 = CIRCLE ( 'NONE', #1749, 2.999999999999999112 ) ;
#1481 = CARTESIAN_POINT ( 'NONE',  ( 14.65890436737340252, 75.33388240241112044, -27.99999999999999645 ) ) ;
#1482 = CARTESIAN_POINT ( 'NONE',  ( 19.49999999999998934, 87.50000000000000000, -22.00000000000000000 ) ) ;
#1483 = EDGE_CURVE ( 'NONE', #640, #2839, #1480, .T. ) ;
#1484 = VERTEX_POINT ( 'NONE', #2041 ) ;
#1485 = CARTESIAN_POINT ( 'NONE',  ( 10.33388240240998712, 17.65890436737294067, -27.99999999999999645 ) ) ;
#1486 = LINE ( 'NONE', #121, #162 ) ;
#1487 = CARTESIAN_POINT ( 'NONE',  ( -7.841095632626407408, 75.33388240241156097, -27.99999999999999645 ) ) ;
#1488 = CARTESIAN_POINT ( 'NONE',  ( -5.893150279842406469, 15.68961336764057179, -24.99999999999999645 ) ) ;
#1489 = CARTESIAN_POINT ( 'NONE',  ( 8.495491680994312844, 19.02383909570267306, -25.00000000000000000 ) ) ;
#1490 = PLANE ( 'NONE',  #3002 ) ;
#1491 = ORIENTED_EDGE ( 'NONE', *, *, #2459, .T. ) ;
#1492 = ORIENTED_EDGE ( 'NONE', *, *, #3056, .T. ) ;
#1493 = ORIENTED_EDGE ( 'NONE', *, *, #516, .T. ) ;
#1494 = CARTESIAN_POINT ( 'NONE',  ( 13.01266642896571213, 17.30825236020505642, -25.00000000000000000 ) ) ;
#1495 = CARTESIAN_POINT ( 'NONE',  ( -9.099086478304274195, 79.04883394660447493, -25.00000000000000000 ) ) ;
#1496 = VERTEX_POINT ( 'NONE', #3048 ) ;
#1497 = CARTESIAN_POINT ( 'NONE',  ( -11.25000000000000711, 14.24999999999999822, -24.49999999999999289 ) ) ;
#1498 = ORIENTED_EDGE ( 'NONE', *, *, #83, .F. ) ;
#1499 = CARTESIAN_POINT ( 'NONE',  ( 11.70814892612392200, 72.75000000000000000, -27.99999999999999645 ) ) ;
#1500 = CARTESIAN_POINT ( 'NONE',  ( -10.53202150604512610, 19.71462613925174523, -24.99999999999999289 ) ) ;
#1501 = ORIENTED_EDGE ( 'NONE', *, *, #2592, .F. ) ;
#1502 = CARTESIAN_POINT ( 'NONE',  ( 9.487333571033897073, 11.19174763979413179, -27.99999999999999645 ) ) ;
#1503 = CC_DESIGN_SECURITY_CLASSIFICATION ( #3078, ( #1336 ) ) ;
#1504 = ORIENTED_EDGE ( 'NONE', *, *, #1478, .F. ) ;
#1505 = CARTESIAN_POINT ( 'NONE',  ( -6.306313639326715403, 73.81301541410303457, -24.99999999999999645 ) ) ;
#1506 = CARTESIAN_POINT ( 'NONE',  ( -7.841095632627761880, 77.16611759759169331, -27.99999999999999645 ) ) ;
#1507 = CARTESIAN_POINT ( 'NONE',  ( -7.750000000000007105, 14.25000000000000000, -24.99999999999999645 ) ) ;
#1508 = CARTESIAN_POINT ( 'NONE',  ( 14.00454752289511262, 19.02389776845681979, -24.99999999999999289 ) ) ;
#1509 = FACE_OUTER_BOUND ( 'NONE', #3033, .T. ) ;
#1510 = ORIENTED_EDGE ( 'NONE', *, *, #1271, .T. ) ;
#1511 = AXIS2_PLACEMENT_3D ( 'NONE', #3185, #2701, #106 ) ;
#1512 = CARTESIAN_POINT ( 'NONE',  ( -5.750000000000001776, 76.25000000000000000, -24.99999999999999645 ) ) ;
#1513 = ORIENTED_EDGE ( 'NONE', *, *, #329, .T. ) ;
#1514 = CARTESIAN_POINT ( 'NONE',  ( 9.487333571034339386, 73.19174763979394527, -27.99999999999999645 ) ) ;
#1515 = CARTESIAN_POINT ( 'NONE',  ( 10.79185107387494114, 79.75000000000000000, -27.99999999999999645 ) ) ;
#1516 = DIRECTION ( 'NONE',  ( 0.000000000000000000, 0.000000000000000000, -1.000000000000000000 ) ) ;
#1517 = EDGE_LOOP ( 'NONE', ( #1775, #439, #903, #855 ) ) ;
#1518 = VECTOR ( 'NONE', #2166, 1000.000000000000000 ) ;
#1519 = FACE_OUTER_BOUND ( 'NONE', #2163, .T. ) ;
#1520 = B_SPLINE_CURVE_WITH_KNOTS ( 'NONE', 3,
 ( #1151, #78, #2601, #2362, #834, #635, #1597, #2347, #1082, #1648, #3155, #1882, #2892, #1376, #2857, #2103, #2586, #1862 ),
 .UNSPECIFIED., .F., .F.,
 ( 4, 2, 2, 2, 2, 2, 2, 2, 4 ),
 ( 0.000000000000000000, 0.06250000000000022204, 0.1250000000000002220, 0.1875000000000002220, 0.2500000000000002220, 0.3125000000000002220, 0.3750000000000002220, 0.4375000000000002220, 0.5000000000000000000 ),
 .UNSPECIFIED. ) ;
#1521 = CARTESIAN_POINT ( 'NONE',  ( -10.33388240241109202, 72.84109563262661879, -27.99999999999999645 ) ) ;
#1522 = AXIS2_PLACEMENT_3D ( 'NONE', #2904, #2922, #2647 ) ;
#1523 = CARTESIAN_POINT ( 'NONE',  ( -5.893150279841977479, 12.81038663235945130, -24.99999999999999645 ) ) ;
#1524 = ADVANCED_FACE ( 'NONE', ( #3120, #1317 ), #3077, .F. ) ;
#1525 = DIRECTION ( 'NONE',  ( -0.000000000000000000, 1.000000000000000000, 0.000000000000000000 ) ) ;
#1526 = EDGE_CURVE ( 'NONE', #2696, #3167, #77, .T. ) ;
#1527 = CARTESIAN_POINT ( 'NONE',  ( -5.750000000000006217, 14.24999999999999822, -24.99999999999999645 ) ) ;
#1528 = ORIENTED_EDGE ( 'NONE', *, *, #2995, .F. ) ;
#1529 = CARTESIAN_POINT ( 'NONE',  ( -7.841095632627761880, 77.16611759759169331, -27.99999999999999645 ) ) ;
#1530 = DIRECTION ( 'NONE',  ( 1.000000000000000000, 0.000000000000000000, 0.000000000000000000 ) ) ;
#1531 = LINE ( 'NONE', #2528, #2897 ) ;
#1532 = DIRECTION ( 'NONE',  ( -1.000000000000000000, 0.000000000000000000, 0.000000000000000000 ) ) ;
#1533 = VERTEX_POINT ( 'NONE', #1836 ) ;
#1534 = CARTESIAN_POINT ( 'NONE',  ( -13.39689282069485721, 11.44724841590952558, -27.99999999999999645 ) ) ;
#1535 = ORIENTED_EDGE ( 'NONE', *, *, #481, .F. ) ;
#1536 = CARTESIAN_POINT ( 'NONE',  ( -7.750072876914611442, 76.71376217909768513, -28.00000000000000000 ) ) ;
#1537 = PLANE ( 'NONE',  #2607 ) ;
#1538 = CARTESIAN_POINT ( 'NONE',  ( -14.30825236020587887, 12.48733357103391306, -27.99999999999999645 ) ) ;
#1539 = EDGE_CURVE ( 'NONE', #3198, #712, #2662, .T. ) ;
#1540 = ORIENTED_EDGE ( 'NONE', *, *, #677, .T. ) ;
#1541 = EDGE_CURVE ( 'NONE', #1061, #2656, #1893, .T. ) ;
#1542 = EDGE_CURVE ( 'NONE', #1699, #227, #2574, .T. ) ;
#1543 = DIRECTION ( 'NONE',  ( 0.000000000000000000, 0.000000000000000000, 1.000000000000000000 ) ) ;
#1544 = CARTESIAN_POINT ( 'NONE',  ( -5.893150279841977479, 12.81038663235945130, -24.99999999999999645 ) ) ;
#1545 = CARTESIAN_POINT ( 'NONE',  ( 9.749999999999991118, 14.25000000000000178, -27.99999999999999645 ) ) ;
#1546 = CARTESIAN_POINT ( 'NONE',  ( -1.000000000000000888, 2.499999999999988454, 22.50000000000000000 ) ) ;
#1547 = CARTESIAN_POINT ( 'NONE',  ( 19.49999999999997513, 87.50000000000000000, -24.99999999999999645 ) ) ;
#1548 = ORIENTED_EDGE ( 'NONE', *, *, #2024, .F. ) ;
#1549 = DIRECTION ( 'NONE',  ( -3.652049423109068320E-16, 0.000000000000000000, -1.000000000000000000 ) ) ;
#1550 = EDGE_CURVE ( 'NONE', #2274, #2327, #3105, .T. ) ;
#1551 = DIRECTION ( 'NONE',  ( 0.000000000000000000, -1.000000000000000000, 0.000000000000000000 ) ) ;
#1552 = CARTESIAN_POINT ( 'NONE',  ( -9.099086478302714553, 17.04883394660854279, -27.99999999999999645 ) ) ;
#1553 = LINE ( 'NONE', #2804, #2606 ) ;
#1554 = CARTESIAN_POINT ( 'NONE',  ( -11.25000000000000711, 14.24999999999999822, -27.99999999999999645 ) ) ;
#1555 = CARTESIAN_POINT ( 'NONE',  ( -16.05582513746629658, 17.01990438837503916, -24.99999999999999645 ) ) ;
#1556 = CARTESIAN_POINT ( 'NONE',  ( 9.103107179303576046, 73.44724841591255426, -27.99999999999999645 ) ) ;
#1557 = CARTESIAN_POINT ( 'NONE',  ( 7.749999999999992895, 14.24999999999999822, -27.99999999999999645 ) ) ;
#1558 = CARTESIAN_POINT ( 'NONE',  ( -11.25000000000000711, 76.25000000000000000, -24.49999999999999289 ) ) ;
#1559 = CARTESIAN_POINT ( 'NONE',  ( 14.66098513679756543, 13.33909626073009136, -28.00000000000000000 ) ) ;
#1560 = ORGANIZATION ( 'UNSPECIFIED', 'UNSPECIFIED', '' ) ;
#1561 = LINE ( 'NONE', #2560, #580 ) ;
#1562 =( BOUNDED_CURVE ( )  B_SPLINE_CURVE ( 2, ( #1527, #2477, #2521 ),
 .UNSPECIFIED., .F., .T. ) 
 B_SPLINE_CURVE_WITH_KNOTS ( ( 3, 3 ),
 ( 0.000000000000000000, 1.000000000000000000 ),
 .UNSPECIFIED. ) 
 CURVE ( )  GEOMETRIC_REPRESENTATION_ITEM ( )  RATIONAL_B_SPLINE_CURVE ( ( 1.000000000000000000, 0.7071067811865473507, 1.000000000000000000 ) ) 
 REPRESENTATION_ITEM ( '' )  );
#1563 = CARTESIAN_POINT ( 'NONE',  ( -22.50100000000001543, 12.49999999999999645, -17.50000000000000000 ) ) ;
#1564 = CARTESIAN_POINT ( 'NONE',  ( 14.74999999999999289, 14.70814892612442293, -25.00000000000000000 ) ) ;
#1565 = CIRCLE ( 'NONE', #105, 2.999999999999999112 ) ;
#1566 = DIRECTION ( 'NONE',  ( 0.000000000000000000, -0.000000000000000000, -1.000000000000000000 ) ) ;
#1567 = VERTEX_POINT ( 'NONE', #2556 ) ;
#1568 = FACE_OUTER_BOUND ( 'NONE', #1330, .T. ) ;
#1569 = CARTESIAN_POINT ( 'NONE',  ( 22.50100000000000833, 72.50000000000000000, 17.49999999999999645 ) ) ;
#1570 = CARTESIAN_POINT ( 'NONE',  ( 8.249999999999989342, 76.25000000000000000, -24.49999999999999289 ) ) ;
#1571 = ADVANCED_FACE ( 'NONE', ( #1568 ), #414, .T. ) ;
#1572 = CARTESIAN_POINT ( 'NONE',  ( 5.749999999999992006, 14.24999999999998757, -24.99999999999999645 ) ) ;
#1573 = EDGE_CURVE ( 'NONE', #1211, #2152, #3215, .T. ) ;
#1574 = CYLINDRICAL_SURFACE ( 'NONE', #753, 2.999999999999999112 ) ;
#1575 = CARTESIAN_POINT ( 'NONE',  ( -8.191747639794151326, 12.48733357103387043, -27.99999999999999645 ) ) ;
#1576 = CARTESIAN_POINT ( 'NONE',  ( 15.64816763038539804, 10.86999303733338351, -24.99999999999999645 ) ) ;
#1577 = EDGE_CURVE ( 'NONE', #304, #2020, #2207, .T. ) ;
#1578 = CARTESIAN_POINT ( 'NONE',  ( 14.04883394660888740, 12.09908647830306450, -25.00000000000000000 ) ) ;
#1579 = CARTESIAN_POINT ( 'NONE',  ( 14.00450831900687376, 71.47616090430025793, -25.00000000000000000 ) ) ;
#1580 = CARTESIAN_POINT ( 'NONE',  ( -14.04883394660870088, 74.09908647830285133, -27.99999999999999645 ) ) ;
#1581 = CARTESIAN_POINT ( 'NONE',  ( -15.64816763038509251, 10.86999303733306554, -24.99999999999999645 ) ) ;
#1582 = CARTESIAN_POINT ( 'NONE',  ( 5.749999999999990230, 75.53005168751853660, -24.99999999999999645 ) ) ;
#1583 = CYLINDRICAL_SURFACE ( 'NONE', #2569, 1.500000000000001332 ) ;
#1584 = DIRECTION ( 'NONE',  ( -0.000000000000000000, -0.000000000000000000, 1.000000000000000000 ) ) ;
#1585 = CARTESIAN_POINT ( 'NONE',  ( -14.75000000000001066, 76.24999999999998579, -27.99999999999999645 ) ) ;
#1586 = DIRECTION ( 'NONE',  ( -1.387778780781445676E-16, -0.000000000000000000, -1.000000000000000000 ) ) ;
#1587 = DIRECTION ( 'NONE',  ( 0.000000000000000000, 0.000000000000000000, -1.000000000000000000 ) ) ;
#1588 = CARTESIAN_POINT ( 'NONE',  ( 10.33388240241045075, 10.84109563262686748, -27.99999999999999645 ) ) ;
#1589 = ORIENTED_EDGE ( 'NONE', *, *, #369, .F. ) ;
#1590 = CARTESIAN_POINT ( 'NONE',  ( 8.480095611624953733, 9.444174862533710524, -24.99999999999999645 ) ) ;
#1591 = CARTESIAN_POINT ( 'NONE',  ( 11.24999999999999289, 76.25000000000000000, -22.49999999999999289 ) ) ;
#1592 = EDGE_CURVE ( 'NONE', #282, #1484, #1990, .T. ) ;
#1593 = DIRECTION ( 'NONE',  ( 1.387778780781445676E-16, -5.782411586589357392E-17, 1.000000000000000000 ) ) ;
#1594 = CARTESIAN_POINT ( 'NONE',  ( -9.099086478302714553, 17.04883394660854279, -27.99999999999999645 ) ) ;
#1595 = ORIENTED_EDGE ( 'NONE', *, *, #2066, .F. ) ;
#1596 = CARTESIAN_POINT ( 'NONE',  ( 7.869993037333062880, 71.85183236961491104, -24.99999999999999645 ) ) ;
#1597 = CARTESIAN_POINT ( 'NONE',  ( 9.482175490287884756, 17.30603693180188429, -27.99999999999999645 ) ) ;
#1598 = CARTESIAN_POINT ( 'NONE',  ( 7.615172451954604682, 72.10660242476681958, -25.00000000000000000 ) ) ;
#1599 = CARTESIAN_POINT ( 'NONE',  ( 14.30825236020694824, 78.01266642896347037, -27.99999999999999645 ) ) ;
#1600 = CARTESIAN_POINT ( 'NONE',  ( 14.74999999999999645, 76.25000000000000000, -27.99999999999999645 ) ) ;
#1601 = CIRCLE ( 'NONE', #2037, 1.500000000000001332 ) ;
#1602 = CARTESIAN_POINT ( 'NONE',  ( 22.49999999999999289, 87.50000000000000000, -22.00000000000000000 ) ) ;
#1603 = CARTESIAN_POINT ( 'NONE',  ( 14.74999999999999467, 14.70814892612442470, -27.99999999999999645 ) ) ;
#1604 = CARTESIAN_POINT ( 'NONE',  ( -7.750000000000001776, 76.25000000000000000, -25.00000000000000000 ) ) ;
#1605 = ORIENTED_EDGE ( 'NONE', *, *, #416, .T. ) ;
#1606 = EDGE_CURVE ( 'NONE', #1484, #1210, #151, .T. ) ;
#1607 = CARTESIAN_POINT ( 'NONE',  ( 13.01266642896571213, 17.30825236020505642, -25.00000000000000000 ) ) ;
#1608 = VECTOR ( 'NONE', #103, 1000.000000000000000 ) ;
#1609 = DIRECTION ( 'NONE',  ( -0.000000000000000000, -0.000000000000000000, 1.000000000000000000 ) ) ;
#1610 = VECTOR ( 'NONE', #2412, 1000.000000000000000 ) ;
#1611 = ADVANCED_FACE ( 'NONE', ( #966, #909, #174 ), #195, .T. ) ;
#1612 = DIRECTION ( 'NONE',  ( 1.000000000000000000, 0.000000000000000000, 0.000000000000000000 ) ) ;
#1613 = AXIS2_PLACEMENT_3D ( 'NONE', #412, #1445, #2449 ) ;
#1614 = CARTESIAN_POINT ( 'NONE',  ( -9.487333571032850799, 11.19174763979456877, -27.99999999999999645 ) ) ;
#1615 = DIRECTION ( 'NONE',  ( 0.000000000000000000, 0.000000000000000000, 1.000000000000000000 ) ) ;
#1616 = DIRECTION ( 'NONE',  ( 0.000000000000000000, 0.000000000000000000, 1.000000000000000000 ) ) ;
#1617 = DIRECTION ( 'NONE',  ( 1.000000000000000000, 0.000000000000000000, 0.000000000000000000 ) ) ;
#1618 = CARTESIAN_POINT ( 'NONE',  ( 11.70814892612454550, 72.74999999999998579, -25.00000000000000000 ) ) ;
#1619 = LINE ( 'NONE', #874, #2877 ) ;
#1620 = PLANE ( 'NONE',  #843 ) ;
#1621 = CARTESIAN_POINT ( 'NONE',  ( 10.79185107387544207, 10.75000000000000355, -25.00000000000000000 ) ) ;
#1622 = CARTESIAN_POINT ( 'NONE',  ( -5.750000000000001776, 76.96994831248319713, -24.99999999999999645 ) ) ;
#1623 = CARTESIAN_POINT ( 'NONE',  ( 5.749999999999992895, 13.53005168751917608, -24.99999999999999645 ) ) ;
#1624 = CARTESIAN_POINT ( 'NONE',  ( 16.74999999999998934, 75.88984489963624469, -25.00000000000000000 ) ) ;
#1625 = VECTOR ( 'NONE', #1964, 1000.000000000000000 ) ;
#1626 = ORIENTED_EDGE ( 'NONE', *, *, #2021, .F. ) ;
#1627 = CARTESIAN_POINT ( 'NONE',  ( 19.50000000000000000, 87.50000000000000000, 22.00000000000000355 ) ) ;
#1628 = EDGE_CURVE ( 'NONE', #1172, #712, #2890, .T. ) ;
#1629 = CARTESIAN_POINT ( 'NONE',  ( -10.33388240240999245, 17.65890436737293712, -27.99999999999999645 ) ) ;
#1630 = CARTESIAN_POINT ( 'NONE',  ( 19.50000000000000000, 87.50000000000000000, 22.00000000000000355 ) ) ;
#1631 = CARTESIAN_POINT ( 'NONE',  ( 11.24999999999999289, 14.25000000000000178, -24.49999999999999289 ) ) ;
#1632 = CARTESIAN_POINT ( 'NONE',  ( 14.04883394660889095, 74.09908647830305028, -25.00000000000000000 ) ) ;
#1633 = CARTESIAN_POINT ( 'NONE',  ( 8.193828409217825737, 78.01788028728496727, -27.99999999999999645 ) ) ;
#1634 = ORIENTED_EDGE ( 'NONE', *, *, #2269, .F. ) ;
#1635 = PRODUCT_DEFINITION ( 'UNKNOWN', '', #1336, #3016 ) ;
#1636 = CIRCLE ( 'NONE', #2329, 2.999999999999999112 ) ;
#1637 = SECURITY_CLASSIFICATION_LEVEL ( 'unclassified' ) ;
#1638 = CARTESIAN_POINT ( 'NONE',  ( 22.50000000000000000, 87.50000000000000000, 22.00000000000000355 ) ) ;
#1639 = CARTESIAN_POINT ( 'NONE',  ( -14.30825236020611513, 78.01266642896717940, -25.00000000000000000 ) ) ;
#1640 = EDGE_LOOP ( 'NONE', ( #2792, #2522, #35, #1692 ) ) ;
#1641 = CARTESIAN_POINT ( 'NONE',  ( 7.841095632626469580, 15.16611759758970379, -25.00000000000000000 ) ) ;
#1642 = DIRECTION ( 'NONE',  ( 0.000000000000000000, 0.000000000000000000, -1.000000000000000000 ) ) ;
#1643 = CARTESIAN_POINT ( 'NONE',  ( 8.812988067355172817, 81.19375238160601782, -24.99999999999999645 ) ) ;
#1644 = CARTESIAN_POINT ( 'NONE',  ( 22.50000000000000000, 3.000000000000002665, 22.00000000000000355 ) ) ;
#1645 = ORIENTED_EDGE ( 'NONE', *, *, #3293, .F. ) ;
#1646 = CARTESIAN_POINT ( 'NONE',  ( -7.841095632626375433, 13.33388240241118439, -25.00000000000000000 ) ) ;
#1647 = DIRECTION ( 'NONE',  ( 1.826024711554534160E-16, 0.000000000000000000, -1.000000000000000000 ) ) ;
#1648 = CARTESIAN_POINT ( 'NONE',  ( 11.71376217909693196, 17.75007287691460789, -27.99999999999999645 ) ) ;
#1649 = DIRECTION ( 'NONE',  ( -1.000000000000000000, 0.000000000000000000, 0.000000000000000000 ) ) ;
#1650 = CARTESIAN_POINT ( 'NONE',  ( 12.16611759759000755, 79.65890436737294067, -27.99999999999999645 ) ) ;
#1651 = CARTESIAN_POINT ( 'NONE',  ( 12.16611759758991163, 79.65890436737269908, -25.00000000000000000 ) ) ;
#1652 = DIRECTION ( 'NONE',  ( 1.000000000000000000, 0.000000000000000000, -1.156482317317871725E-15 ) ) ;
#1653 = ORIENTED_EDGE ( 'NONE', *, *, #1237, .F. ) ;
#1654 = CALENDAR_DATE ( 2025, 14, 12 ) ;
#1655 = CARTESIAN_POINT ( 'NONE',  ( 9.099086478302858438, 17.04883394660870266, -25.00000000000000000 ) ) ;
#1656 = CARTESIAN_POINT ( 'NONE',  ( -11.96994831248134084, 81.75000000000000000, -24.99999999999999645 ) ) ;
#1657 = CARTESIAN_POINT ( 'NONE',  ( -10.89038668510513297, 8.749964269731488997, -25.00000000000000355 ) ) ;
#1658 = CARTESIAN_POINT ( 'NONE',  ( 5.749999999999991118, 76.24999999999998579, -24.99999999999999645 ) ) ;
#1659 = VERTEX_POINT ( 'NONE', #3232 ) ;
#1660 = CARTESIAN_POINT ( 'NONE',  ( -20.00000000000000711, 5.499999999999988454, -22.50000000000000000 ) ) ;
#1661 = VERTEX_POINT ( 'NONE', #2441 ) ;
#1662 = CARTESIAN_POINT ( 'NONE',  ( -13.01266642896561976, 17.30825236020606894, -27.99999999999999645 ) ) ;
#1663 = FACE_OUTER_BOUND ( 'NONE', #739, .T. ) ;
#1664 = CARTESIAN_POINT ( 'NONE',  ( -14.30617159077988809, 16.01788028728872959, -28.00000000000000355 ) ) ;
#1665 = CARTESIAN_POINT ( 'NONE',  ( -9.750000000000005329, 14.24999999999999822, -27.99999999999999645 ) ) ;
#1666 = AXIS2_PLACEMENT_3D ( 'NONE', #1920, #636, #2424 ) ;
#1667 = CARTESIAN_POINT ( 'NONE',  ( 10.79185107387431586, 79.75000000000000000, -25.00000000000000000 ) ) ;
#1668 = CARTESIAN_POINT ( 'NONE',  ( 10.79185107387431586, 79.75000000000000000, -25.00000000000000000 ) ) ;
#1669 = AXIS2_PLACEMENT_3D ( 'NONE', #2666, #74, #1612 ) ;
#1670 = DIRECTION ( 'NONE',  ( -1.156482317317871528E-15, -0.000000000000000000, -1.000000000000000000 ) ) ;
#1671 = ORIENTED_EDGE ( 'NONE', *, *, #2981, .T. ) ;
#1672 = EDGE_CURVE ( 'NONE', #601, #2906, #2692, .T. ) ;
#1673 = ORIENTED_EDGE ( 'NONE', *, *, #1404, .F. ) ;
#1674 = EDGE_CURVE ( 'NONE', #2906, #2013, #442, .T. ) ;
#1675 = COORDINATED_UNIVERSAL_TIME_OFFSET ( 1, 0, .AHEAD. ) ;
#1676 = VERTEX_POINT ( 'NONE', #460 ) ;
#1677 = CARTESIAN_POINT ( 'NONE',  ( 16.74999999999999289, 76.96994831248319713, -24.99999999999999645 ) ) ;
#1678 = DIRECTION ( 'NONE',  ( 1.000000000000000000, 0.000000000000000000, 0.000000000000000000 ) ) ;
#1679 = CARTESIAN_POINT ( 'NONE',  ( -10.33904048315472046, 10.83888020422286935, -27.99999999999999645 ) ) ;
#1680 = CARTESIAN_POINT ( 'NONE',  ( -16.05582513746629658, 17.01990438837503916, -24.99999999999999645 ) ) ;
#1681 = ORIENTED_EDGE ( 'NONE', *, *, #1983, .F. ) ;
#1682 = CIRCLE ( 'NONE', #231, 2.999999999999999112 ) ;
#1683 = DIRECTION ( 'NONE',  ( -1.156482317317871331E-15, 1.000000000000000000, 0.000000000000000000 ) ) ;
#1684 = ORIENTED_EDGE ( 'NONE', *, *, #2844, .T. ) ;
#1685 = VERTEX_POINT ( 'NONE', #930 ) ;
#1686 = DIRECTION ( 'NONE',  ( 0.000000000000000000, -1.000000000000000000, 0.000000000000000000 ) ) ;
#1687 = CARTESIAN_POINT ( 'NONE',  ( -14.63000696266693268, 80.64816763038510317, -24.99999999999999645 ) ) ;
#1688 = CARTESIAN_POINT ( 'NONE',  ( 5.749999999999991118, 76.24999999999998579, -24.99999999999999645 ) ) ;
#1689 = EDGE_CURVE ( 'NONE', #1471, #1211, #1682, .T. ) ;
#1690 = CARTESIAN_POINT ( 'NONE',  ( 8.451166053391299116, 74.09908647830285133, -25.00000000000000000 ) ) ;
#1691 = CARTESIAN_POINT ( 'NONE',  ( -11.96796472737288575, 19.71455693001374243, -24.99999999999999645 ) ) ;
#1692 = ORIENTED_EDGE ( 'NONE', *, *, #824, .T. ) ;
#1693 = PERSON_AND_ORGANIZATION_ROLE ( 'creator' ) ;
#1694 = EDGE_LOOP ( 'NONE', ( #1671, #1048, #463 ) ) ;
#1695 = DIRECTION ( 'NONE',  ( 0.000000000000000000, 0.000000000000000000, -1.000000000000000000 ) ) ;
#1696 = CARTESIAN_POINT ( 'NONE',  ( -11.70814892612330738, 72.74999999999998579, -25.00000000000000000 ) ) ;
#1697 = CARTESIAN_POINT ( 'NONE',  ( -12.16090373926815360, 10.83901486320139185, -27.99999999999999645 ) ) ;
#1698 = CARTESIAN_POINT ( 'NONE',  ( -5.750000000000006217, 14.24999999999999822, -24.99999999999999645 ) ) ;
#1699 = VERTEX_POINT ( 'NONE', #1206 ) ;
#1700 = ORIENTED_EDGE ( 'NONE', *, *, #1022, .T. ) ;
#1701 = CARTESIAN_POINT ( 'NONE',  ( -7.106652955019177931, 79.88477701784233886, -24.99999999999999289 ) ) ;
#1702 = ORIENTED_EDGE ( 'NONE', *, *, #1072, .F. ) ;
#1703 = DIRECTION ( 'NONE',  ( 1.000000000000000000, 0.000000000000000000, 0.000000000000000000 ) ) ;
#1704 = EDGE_CURVE ( 'NONE', #2316, #243, #2495, .T. ) ;
#1705 = ORIENTED_EDGE ( 'NONE', *, *, #2981, .F. ) ;
#1706 = DIRECTION ( 'NONE',  ( -0.000000000000000000, -0.000000000000000000, 1.000000000000000000 ) ) ;
#1707 = CARTESIAN_POINT ( 'NONE',  ( 10.33388240241000844, 72.84109563262705933, -27.99999999999999645 ) ) ;
#1708 = CARTESIAN_POINT ( 'NONE',  ( 5.749999999999990230, 75.53005168751853660, -24.99999999999999645 ) ) ;
#1709 = DIRECTION ( 'NONE',  ( 0.000000000000000000, 0.000000000000000000, 1.000000000000000000 ) ) ;
#1710 = ORIENTED_EDGE ( 'NONE', *, *, #2536, .F. ) ;
#1711 = CARTESIAN_POINT ( 'NONE',  ( 14.74999999999999467, 14.25000000000000178, -27.99999999999999645 ) ) ;
#1712 = APPROVAL_STATUS ( 'not_yet_approved' ) ;
#1713 = ORIENTED_EDGE ( 'NONE', *, *, #1183, .T. ) ;
#1714 = DIRECTION ( 'NONE',  ( -1.000000000000000000, 0.000000000000000000, 0.000000000000000000 ) ) ;
#1715 = CARTESIAN_POINT ( 'NONE',  ( -7.750000000000001776, 75.79185107387434073, -25.00000000000000000 ) ) ;
#1716 = CARTESIAN_POINT ( 'NONE',  ( 11.24999999999999289, 14.25000000000000178, -24.49999999999999289 ) ) ;
#1717 = EDGE_CURVE ( 'NONE', #2064, #509, #1841, .T. ) ;
#1718 = CARTESIAN_POINT ( 'NONE',  ( -5.750000000000007105, 14.96994831248132307, -24.99999999999999645 ) ) ;
#1719 = CARTESIAN_POINT ( 'NONE',  ( 6.031011503042384092, 16.02253317009447642, -24.99999999999999645 ) ) ;
#1720 = EDGE_CURVE ( 'NONE', #2143, #401, #2270, .T. ) ;
#1721 = DIRECTION ( 'NONE',  ( -0.000000000000000000, -0.000000000000000000, 1.000000000000000000 ) ) ;
#1722 = ORIENTED_EDGE ( 'NONE', *, *, #2883, .F. ) ;
#1723 = AXIS2_PLACEMENT_3D ( 'NONE', #451, #413, #1446 ) ;
#1724 = EDGE_CURVE ( 'NONE', #2656, #2274, #984, .T. ) ;
#1725 = FACE_OUTER_BOUND ( 'NONE', #757, .T. ) ;
#1726 = CARTESIAN_POINT ( 'NONE',  ( -15.64816763038509606, 72.86999303733306022, -24.99999999999999645 ) ) ;
#1727 = DIRECTION ( 'NONE',  ( 0.000000000000000000, 1.000000000000000000, 0.000000000000000000 ) ) ;
#1728 = ORIENTED_EDGE ( 'NONE', *, *, #1163, .F. ) ;
#1729 = CARTESIAN_POINT ( 'NONE',  ( 11.96994831248080970, 70.75000000000000000, -24.99999999999999645 ) ) ;
#1730 = CARTESIAN_POINT ( 'NONE',  ( 19.49999999999999645, 0.000000000000000000, -2.706168622523818278E-15 ) ) ;
#1731 = EDGE_LOOP ( 'NONE', ( #1928, #1449, #732 ) ) ;
#1732 = VERTEX_POINT ( 'NONE', #3018 ) ;
#1733 = CIRCLE ( 'NONE', #2402, 1.500000000000001332 ) ;
#1734 = CARTESIAN_POINT ( 'NONE',  ( 14.65890436737293179, 15.16611759759000932, -27.99999999999999645 ) ) ;
#1735 = SHAPE_DEFINITION_REPRESENTATION ( #2531, #464 ) ;
#1736 = ORIENTED_EDGE ( 'NONE', *, *, #2998, .T. ) ;
#1737 = CIRCLE ( 'NONE', #1613, 3.000000000000000000 ) ;
#1738 = DIRECTION ( 'NONE',  ( -0.000000000000000000, -0.000000000000000000, -1.000000000000000000 ) ) ;
#1739 = CARTESIAN_POINT ( 'NONE',  ( -13.40091352169714511, 73.45116605339130444, -27.99999999999999645 ) ) ;
#1740 = CARTESIAN_POINT ( 'NONE',  ( -5.750000000000003553, 13.88984489963361391, -24.99999999999998579 ) ) ;
#1741 = CARTESIAN_POINT ( 'NONE',  ( 10.89038668507862262, 19.75003573026387826, -24.99999999999999645 ) ) ;
#1742 = FACE_BOUND ( 'NONE', #1044, .T. ) ;
#1743 = ORIENTED_EDGE ( 'NONE', *, *, #1251, .T. ) ;
#1744 = VERTEX_POINT ( 'NONE', #1285 ) ;
#1745 = CARTESIAN_POINT ( 'NONE',  ( 10.53005168751918319, 8.750000000000001776, -24.99999999999999645 ) ) ;
#1746 = AXIS2_PLACEMENT_3D ( 'NONE', #1482, #197, #1516 ) ;
#1747 = CARTESIAN_POINT ( 'NONE',  ( -7.869993037333379959, 71.85183236961459841, -24.99999999999999645 ) ) ;
#1748 = CARTESIAN_POINT ( 'NONE',  ( 11.70814892612392200, 72.75000000000000000, -27.99999999999999645 ) ) ;
#1749 = AXIS2_PLACEMENT_3D ( 'NONE', #1276, #3296, #1014 ) ;
#1750 = CARTESIAN_POINT ( 'NONE',  ( 10.33388240240998535, 79.65890436737294067, -27.99999999999999645 ) ) ;
#1751 = CARTESIAN_POINT ( 'NONE',  ( -6.031077523965884701, 16.02250582334369966, -24.99999999999999289 ) ) ;
#1752 = EDGE_LOOP ( 'NONE', ( #789, #1713, #1389, #689 ) ) ;
#1753 = EDGE_LOOP ( 'NONE', ( #1144, #613 ) ) ;
#1754 = CARTESIAN_POINT ( 'NONE',  ( -8.447145352390579731, 78.39699588421837007, -27.99999999999999645 ) ) ;
#1755 = CARTESIAN_POINT ( 'NONE',  ( -16.75003573026620174, 75.89038668507447483, -24.99999999999999289 ) ) ;
#1756 = CARTESIAN_POINT ( 'NONE',  ( -10.33388240240999068, 79.65890436737294067, -27.99999999999999645 ) ) ;
#1757 = CC_DESIGN_PERSON_AND_ORGANIZATION_ASSIGNMENT ( #392, #3200, ( #1017 ) ) ;
#1758 = CARTESIAN_POINT ( 'NONE',  ( -7.841095632626375433, 13.33388240241118439, -25.00000000000000000 ) ) ;
#1759 = CARTESIAN_POINT ( 'NONE',  ( 7.749999999999992895, 14.24999999999999822, -27.99999999999999645 ) ) ;
#1760 = AXIS2_PLACEMENT_3D ( 'NONE', #141, #645, #1678 ) ;
#1761 = DIRECTION ( 'NONE',  ( 1.000000000000000000, 0.000000000000000000, 0.000000000000000000 ) ) ;
#1762 = AXIS2_PLACEMENT_3D ( 'NONE', #254, #1780, #2027 ) ;
#1763 = EDGE_LOOP ( 'NONE', ( #1493, #2153, #1942, #3199 ) ) ;
#1764 = CARTESIAN_POINT ( 'NONE',  ( -9.099086478303060943, 73.45116605339109128, -25.00000000000000000 ) ) ;
#1765 = DIRECTION ( 'NONE',  ( 8.916342335126093534E-33, -1.000000000000000000, 5.782411586589357392E-17 ) ) ;
#1766 = LINE ( 'NONE', #3019, #1042 ) ;
#1767 = CARTESIAN_POINT ( 'NONE',  ( -5.750000000000005329, 14.60979303466368684, -25.00000000000000355 ) ) ;
#1768 = ORIENTED_EDGE ( 'NONE', *, *, #1100, .T. ) ;
#1769 = DIRECTION ( 'NONE',  ( 1.000000000000000000, 0.000000000000000000, 0.000000000000000000 ) ) ;
#1770 = EDGE_CURVE ( 'NONE', #1943, #2455, #385, .T. ) ;
#1771 = CARTESIAN_POINT ( 'NONE',  ( -8.451166053391109045, 74.09908647830305028, -25.00000000000000000 ) ) ;
#1772 = CARTESIAN_POINT ( 'NONE',  ( -14.75000000000000711, 13.79185107387481501, -25.00000000000000000 ) ) ;
#1773 = CARTESIAN_POINT ( 'NONE',  ( 5.749999999999992006, 14.24999999999998757, -24.99999999999999645 ) ) ;
#1774 = DIRECTION ( 'NONE',  ( 3.652049423109068320E-16, 0.000000000000000000, 1.000000000000000000 ) ) ;
#1775 = ORIENTED_EDGE ( 'NONE', *, *, #1474, .T. ) ;
#1776 = AXIS2_PLACEMENT_3D ( 'NONE', #1405, #165, #1909 ) ;
#1777 = CARTESIAN_POINT ( 'NONE',  ( -12.68961336764034797, 70.89315027984213202, -24.99999999999999645 ) ) ;
#1778 = LINE ( 'NONE', #2300, #2355 ) ;
#1779 = DIRECTION ( 'NONE',  ( -0.000000000000000000, -0.000000000000000000, -1.000000000000000000 ) ) ;
#1780 = DIRECTION ( 'NONE',  ( 0.000000000000000000, 0.000000000000000000, 1.000000000000000000 ) ) ;
#1781 = ORIENTED_EDGE ( 'NONE', *, *, #3056, .F. ) ;
#1782 = CARTESIAN_POINT ( 'NONE',  ( -15.39339757525245567, 79.88482754802033980, -25.00000000000000355 ) ) ;
#1783 = AXIS2_PLACEMENT_3D ( 'NONE', #926, #1167, #2186 ) ;
#1784 = CARTESIAN_POINT ( 'NONE',  ( -13.01782450970503824, 79.30603693180336222, -27.99999999999999645 ) ) ;
#1785 = VECTOR ( 'NONE', #1586, 1000.000000000000000 ) ;
#1786 = FACE_BOUND ( 'NONE', #2579, .T. ) ;
#1787 = EDGE_CURVE ( 'NONE', #509, #2064, #654, .T. ) ;
#1788 = AXIS2_PLACEMENT_3D ( 'NONE', #3243, #396, #646 ) ;
#1789 = CARTESIAN_POINT ( 'NONE',  ( -14.65890436737305080, 15.16611759758976063, -27.99999999999999645 ) ) ;
#1790 = ORIENTED_EDGE ( 'NONE', *, *, #123, .T. ) ;
#1791 = ORIENTED_EDGE ( 'NONE', *, *, #1967, .T. ) ;
#1792 = CARTESIAN_POINT ( 'NONE',  ( -9.487333571033289559, 73.19174763979438580, -27.99999999999999645 ) ) ;
#1793 = CARTESIAN_POINT ( 'NONE',  ( -11.96994831248134084, 19.74999999999999645, -24.99999999999999645 ) ) ;
#1794 = CARTESIAN_POINT ( 'NONE',  ( 9.487333571034339386, 73.19174763979394527, -27.99999999999999645 ) ) ;
#1795 = CARTESIAN_POINT ( 'NONE',  ( -11.25000000000000711, 76.25000000000000000, 25.00100000000000833 ) ) ;
#1796 = DIRECTION ( 'NONE',  ( -0.000000000000000000, 1.000000000000000000, -0.000000000000000000 ) ) ;
#1797 = ORIENTED_EDGE ( 'NONE', *, *, #727, .F. ) ;
#1798 = CARTESIAN_POINT ( 'NONE',  ( -22.50000000000000711, 3.000000000000002665, -22.00000000000000000 ) ) ;
#1799 = CARTESIAN_POINT ( 'NONE',  ( -10.53005168751919030, 8.749999999999998224, -24.99999999999999645 ) ) ;
#1800 = ORIENTED_EDGE ( 'NONE', *, *, #2395, .F. ) ;
#1801 = CARTESIAN_POINT ( 'NONE',  ( 13.40091352169697103, 17.04883394660823370, -25.00000000000000000 ) ) ;
#1802 = PLANE ( 'NONE',  #532 ) ;
#1803 = LINE ( 'NONE', #2554, #1087 ) ;
#1804 = EDGE_CURVE ( 'NONE', #1181, #1732, #1803, .T. ) ;
#1805 = CARTESIAN_POINT ( 'NONE',  ( 14.74999999999999467, 75.79185107387432652, -27.99999999999999645 ) ) ;
#1806 = DIRECTION ( 'NONE',  ( 1.204669080539449590E-16, 0.000000000000000000, 1.000000000000000000 ) ) ;
#1807 = DIRECTION ( 'NONE',  ( 1.387778780781445676E-16, -0.000000000000000000, 1.000000000000000000 ) ) ;
#1808 = CARTESIAN_POINT ( 'NONE',  ( 9.477466829890701661, 9.031011503046817879, -25.00000000000000355 ) ) ;
#1809 = DIRECTION ( 'NONE',  ( 0.000000000000000000, 0.000000000000000000, -1.000000000000000000 ) ) ;
#1810 = CARTESIAN_POINT ( 'NONE',  ( -5.750000000000007105, 14.24999999999999822, -24.99999999999999645 ) ) ;
#1811 = CARTESIAN_POINT ( 'NONE',  ( 5.893150279841816719, 12.81038663235905339, -24.99999999999999645 ) ) ;
#1812 = ADVANCED_FACE ( 'NONE', ( #788 ), #2040, .F. ) ;
#1813 = ORIENTED_EDGE ( 'NONE', *, *, #2294, .F. ) ;
#1814 = EDGE_CURVE ( 'NONE', #2239, #425, #1778, .T. ) ;
#1815 = PLANE ( 'NONE',  #1252 ) ;
#1816 = EDGE_CURVE ( 'NONE', #2010, #1699, #2286, .T. ) ;
#1817 = DIRECTION ( 'NONE',  ( 0.000000000000000000, -1.000000000000000000, 1.156482317317871331E-15 ) ) ;
#1818 = CARTESIAN_POINT ( 'NONE',  ( 9.482119712708026782, 73.19382840922553157, -27.99999999999999645 ) ) ;
#1819 = CARTESIAN_POINT ( 'NONE',  ( 20.00000000000000000, 12.49999999999999645, -17.50000000000000711 ) ) ;
#1820 = DIRECTION ( 'NONE',  ( -0.000000000000000000, -0.000000000000000000, -1.000000000000000000 ) ) ;
#1821 = EDGE_LOOP ( 'NONE', ( #2584, #2915, #3180, #2986 ) ) ;
#1822 = CARTESIAN_POINT ( 'NONE',  ( 10.89038668505902585, 8.750035730263896028, -25.00000000000000355 ) ) ;
#1823 = AXIS2_PLACEMENT_3D ( 'NONE', #1631, #563, #3135 ) ;
#1824 = CARTESIAN_POINT ( 'NONE',  ( 11.24999999999999289, 14.25000000000000178, -24.49999999999999289 ) ) ;
#1825 = DIRECTION ( 'NONE',  ( 1.000000000000000000, -0.000000000000000000, 0.000000000000000000 ) ) ;
#1826 = ORIENTED_EDGE ( 'NONE', *, *, #755, .F. ) ;
#1827 = CARTESIAN_POINT ( 'NONE',  ( 16.74999999999999289, 14.96994831248132662, -24.99999999999999645 ) ) ;
#1828 = VECTOR ( 'NONE', #1912, 1000.000000000000000 ) ;
#1829 = CARTESIAN_POINT ( 'NONE',  ( 5.893150279841822936, 15.68961336764096437, -24.99999999999999645 ) ) ;
#1830 = CARTESIAN_POINT ( 'NONE',  ( -14.88482754806290309, 10.10660242478318871, -24.99999999999999289 ) ) ;
#1831 = VECTOR ( 'NONE', #2044, 1000.000000000000000 ) ;
#1832 = ADVANCED_FACE ( 'NONE', ( #3090 ), #2069, .T. ) ;
#1833 = AXIS2_PLACEMENT_3D ( 'NONE', #576, #2318, #3134 ) ;
#1834 = CARTESIAN_POINT ( 'NONE',  ( -14.30825236020553604, 74.48733357103307640, -27.99999999999999645 ) ) ;
#1835 = CARTESIAN_POINT ( 'NONE',  ( -16.75000000000000711, 14.96994831248080082, -24.99999999999999645 ) ) ;
#1836 = CARTESIAN_POINT ( 'NONE',  ( 12.74999999999999467, 76.25000000000000000, -24.49999999999999289 ) ) ;
#1837 = CARTESIAN_POINT ( 'NONE',  ( -5.750000000000001776, 76.25000000000000000, -24.99999999999999645 ) ) ;
#1838 = LINE ( 'NONE', #18, #758 ) ;
#1839 = VERTEX_POINT ( 'NONE', #2822 ) ;
#1840 = CARTESIAN_POINT ( 'NONE',  ( 6.031077523966803966, 12.47749417665214189, -25.00000000000000000 ) ) ;
#1841 = CIRCLE ( 'NONE', #2956, 1.500000000000001332 ) ;
#1842 = AXIS2_PLACEMENT_3D ( 'NONE', #3140, #1670, #1652 ) ;
#1843 = LINE ( 'NONE', #337, #2719 ) ;
#1844 = CARTESIAN_POINT ( 'NONE',  ( 14.74999999999999467, 14.25000000000000178, -27.99999999999999645 ) ) ;
#1845 = CARTESIAN_POINT ( 'NONE',  ( 14.63000696266693978, 18.64816763038507830, -24.99999999999999645 ) ) ;
#1846 = DIRECTION ( 'NONE',  ( 0.000000000000000000, 0.000000000000000000, -1.000000000000000000 ) ) ;
#1847 = CARTESIAN_POINT ( 'NONE',  ( 11.24999999999999289, 14.25000000000000178, -27.99999999999999645 ) ) ;
#1848 = CARTESIAN_POINT ( 'NONE',  ( -8.451166053391137467, 16.40091352169759276, -25.00000000000000000 ) ) ;
#1849 = DIRECTION ( 'NONE',  ( 0.000000000000000000, 1.000000000000000000, 0.000000000000000000 ) ) ;
#1850 = PLANE ( 'NONE',  #2067 ) ;
#1851 = DIRECTION ( 'NONE',  ( -1.000000000000000000, 0.000000000000000000, 0.000000000000000000 ) ) ;
#1852 = CARTESIAN_POINT ( 'NONE',  ( 13.01266642896717229, 73.19174763979327736, -25.00000000000000000 ) ) ;
#1853 = CARTESIAN_POINT ( 'NONE',  ( 14.30603693180187541, 78.01782450970786442, -27.99999999999999645 ) ) ;
#1854 = ADVANCED_FACE ( 'NONE', ( #2808 ), #1225, .T. ) ;
#1855 = DIRECTION ( 'NONE',  ( 1.000000000000000000, -0.000000000000000000, -0.000000000000000000 ) ) ;
#1856 = CARTESIAN_POINT ( 'NONE',  ( 9.487333571034282542, 17.30825236020630697, -25.00000000000000000 ) ) ;
#1857 = CARTESIAN_POINT ( 'NONE',  ( 9.810386632359028525, 8.893150279842144457, -24.99999999999999645 ) ) ;
#1858 = CARTESIAN_POINT ( 'NONE',  ( 14.60638673790926312, 71.87823833847646426, -25.00000000000000355 ) ) ;
#1859 = PLANE ( 'NONE',  #3143 ) ;
#1860 = CARTESIAN_POINT ( 'NONE',  ( -14.75000000000000533, 13.79185107387544029, -27.99999999999999645 ) ) ;
#1861 = DIRECTION ( 'NONE',  ( 0.000000000000000000, 0.000000000000000000, 1.000000000000000000 ) ) ;
#1862 = CARTESIAN_POINT ( 'NONE',  ( 14.74999999999999289, 14.25000000000000178, -27.99999999999999645 ) ) ;
#1863 = DIRECTION ( 'NONE',  ( 0.000000000000000000, -0.000000000000000000, -1.000000000000000000 ) ) ;
#1864 = CARTESIAN_POINT ( 'NONE',  ( 9.099086478302856662, 73.45116605339130444, -25.00000000000000000 ) ) ;
#1865 = CARTESIAN_POINT ( 'NONE',  ( -17.00000000000000711, 2.499999999999988454, -22.50000000000000000 ) ) ;
#1866 = DIRECTION ( 'NONE',  ( -0.000000000000000000, -0.000000000000000000, -1.000000000000000000 ) ) ;
#1867 = ADVANCED_FACE ( 'NONE', ( #129 ), #1201, .T. ) ;
#1868 = CARTESIAN_POINT ( 'NONE',  ( 9.099086478302856662, 11.45116605339130800, -27.99999999999999645 ) ) ;
#1869 = CARTESIAN_POINT ( 'NONE',  ( -14.63000696266693801, 71.85183236961491104, -24.99999999999999645 ) ) ;
#1870 = EDGE_CURVE ( 'NONE', #495, #675, #51, .T. ) ;
#1871 = B_SPLINE_CURVE_WITH_KNOTS ( 'NONE', 3,
 ( #131, #1413, #2423, #1664, #2672, #383, #3149, #2203, #3172, #886, #171, #594, #1182, #2707, #652, #93, #1204, #2165 ),
 .UNSPECIFIED., .F., .F.,
 ( 4, 2, 2, 2, 2, 2, 2, 2, 4 ),
 ( 0.000000000000000000, 0.06250000000000002776, 0.1250000000000000555, 0.1875000000000000833, 0.2500000000000001110, 0.3125000000000001110, 0.3750000000000001665, 0.4375000000000002220, 0.5000000000000000000 ),
 .UNSPECIFIED. ) ;
#1872 =( BOUNDED_CURVE ( )  B_SPLINE_CURVE ( 2, ( #2120, #3124, #2874 ),
 .UNSPECIFIED., .F., .F. ) 
 B_SPLINE_CURVE_WITH_KNOTS ( ( 3, 3 ),
 ( 0.000000000000000000, 1.000000000000000000 ),
 .UNSPECIFIED. ) 
 CURVE ( )  GEOMETRIC_REPRESENTATION_ITEM ( )  RATIONAL_B_SPLINE_CURVE ( ( 1.000000000000000000, 0.7071067811865475727, 1.000000000000000000 ) ) 
 REPRESENTATION_ITEM ( '' )  );
#1873 = CARTESIAN_POINT ( 'NONE',  ( 16.74999999999999289, 14.96994831248132662, -24.99999999999999645 ) ) ;
#1874 = CYLINDRICAL_SURFACE ( 'NONE', #2134, 3.000000000000000888 ) ;
#1875 = CIRCLE ( 'NONE', #431, 2.999999999999999112 ) ;
#1876 = AXIS2_PLACEMENT_3D ( 'NONE', #2031, #1384, #1769 ) ;
#1877 = CARTESIAN_POINT ( 'NONE',  ( 22.50100000000000833, 72.50000000000000000, 17.49999999999999645 ) ) ;
#1878 = VECTOR ( 'NONE', #1584, 1000.000000000000000 ) ;
#1879 = CARTESIAN_POINT ( 'NONE',  ( -8.191747639794026981, 16.01266642896582937, -27.99999999999999645 ) ) ;
#1880 = ORIENTED_EDGE ( 'NONE', *, *, #2104, .T. ) ;
#1881 = CARTESIAN_POINT ( 'NONE',  ( 19.49999999999998934, 87.50000000000000000, -22.00000000000000000 ) ) ;
#1882 = CARTESIAN_POINT ( 'NONE',  ( 13.01788028728445923, 17.30617159078195044, -27.99999999999999645 ) ) ;
#1883 = CARTESIAN_POINT ( 'NONE',  ( -1.000000000000007772, 87.50000000000000000, -22.49999999999999645 ) ) ;
#1884 = CARTESIAN_POINT ( 'NONE',  ( 13.40091352169697103, 79.04883394660947715, -25.00000000000000000 ) ) ;
#1885 = CYLINDRICAL_SURFACE ( 'NONE', #3011, 1.500000000000001332 ) ;
#1886 = ORIENTED_EDGE ( 'NONE', *, *, #1870, .F. ) ;
#1887 = CARTESIAN_POINT ( 'NONE',  ( -12.16611759758954747, 10.84109563262686393, -27.99999999999999645 ) ) ;
#1888 = CARTESIAN_POINT ( 'NONE',  ( 14.74999999999999467, 13.79185107387558062, -27.99999999999999645 ) ) ;
#1889 = CARTESIAN_POINT ( 'NONE',  ( -13.01266642896696624, 79.30825236021131275, -25.00000000000000000 ) ) ;
#1890 = ORIENTED_EDGE ( 'NONE', *, *, #2309, .F. ) ;
#1891 = CARTESIAN_POINT ( 'NONE',  ( 10.33388240241008305, 17.65890436737270264, -25.00000000000000000 ) ) ;
#1892 = CARTESIAN_POINT ( 'NONE',  ( -15.39334704498912743, 10.61522298216478788, -25.00000000000000000 ) ) ;
#1893 = CIRCLE ( 'NONE', #719, 2.999999999999999112 ) ;
#1894 = CARTESIAN_POINT ( 'NONE',  ( 16.74999999999999289, 76.60979303466440626, -24.99999999999999645 ) ) ;
#1895 = DIRECTION ( 'NONE',  ( 1.387778780781445676E-16, 5.782411586589357392E-17, 1.000000000000000000 ) ) ;
#1896 = ADVANCED_FACE ( 'NONE', ( #1519 ), #2714, .F. ) ;
#1897 = ORIENTED_EDGE ( 'NONE', *, *, #2746, .T. ) ;
#1898 = CARTESIAN_POINT ( 'NONE',  ( -9.099086478303027192, 17.04883394660822660, -25.00000000000000000 ) ) ;
#1899 = LINE ( 'NONE', #1937, #485 ) ;
#1900 = CARTESIAN_POINT ( 'NONE',  ( 19.49999999999999289, 3.000000000000002665, -22.00000000000000000 ) ) ;
#1901 = CARTESIAN_POINT ( 'NONE',  ( -17.00000000000000355, 2.499999999999988454, 2.621359919253842971E-15 ) ) ;
#1902 = CARTESIAN_POINT ( 'NONE',  ( 7.749999999999989342, 76.70814892612453662, -27.99999999999999645 ) ) ;
#1903 = CARTESIAN_POINT ( 'NONE',  ( 7.869993037333062880, 71.85183236961491104, -24.99999999999999645 ) ) ;
#1904 = CARTESIAN_POINT ( 'NONE',  ( -14.25000000000000888, 76.25000000000000000, -22.49999999999999289 ) ) ;
#1905 = ORIENTED_EDGE ( 'NONE', *, *, #58, .F. ) ;
#1906 = VECTOR ( 'NONE', #2319, 1000.000000000000000 ) ;
#1907 = CARTESIAN_POINT ( 'NONE',  ( 9.487333571033897073, 11.19174763979413179, -27.99999999999999645 ) ) ;
#1908 = CARTESIAN_POINT ( 'NONE',  ( -9.810386632360295067, 70.89315027984213202, -24.99999999999999645 ) ) ;
#1909 = DIRECTION ( 'NONE',  ( 1.000000000000000000, 8.673617379884035472E-16, 0.000000000000000000 ) ) ;
#1910 = CARTESIAN_POINT ( 'NONE',  ( 13.68698458591595291, 81.19368636066519684, -24.99999999999998934 ) ) ;
#1911 = VERTEX_POINT ( 'NONE', #991 ) ;
#1912 = DIRECTION ( 'NONE',  ( -1.541976423090495387E-16, -0.000000000000000000, -1.000000000000000000 ) ) ;
#1913 = LOCAL_TIME ( 12, 29, 33.00000000000000000, #3179 ) ;
#1914 = EDGE_LOOP ( 'NONE', ( #1179, #2102, #2073, #1800 ) ) ;
#1915 = CARTESIAN_POINT ( 'NONE',  ( -14.04883394660869911, 12.09908647830285844, -27.99999999999999645 ) ) ;
#1916 = EDGE_CURVE ( 'NONE', #2258, #1190, #157, .T. ) ;
#1917 = DIRECTION ( 'NONE',  ( -1.783268467025218707E-32, 1.000000000000000000, -1.156482317317871478E-16 ) ) ;
#1918 = CARTESIAN_POINT ( 'NONE',  ( -19.50000000000000711, 87.50000000000000000, -22.00000000000000000 ) ) ;
#1919 = EDGE_CURVE ( 'NONE', #1932, #2769, #1286, .T. ) ;
#1920 = CARTESIAN_POINT ( 'NONE',  ( -19.50000000000000711, 3.000000000000002665, -22.00000000000000000 ) ) ;
#1921 = CARTESIAN_POINT ( 'NONE',  ( 16.60684972015677374, 74.81038663236070363, -24.99999999999999645 ) ) ;
#1922 = CARTESIAN_POINT ( 'NONE',  ( 8.191747639794511926, 78.01266642896717940, -24.99999999999999645 ) ) ;
#1923 = CARTESIAN_POINT ( 'NONE',  ( 10.78623782089525029, 79.74992712308392129, -27.99999999999999645 ) ) ;
#1924 = ORIENTED_EDGE ( 'NONE', *, *, #1983, .T. ) ;
#1925 = COORDINATED_UNIVERSAL_TIME_OFFSET ( 1, 0, .AHEAD. ) ;
#1926 = FACE_OUTER_BOUND ( 'NONE', #3027, .T. ) ;
#1927 = CARTESIAN_POINT ( 'NONE',  ( -6.444174862533753156, 79.01990438837289332, -24.99999999999999645 ) ) ;
#1928 = ORIENTED_EDGE ( 'NONE', *, *, #514, .T. ) ;
#1929 = AXIS2_PLACEMENT_3D ( 'NONE', #3141, #1866, #826 ) ;
#1930 = FACE_OUTER_BOUND ( 'NONE', #2704, .T. ) ;
#1931 = CARTESIAN_POINT ( 'NONE',  ( -6.306313639325836107, 11.81301541410613076, -24.99999999999999645 ) ) ;
#1932 = VERTEX_POINT ( 'NONE', #1585 ) ;
#1933 = VERTEX_POINT ( 'NONE', #1798 ) ;
#1934 = AXIS2_PLACEMENT_3D ( 'NONE', #2908, #1412, #130 ) ;
#1935 = DIRECTION ( 'NONE',  ( 0.000000000000000000, -0.000000000000000000, 1.000000000000000000 ) ) ;
#1936 = EDGE_LOOP ( 'NONE', ( #110, #963, #1295, #480 ) ) ;
#1937 = CARTESIAN_POINT ( 'NONE',  ( -22.50100000000001543, 72.50000000000000000, -17.49999999999999289 ) ) ;
#1938 = CARTESIAN_POINT ( 'NONE',  ( -14.01990438837540864, 81.05582513747063444, -24.99999999999999645 ) ) ;
#1939 = DIRECTION ( 'NONE',  ( 0.000000000000000000, -0.000000000000000000, 1.000000000000000000 ) ) ;
#1940 = CARTESIAN_POINT ( 'NONE',  ( 5.893150279842132910, 77.68961336763970849, -24.99999999999999645 ) ) ;
#1941 = LINE ( 'NONE', #1245, #2006 ) ;
#1942 = ORIENTED_EDGE ( 'NONE', *, *, #934, .F. ) ;
#1943 = VERTEX_POINT ( 'NONE', #2847 ) ;
#1944 = DATE_AND_TIME ( #916, #2089 ) ;
#1945 = CARTESIAN_POINT ( 'NONE',  ( -10.53203527265868011, 70.78544306997589786, -24.99999999999999645 ) ) ;
#1946 = CARTESIAN_POINT ( 'NONE',  ( -5.750000000000001776, 75.53005168751680287, -24.99999999999999645 ) ) ;
#1947 = CYLINDRICAL_SURFACE ( 'NONE', #2205, 1.500000000000001332 ) ;
#1948 = CARTESIAN_POINT ( 'NONE',  ( -5.926690293898720263, 12.82193761737187820, -24.99999999999999645 ) ) ;
#1949 = EDGE_CURVE ( 'NONE', #2588, #1009, #2952, .T. ) ;
#1950 = CARTESIAN_POINT ( 'NONE',  ( 9.822103747821381958, 81.57341471732064520, -24.99999999999999645 ) ) ;
#1951 = DIRECTION ( 'NONE',  ( -1.000000000000000000, 0.000000000000000000, 1.387778780781445676E-16 ) ) ;
#1952 = ORIENTED_EDGE ( 'NONE', *, *, #3236, .T. ) ;
#1953 = DIRECTION ( 'NONE',  ( 0.000000000000000000, 0.000000000000000000, 1.000000000000000000 ) ) ;
#1954 = ADVANCED_FACE ( 'NONE', ( #1068, #2799, #766 ), #510, .F. ) ;
#1955 = LINE ( 'NONE', #1393, #371 ) ;
#1956 = CARTESIAN_POINT ( 'NONE',  ( 17.00000000000000711, 5.499999999999988454, 22.50000000000000711 ) ) ;
#1957 = CARTESIAN_POINT ( 'NONE',  ( 14.74999999999999289, 75.79185107387434073, -25.00000000000000000 ) ) ;
#1958 = CARTESIAN_POINT ( 'NONE',  ( -12.16090373927191060, 72.83901486320439744, -27.99999999999999645 ) ) ;
#1959 = ORIENTED_EDGE ( 'NONE', *, *, #2299, .T. ) ;
#1960 = VERTEX_POINT ( 'NONE', #2307 ) ;
#1961 = CARTESIAN_POINT ( 'NONE',  ( 12.16611759758956524, 17.65890436737312541, -27.99999999999999645 ) ) ;
#1962 = COORDINATED_UNIVERSAL_TIME_OFFSET ( 1, 0, .AHEAD. ) ;
#1963 = EDGE_CURVE ( 'NONE', #498, #740, #3070, .T. ) ;
#1964 = DIRECTION ( 'NONE',  ( -1.000000000000000000, -0.000000000000000000, -1.826024711554533913E-16 ) ) ;
#1965 = CARTESIAN_POINT ( 'NONE',  ( -22.50000000000000711, 3.000000000000002665, -22.00000000000000000 ) ) ;
#1966 = CARTESIAN_POINT ( 'NONE',  ( 12.74999999999999467, 76.25000000000000000, -27.99999999999999645 ) ) ;
#1967 = EDGE_CURVE ( 'NONE', #408, #11, #3097, .T. ) ;
#1968 = FACE_OUTER_BOUND ( 'NONE', #1306, .T. ) ;
#1969 = CARTESIAN_POINT ( 'NONE',  ( 15.39334704501092155, 17.88477701781686591, -25.00000000000000000 ) ) ;
#1970 = ORIENTED_EDGE ( 'NONE', *, *, #1232, .F. ) ;
#1971 = DIRECTION ( 'NONE',  ( -1.000000000000000000, 0.000000000000000000, -0.000000000000000000 ) ) ;
#1972 = VERTEX_POINT ( 'NONE', #3214 ) ;
#1973 = CARTESIAN_POINT ( 'NONE',  ( 5.893150279841822936, 15.68961336764096437, -24.99999999999999645 ) ) ;
#1974 = CARTESIAN_POINT ( 'NONE',  ( -11.70814892612505886, 79.75000000000000000, -27.99999999999999645 ) ) ;
#1975 = CARTESIAN_POINT ( 'NONE',  ( 22.50000000000000000, 72.50000000000000000, 17.50000000000000355 ) ) ;
#1976 = CARTESIAN_POINT ( 'NONE',  ( 13.01266642896717229, 73.19174763979327736, -25.00000000000000000 ) ) ;
#1977 = CARTESIAN_POINT ( 'NONE',  ( -13.02250582335322626, 19.46892247602969661, -24.99999999999999645 ) ) ;
#1978 = EDGE_LOOP ( 'NONE', ( #2511, #2043, #2787, #1231 ) ) ;
#1979 = CARTESIAN_POINT ( 'NONE',  ( -14.05275158408798575, 78.39689282069662113, -27.99999999999999645 ) ) ;
#1980 = VERTEX_POINT ( 'NONE', #1665 ) ;
#1981 = PLANE ( 'NONE',  #2059 ) ;
#1982 = CARTESIAN_POINT ( 'NONE',  ( -12.16611759758971090, 72.84109563262772724, -25.00000000000000000 ) ) ;
#1983 = EDGE_CURVE ( 'NONE', #3235, #725, #1733, .T. ) ;
#1984 = CARTESIAN_POINT ( 'NONE',  ( -16.75000000000000711, 13.53005168751917253, -24.99999999999999645 ) ) ;
#1985 = DIRECTION ( 'NONE',  ( 0.000000000000000000, -0.000000000000000000, 1.000000000000000000 ) ) ;
#1986 = CARTESIAN_POINT ( 'NONE',  ( -5.785443069989520737, 76.96796472737864292, -25.00000000000000000 ) ) ;
#1987 = ORIENTED_EDGE ( 'NONE', *, *, #1804, .T. ) ;
#1988 = CARTESIAN_POINT ( 'NONE',  ( -20.00000000000000000, 12.49999999999999645, 17.50000000000000711 ) ) ;
#1989 = CARTESIAN_POINT ( 'NONE',  ( -7.750000000000001776, 76.70814892612567348, -25.00000000000000000 ) ) ;
#1990 = LINE ( 'NONE', #2273, #3269 ) ;
#1991 = ORIENTED_EDGE ( 'NONE', *, *, #1674, .T. ) ;
#1992 = LINE ( 'NONE', #986, #12 ) ;
#1993 = CARTESIAN_POINT ( 'NONE',  ( -7.839014863200875816, 75.33909626073310051, -28.00000000000000000 ) ) ;
#1994 = VERTEX_POINT ( 'NONE', #1363 ) ;
#1995 = CIRCLE ( 'NONE', #1298, 2.999999999999999112 ) ;
#1996 = CARTESIAN_POINT ( 'NONE',  ( 14.30825236020575808, 12.48733357103365371, -27.99999999999999645 ) ) ;
#1997 = ORIENTED_EDGE ( 'NONE', *, *, #1949, .T. ) ;
#1998 = AXIS2_PLACEMENT_3D ( 'NONE', #1877, #1895, #1106 ) ;
#1999 = DIRECTION ( 'NONE',  ( 0.000000000000000000, -1.000000000000000000, 0.000000000000000000 ) ) ;
#2000 = CARTESIAN_POINT ( 'NONE',  ( -10.79185107387670328, 72.74999999999998579, -25.00000000000000000 ) ) ;
#2001 = VECTOR ( 'NONE', #2009, 1000.000000000000000 ) ;
#2002 = CARTESIAN_POINT ( 'NONE',  ( -6.851832369614602847, 10.86999303733337996, -24.99999999999999645 ) ) ;
#2003 = CARTESIAN_POINT ( 'NONE',  ( 7.893613262090440230, 18.62176166152083567, -24.99999999999999645 ) ) ;
#2004 = DIRECTION ( 'NONE',  ( 0.000000000000000000, 0.000000000000000000, -1.000000000000000000 ) ) ;
#2005 = ORIENTED_EDGE ( 'NONE', *, *, #2309, .T. ) ;
#2006 = VECTOR ( 'NONE', #657, 1000.000000000000000 ) ;
#2007 = CARTESIAN_POINT ( 'NONE',  ( -7.750000000000001776, 75.79185107387434073, -25.00000000000000000 ) ) ;
#2008 = EDGE_CURVE ( 'NONE', #756, #1410, #1955, .T. ) ;
#2009 = DIRECTION ( 'NONE',  ( -1.000000000000000000, -0.000000000000000000, -0.000000000000000000 ) ) ;
#2010 = VERTEX_POINT ( 'NONE', #2440 ) ;
#2011 = CARTESIAN_POINT ( 'NONE',  ( 20.00000000000000711, 5.499999999999988454, 22.50000000000000711 ) ) ;
#2012 = CARTESIAN_POINT ( 'NONE',  ( -7.750000000000001776, 76.25000000000000000, -27.99999999999999645 ) ) ;
#2013 = VERTEX_POINT ( 'NONE', #1184 ) ;
#2014 = ORIENTED_EDGE ( 'NONE', *, *, #1816, .F. ) ;
#2015 = CARTESIAN_POINT ( 'NONE',  ( 10.33388240241045075, 10.84109563262686748, -27.99999999999999645 ) ) ;
#2016 = CARTESIAN_POINT ( 'NONE',  ( -14.04883394660870088, 74.09908647830285133, -27.99999999999999645 ) ) ;
#2017 = CARTESIAN_POINT ( 'NONE',  ( -7.750000000000007105, 14.24999999999999822, -27.99999999999999645 ) ) ;
#2018 = CARTESIAN_POINT ( 'NONE',  ( 14.74999999999999289, 14.25000000000000178, -27.99999999999999645 ) ) ;
#2019 = CARTESIAN_POINT ( 'NONE',  ( -8.495452477072378272, 81.02389776843770619, -24.99999999999999289 ) ) ;
#2020 = VERTEX_POINT ( 'NONE', #1883 ) ;
#2021 = EDGE_CURVE ( 'NONE', #1933, #2845, #2784, .T. ) ;
#2022 = CARTESIAN_POINT ( 'NONE',  ( -13.01266642896594306, 73.19174763979327736, -25.00000000000000000 ) ) ;
#2023 = EDGE_LOOP ( 'NONE', ( #3210, #1504, #1710, #3178 ) ) ;
#2024 = EDGE_CURVE ( 'NONE', #2656, #640, #2376, .T. ) ;
#2025 = CARTESIAN_POINT ( 'NONE',  ( -11.96994831248081681, 8.749999999999998224, -24.99999999999999645 ) ) ;
#2026 = CARTESIAN_POINT ( 'NONE',  ( 13.40091352169693550, 73.45116605339109128, -27.99999999999999645 ) ) ;
#2027 = DIRECTION ( 'NONE',  ( 1.000000000000000000, 0.000000000000000000, 0.000000000000000000 ) ) ;
#2028 = ADVANCED_FACE ( 'NONE', ( #2893 ), #871, .F. ) ;
#2029 = ORIENTED_EDGE ( 'NONE', *, *, #2887, .F. ) ;
#2030 = CARTESIAN_POINT ( 'NONE',  ( -8.447248415910786790, 12.10310717930462587, -27.99999999999999645 ) ) ;
#2031 = CARTESIAN_POINT ( 'NONE',  ( 11.24999999999999289, 76.25000000000000000, -24.49999999999999289 ) ) ;
#2032 = CC_DESIGN_APPROVAL ( #3154, ( #1336 ) ) ;
#2033 = CARTESIAN_POINT ( 'NONE',  ( -10.79185107387496423, 79.75000000000000000, -27.99999999999999645 ) ) ;
#2034 = CARTESIAN_POINT ( 'NONE',  ( -13.01266642896561976, 17.30825236020606894, -27.99999999999999645 ) ) ;
#2035 = CARTESIAN_POINT ( 'NONE',  ( -11.96796472738953021, 81.71455693000915232, -24.99999999999999645 ) ) ;
#2036 = ORIENTED_EDGE ( 'NONE', *, *, #123, .F. ) ;
#2037 = AXIS2_PLACEMENT_3D ( 'NONE', #1105, #1846, #2341 ) ;
#2038 = ORIENTED_EDGE ( 'NONE', *, *, #2460, .T. ) ;
#2039 = CARTESIAN_POINT ( 'NONE',  ( -16.05582513746630724, 73.48009561162373871, -24.99999999999999645 ) ) ;
#2040 = CYLINDRICAL_SURFACE ( 'NONE', #3000, 3.000000000000002665 ) ;
#2041 = CARTESIAN_POINT ( 'NONE',  ( -19.99999999999999645, 72.50000000000000000, 17.50000000000000355 ) ) ;
#2042 = CARTESIAN_POINT ( 'NONE',  ( -22.50000000000000711, 72.50000000000000000, -17.49999999999999645 ) ) ;
#2043 = ORIENTED_EDGE ( 'NONE', *, *, #1787, .F. ) ;
#2044 = DIRECTION ( 'NONE',  ( -0.000000000000000000, 1.000000000000000000, -0.000000000000000000 ) ) ;
#2045 = AXIS2_PLACEMENT_3D ( 'NONE', #2457, #907, #2965 ) ;
#2046 = CARTESIAN_POINT ( 'NONE',  ( 14.88477701782107232, 10.10665295499328131, -24.99999999999999645 ) ) ;
#2047 = VECTOR ( 'NONE', #3160, 1000.000000000000000 ) ;
#2048 = CARTESIAN_POINT ( 'NONE',  ( 9.749999999999991118, 76.25000000000000000, -27.99999999999999645 ) ) ;
#2049 = AXIS2_PLACEMENT_3D ( 'NONE', #548, #1863, #2858 ) ;
#2050 = CARTESIAN_POINT ( 'NONE',  ( -10.79185107387496423, 17.74999999999999645, -27.99999999999999645 ) ) ;
#2051 = CARTESIAN_POINT ( 'NONE',  ( 12.68961336763845082, 8.893150279841519179, -24.99999999999999645 ) ) ;
#2052 = ADVANCED_FACE ( 'NONE', ( #2911, #1131 ), #671, .T. ) ;
#2053 = CARTESIAN_POINT ( 'NONE',  ( -13.01266642896619530, 73.19174763979415843, -27.99999999999999645 ) ) ;
#2054 = DIRECTION ( 'NONE',  ( 1.000000000000000000, 0.000000000000000000, 0.000000000000000000 ) ) ;
#2055 = CARTESIAN_POINT ( 'NONE',  ( 7.749999999999989342, 76.70814892612453662, -27.99999999999999645 ) ) ;
#2056 = CARTESIAN_POINT ( 'NONE',  ( 19.49999999999998934, 3.000000000000002665, -24.99999999999999645 ) ) ;
#2057 = LINE ( 'NONE', #1570, #1878 ) ;
#2058 = EDGE_LOOP ( 'NONE', ( #1681, #1528 ) ) ;
#2059 = AXIS2_PLACEMENT_3D ( 'NONE', #2248, #897, #2988 ) ;
#2060 = CARTESIAN_POINT ( 'NONE',  ( 12.16095951684528309, 10.83888020422287468, -27.99999999999999645 ) ) ;
#2061 = EDGE_CURVE ( 'NONE', #408, #495, #619, .T. ) ;
#2062 = DIRECTION ( 'NONE',  ( -1.000000000000000000, 0.000000000000000000, -0.000000000000000000 ) ) ;
#2063 = CARTESIAN_POINT ( 'NONE',  ( -8.191747639794026981, 16.01266642896582937, -27.99999999999999645 ) ) ;
#2064 = VERTEX_POINT ( 'NONE', #2130 ) ;
#2065 = CARTESIAN_POINT ( 'NONE',  ( 8.480095611624593133, 19.05582513746687212, -24.99999999999999645 ) ) ;
#2066 = EDGE_CURVE ( 'NONE', #401, #670, #2204, .T. ) ;
#2067 = AXIS2_PLACEMENT_3D ( 'NONE', #579, #1616, #870 ) ;
#2068 = FACE_OUTER_BOUND ( 'NONE', #985, .T. ) ;
#2069 = SPHERICAL_SURFACE ( 'NONE', #851, 3.000000000000000000 ) ;
#2070 = CARTESIAN_POINT ( 'NONE',  ( 6.851832369614908380, 79.63000696266695400, -24.99999999999999645 ) ) ;
#2071 = FACE_OUTER_BOUND ( 'NONE', #3029, .T. ) ;
#2072 = CARTESIAN_POINT ( 'NONE',  ( 11.24999999999999289, 14.25000000000000178, -24.49999999999999289 ) ) ;
#2073 = ORIENTED_EDGE ( 'NONE', *, *, #3087, .F. ) ;
#2074 = CARTESIAN_POINT ( 'NONE',  ( 8.194036060350821771, 12.48199934993834503, -27.99999999999999645 ) ) ;
#2075 = CARTESIAN_POINT ( 'NONE',  ( -14.75000000000001066, 76.24999999999998579, -24.99999999999999289 ) ) ;
#2076 = EDGE_CURVE ( 'NONE', #3265, #3235, #597, .T. ) ;
#2077 = CARTESIAN_POINT ( 'NONE',  ( -11.70814892612393265, 10.75000000000000000, -27.99999999999999645 ) ) ;
#2078 = ORIENTED_EDGE ( 'NONE', *, *, #677, .F. ) ;
#2079 = EDGE_CURVE ( 'NONE', #8, #243, #132, .T. ) ;
#2080 = CARTESIAN_POINT ( 'NONE',  ( 16.60684972015802430, 12.81038663235945485, -24.99999999999999645 ) ) ;
#2081 = CARTESIAN_POINT ( 'NONE',  ( 13.01266642896654702, 11.19174763979389553, -25.00000000000000000 ) ) ;
#2082 = DIRECTION ( 'NONE',  ( 1.000000000000000000, 0.000000000000000000, 0.000000000000000000 ) ) ;
#2083 = ORIENTED_EDGE ( 'NONE', *, *, #2282, .T. ) ;
#2084 = CARTESIAN_POINT ( 'NONE',  ( -11.70814892612393265, 72.75000000000000000, -27.99999999999999645 ) ) ;
#2085 = CARTESIAN_POINT ( 'NONE',  ( 8.249999999999991118, 14.25000000000000178, -24.49999999999999289 ) ) ;
#2086 = EDGE_LOOP ( 'NONE', ( #914, #1605, #1036, #1790 ) ) ;
#2087 = CARTESIAN_POINT ( 'NONE',  ( 7.869993037333067321, 80.64816763038510317, -24.99999999999999645 ) ) ;
#2088 = DIRECTION ( 'NONE',  ( -0.000000000000000000, -0.000000000000000000, -1.000000000000000000 ) ) ;
#2089 = LOCAL_TIME ( 12, 29, 33.00000000000000000, #1925 ) ;
#2090 = CARTESIAN_POINT ( 'NONE',  ( -19.50000000000000711, 3.000000000000002665, -24.99999999999999645 ) ) ;
#2091 = DIRECTION ( 'NONE',  ( -1.000000000000000000, 0.000000000000000000, 3.652049423109068320E-16 ) ) ;
#2092 = FACE_OUTER_BOUND ( 'NONE', #696, .T. ) ;
#2093 = CARTESIAN_POINT ( 'NONE',  ( 11.24999999999999289, 76.25000000000000000, -27.99999999999999645 ) ) ;
#2094 = EDGE_LOOP ( 'NONE', ( #2836, #933, #3299, #1595 ) ) ;
#2095 = CARTESIAN_POINT ( 'NONE',  ( 7.841095632626469580, 15.16611759758970379, -25.00000000000000000 ) ) ;
#2096 = AXIS2_PLACEMENT_3D ( 'NONE', #2888, #328, #1357 ) ;
#2097 = CARTESIAN_POINT ( 'NONE',  ( 9.099086478302858438, 17.04883394660870266, -25.00000000000000000 ) ) ;
#2098 = CARTESIAN_POINT ( 'NONE',  ( -14.00454752292423777, 9.476102231558600764, -24.99999999999999289 ) ) ;
#2099 = CARTESIAN_POINT ( 'NONE',  ( -22.50000000000000000, 87.50000000000000000, 25.00000000000000355 ) ) ;
#2100 = CARTESIAN_POINT ( 'NONE',  ( -8.451166053391451882, 16.40091352169727656, -27.99999999999999645 ) ) ;
#2101 = ADVANCED_FACE ( 'NONE', ( #114 ), #1102, .T. ) ;
#2102 = ORIENTED_EDGE ( 'NONE', *, *, #1183, .F. ) ;
#2103 = CARTESIAN_POINT ( 'NONE',  ( 14.66111979577712354, 15.16095951684528842, -27.99999999999999645 ) ) ;
#2104 = EDGE_CURVE ( 'NONE', #2013, #2845, #2515, .T. ) ;
#2105 = CARTESIAN_POINT ( 'NONE',  ( 5.749999999999991118, 76.24999999999998579, -24.99999999999999645 ) ) ;
#2106 = CARTESIAN_POINT ( 'NONE',  ( 8.813015414093285926, 9.306313639329035325, -25.00000000000000000 ) ) ;
#2107 = AXIS2_PLACEMENT_3D ( 'NONE', #281, #760, #1063 ) ;
#2108 = CARTESIAN_POINT ( 'NONE',  ( 14.05285464760816616, 78.39699588421964904, -27.99999999999999645 ) ) ;
#2109 = CARTESIAN_POINT ( 'NONE',  ( -7.750000000000007105, 13.79185107387557707, -27.99999999999999645 ) ) ;
#2110 = CARTESIAN_POINT ( 'NONE',  ( 10.33388240241029088, 10.84109563262647669, -25.00000000000000000 ) ) ;
#2111 = CARTESIAN_POINT ( 'NONE',  ( 10.53005168751918319, 8.750000000000001776, -24.99999999999999645 ) ) ;
#2112 = FACE_OUTER_BOUND ( 'NONE', #137, .T. ) ;
#2113 = DIRECTION ( 'NONE',  ( 1.000000000000000000, 0.000000000000000000, -1.387778780781445676E-16 ) ) ;
#2114 = CARTESIAN_POINT ( 'NONE',  ( -14.75000000000000711, 14.70814892612516900, -25.00000000000000000 ) ) ;
#2115 = CARTESIAN_POINT ( 'NONE',  ( -4.000000000000004441, 2.499999999999988454, 6.167905692361988450E-16 ) ) ;
#2116 = DIRECTION ( 'NONE',  ( 1.541976423090495387E-16, -0.000000000000000000, 1.000000000000000000 ) ) ;
#2117 = CARTESIAN_POINT ( 'NONE',  ( 8.495452477096955946, 71.47610223154910614, -24.99999999999999289 ) ) ;
#2118 = CARTESIAN_POINT ( 'NONE',  ( 13.01266642896571213, 79.30825236020629632, -25.00000000000000000 ) ) ;
#2119 = EDGE_CURVE ( 'NONE', #1410, #1911, #2259, .T. ) ;
#2120 = CARTESIAN_POINT ( 'NONE',  ( -16.75000000000000711, 14.24999999999998579, -24.99999999999999645 ) ) ;
#2121 = LINE ( 'NONE', #1563, #2348 ) ;
#2122 = CARTESIAN_POINT ( 'NONE',  ( 9.487333571034380242, 17.30825236020606894, -27.99999999999999645 ) ) ;
#2123 = CARTESIAN_POINT ( 'NONE',  ( -8.250000000000005329, 14.24999999999999822, -24.49999999999999289 ) ) ;
#2124 = CARTESIAN_POINT ( 'NONE',  ( 9.487333571034060498, 11.19174763979452258, -25.00000000000000000 ) ) ;
#2125 = DIRECTION ( 'NONE',  ( -1.000000000000000000, 8.673617379884035472E-16, 0.000000000000000000 ) ) ;
#2126 = DIRECTION ( 'NONE',  ( 0.000000000000000000, 1.000000000000000000, 0.000000000000000000 ) ) ;
#2127 = CARTESIAN_POINT ( 'NONE',  ( -14.04883394660869733, 16.40091352169714156, -25.00000000000000000 ) ) ;
#2128 = CARTESIAN_POINT ( 'NONE',  ( 12.16095951683571741, 72.83888020422435261, -27.99999999999999645 ) ) ;
#2129 = DIRECTION ( 'NONE',  ( 1.982541115402065110E-16, 0.000000000000000000, 1.000000000000000000 ) ) ;
#2130 = CARTESIAN_POINT ( 'NONE',  ( -9.750000000000005329, 14.24999999999999822, -24.49999999999999289 ) ) ;
#2131 = B_SPLINE_CURVE_WITH_KNOTS ( 'NONE', 3,
 ( #1279, #663, #2785, #1005, #2030, #746, #496, #1679, #2431, #2959, #1697, #1176, #1534, #2290, #508, #2545, #1425, #2197 ),
 .UNSPECIFIED., .F., .F.,
 ( 4, 2, 2, 2, 2, 2, 2, 2, 4 ),
 ( 0.5000000000000000000, 0.5625000000000000000, 0.6250000000000000000, 0.6875000000000000000, 0.7500000000000000000, 0.8125000000000000000, 0.8750000000000000000, 0.9375000000000000000, 1.000000000000000000 ),
 .UNSPECIFIED. ) ;
#2132 = CARTESIAN_POINT ( 'NONE',  ( 7.841095632626416290, 77.16611759758846745, -27.99999999999999645 ) ) ;
#2133 = CARTESIAN_POINT ( 'NONE',  ( 19.49999999999998934, 3.000000000000002665, -22.00000000000000000 ) ) ;
#2134 = AXIS2_PLACEMENT_3D ( 'NONE', #327, #1609, #2082 ) ;
#2135 = DIRECTION ( 'NONE',  ( 1.000000000000000000, 0.000000000000000000, 0.000000000000000000 ) ) ;
#2136 = CARTESIAN_POINT ( 'NONE',  ( 14.65890436737323554, 13.33388240241072431, -27.99999999999999645 ) ) ;
#2137 = CARTESIAN_POINT ( 'NONE',  ( -8.451166053389888688, 78.40091352170132666, -25.00000000000000000 ) ) ;
#2138 = CARTESIAN_POINT ( 'NONE',  ( 14.01990438837752251, 9.444174862534334025, -24.99999999999999645 ) ) ;
#2139 = CARTESIAN_POINT ( 'NONE',  ( 19.50000000000000000, 3.000000000000002665, 22.00000000000000355 ) ) ;
#2140 = CARTESIAN_POINT ( 'NONE',  ( 6.878297011219480339, 79.60634753399587282, -25.00000000000000000 ) ) ;
#2141 = CIRCLE ( 'NONE', #2561, 2.999999999999999112 ) ;
#2142 = DIRECTION ( 'NONE',  ( -0.000000000000000000, -0.000000000000000000, -1.000000000000000000 ) ) ;
#2143 = VERTEX_POINT ( 'NONE', #2793 ) ;
#2144 = CIRCLE ( 'NONE', #1136, 1.500000000000001332 ) ;
#2145 = CARTESIAN_POINT ( 'NONE',  ( -10.79185107387607623, 10.75000000000000000, -27.99999999999999645 ) ) ;
#2146 = DIRECTION ( 'NONE',  ( 1.387778780781445676E-16, 0.000000000000000000, 1.000000000000000000 ) ) ;
#2147 = LINE ( 'NONE', #617, #1518 ) ;
#2148 = CARTESIAN_POINT ( 'NONE',  ( 7.749999999999993783, 13.78568062793197235, -28.00000000000000000 ) ) ;
#2149 = CARTESIAN_POINT ( 'NONE',  ( 11.70814892612503400, 79.75000000000000000, -27.99999999999999645 ) ) ;
#2150 = CARTESIAN_POINT ( 'NONE',  ( 16.74999999999999289, 75.53005168751680287, -24.99999999999999645 ) ) ;
#2151 = CARTESIAN_POINT ( 'NONE',  ( -1.000000000000007772, 5.499999999999988454, -22.49999999999999645 ) ) ;
#2152 = VERTEX_POINT ( 'NONE', #263 ) ;
#2153 = ORIENTED_EDGE ( 'NONE', *, *, #570, .F. ) ;
#2154 = PERSON_AND_ORGANIZATION_ROLE ( 'creator' ) ;
#2155 = CARTESIAN_POINT ( 'NONE',  ( 8.451166053391299116, 12.09908647830286377, -25.00000000000000000 ) ) ;
#2156 = CARTESIAN_POINT ( 'NONE',  ( -10.79185107387558951, 79.75000000000000000, -25.00000000000000000 ) ) ;
#2157 = EDGE_CURVE ( 'NONE', #1980, #168, #974, .T. ) ;
#2158 = CARTESIAN_POINT ( 'NONE',  ( -10.53203527261574024, 8.785443069993608134, -25.00000000000000000 ) ) ;
#2159 = VECTOR ( 'NONE', #2869, 1000.000000000000000 ) ;
#2160 = EDGE_LOOP ( 'NONE', ( #1148, #628 ) ) ;
#2161 = ADVANCED_FACE ( 'NONE', ( #1343 ), #2540, .T. ) ;
#2162 = CARTESIAN_POINT ( 'NONE',  ( 19.99999999999999645, 72.50000000000000000, -17.49999999999999645 ) ) ;
#2163 = EDGE_LOOP ( 'NONE', ( #2211, #763, #1510, #1128 ) ) ;
#2164 = CARTESIAN_POINT ( 'NONE',  ( -14.65890436737313962, 13.33388240241046674, -27.99999999999999645 ) ) ;
#2165 = CARTESIAN_POINT ( 'NONE',  ( -7.750000000000007105, 14.24999999999999822, -27.99999999999999645 ) ) ;
#2166 = DIRECTION ( 'NONE',  ( 1.000000000000000000, 0.000000000000000000, 0.000000000000000000 ) ) ;
#2167 = CARTESIAN_POINT ( 'NONE',  ( -7.869993037333367525, 80.64816763038132308, -24.99999999999999645 ) ) ;
#2168 = CARTESIAN_POINT ( 'NONE',  ( 7.841095632626465139, 75.33388240240655875, -25.00000000000000000 ) ) ;
#2169 = AXIS2_PLACEMENT_3D ( 'NONE', #188, #1525, #1985 ) ;
#2170 = CARTESIAN_POINT ( 'NONE',  ( 10.53005168751918319, 70.75000000000000000, -24.99999999999999645 ) ) ;
#2171 = CARTESIAN_POINT ( 'NONE',  ( 20.00000000000000000, 87.50000000000000000, -22.50000000000000000 ) ) ;
#2172 = ORIENTED_EDGE ( 'NONE', *, *, #24, .T. ) ;
#2173 = AXIS2_PLACEMENT_3D ( 'NONE', #2571, #494, #1532 ) ;
#2174 = PERSON_AND_ORGANIZATION ( #900, #1560 ) ;
#2175 = CARTESIAN_POINT ( 'NONE',  ( -12.67788248564180620, 70.92665449192580240, -25.00000000000000000 ) ) ;
#2176 = CARTESIAN_POINT ( 'NONE',  ( -16.60684972015786798, 77.68961336763970849, -24.99999999999999645 ) ) ;
#2177 = ORIENTED_EDGE ( 'NONE', *, *, #1290, .T. ) ;
#2178 = DIRECTION ( 'NONE',  ( 0.000000000000000000, 0.000000000000000000, 1.000000000000000000 ) ) ;
#2179 = CARTESIAN_POINT ( 'NONE',  ( -5.750000000000007105, 14.24999999999999822, -24.99999999999999645 ) ) ;
#2180 = EDGE_CURVE ( 'NONE', #2013, #1933, #1995, .T. ) ;
#2181 = CARTESIAN_POINT ( 'NONE',  ( 16.46892247605145343, 78.02250582331201656, -25.00000000000000000 ) ) ;
#2182 = EDGE_LOOP ( 'NONE', ( #3091, #3188, #2306, #2499 ) ) ;
#2183 = CARTESIAN_POINT ( 'NONE',  ( -19.50000000000000711, 87.50000000000000000, -24.99999999999999645 ) ) ;
#2184 = ORIENTED_EDGE ( 'NONE', *, *, #771, .F. ) ;
#2185 = CARTESIAN_POINT ( 'NONE',  ( -8.191747639794151326, 12.48733357103387043, -27.99999999999999645 ) ) ;
#2186 = DIRECTION ( 'NONE',  ( 1.000000000000000000, 0.000000000000000000, 0.000000000000000000 ) ) ;
#2187 = CARTESIAN_POINT ( 'NONE',  ( -10.53005168751868936, 81.75000000000000000, -24.99999999999999645 ) ) ;
#2188 = CARTESIAN_POINT ( 'NONE',  ( 13.40091352169693728, 73.45116605339109128, -25.00000000000000000 ) ) ;
#2189 = CARTESIAN_POINT ( 'NONE',  ( 14.30825236020724311, 74.48733357103255059, -25.00000000000000000 ) ) ;
#2190 = CARTESIAN_POINT ( 'NONE',  ( -5.785443069990920506, 14.96796472738343198, -25.00000000000000000 ) ) ;
#2191 = ORIENTED_EDGE ( 'NONE', *, *, #1290, .F. ) ;
#2192 = ADVANCED_FACE ( 'NONE', ( #2343 ), #772, .F. ) ;
#2193 =( NAMED_UNIT ( * ) SI_UNIT ( $, .STERADIAN. ) SOLID_ANGLE_UNIT ( ) );
#2194 = DIRECTION ( 'NONE',  ( -0.000000000000000000, -0.000000000000000000, 1.000000000000000000 ) ) ;
#2195 = CARTESIAN_POINT ( 'NONE',  ( -1.000000000000007772, 87.50000000000000000, -22.49999999999999645 ) ) ;
#2196 = APPROVAL_PERSON_ORGANIZATION ( #1420, #3154, #120 ) ;
#2197 = CARTESIAN_POINT ( 'NONE',  ( -14.75000000000000533, 14.24999999999999467, -27.99999999999999645 ) ) ;
#2198 = CARTESIAN_POINT ( 'NONE',  ( -11.96994831248081681, 8.749999999999998224, -24.99999999999999645 ) ) ;
#2199 = CARTESIAN_POINT ( 'NONE',  ( 11.96797849395683855, 81.71462613924728657, -24.99999999999999645 ) ) ;
#2200 = VECTOR ( 'NONE', #1917, 1000.000000000000000 ) ;
#2201 = PLANE ( 'NONE',  #2096 ) ;
#2202 = ORIENTED_EDGE ( 'NONE', *, *, #615, .T. ) ;
#2203 = CARTESIAN_POINT ( 'NONE',  ( -12.16095951684352983, 17.66111979577713598, -28.00000000000000355 ) ) ;
#2204 = LINE ( 'NONE', #1901, #489 ) ;
#2205 = AXIS2_PLACEMENT_3D ( 'NONE', #3034, #682, #1468 ) ;
#2206 = ADVANCED_FACE ( 'NONE', ( #251 ), #1091, .F. ) ;
#2207 = LINE ( 'NONE', #1259, #2407 ) ;
#2208 = CARTESIAN_POINT ( 'NONE',  ( 9.487333571034060498, 73.19174763979327736, -25.00000000000000000 ) ) ;
#2209 = CARTESIAN_POINT ( 'NONE',  ( -10.78623782090938832, 72.75007287691607871, -27.99999999999999645 ) ) ;
#2210 = ADVANCED_FACE ( 'NONE', ( #1284 ), #1802, .F. ) ;
#2211 = ORIENTED_EDGE ( 'NONE', *, *, #2865, .F. ) ;
#2212 = CARTESIAN_POINT ( 'NONE',  ( -10.78623782091012018, 79.75007287691606450, -27.99999999999999645 ) ) ;
#2213 = PERSON_AND_ORGANIZATION ( #900, #1560 ) ;
#2214 = CARTESIAN_POINT ( 'NONE',  ( -5.785338058779745829, 75.53220140303568542, -25.00000000000000000 ) ) ;
#2215 = CARTESIAN_POINT ( 'NONE',  ( -14.65890436737349667, 75.33388240241131939, -27.99999999999999645 ) ) ;
#2216 = DIRECTION ( 'NONE',  ( -0.000000000000000000, 1.000000000000000000, -0.000000000000000000 ) ) ;
#2217 = B_SPLINE_CURVE_WITH_KNOTS ( 'NONE', 3,
 ( #234, #215, #2994, #1268, #3025, #960, #976, #435, #1969, #3246, #2474, #1508, #737, #2251, #1219, #683, #1470, #1741, #486, #2773, #452, #2236, #1489, #2003, #2490, #203, #2265, #3012, #469, #1719, #2722, #996, #3263, #721 ),
 .UNSPECIFIED., .F., .F.,
 ( 4, 2, 2, 2, 2, 2, 2, 2, 2, 2, 2, 2, 2, 2, 2, 2, 4 ),
 ( 0.000000000000000000, 0.03125000000000000000, 0.06250000000000000000, 0.09375000000000000000, 0.1250000000000000000, 0.1562500000000000000, 0.1875000000000000000, 0.2187500000000000000, 0.2500000000000000000, 0.2812500000000000000, 0.3125000000000000000, 0.3437500000000000000, 0.3750000000000000000, 0.4062500000000000000, 0.4375000000000000000, 0.4687500000000000000, 0.5000000000000000000 ),
 .UNSPECIFIED. ) ;
#2218 = DIRECTION ( 'NONE',  ( -1.000000000000000000, -0.000000000000000000, 1.387778780781445676E-16 ) ) ;
#2219 = DIRECTION ( 'NONE',  ( -1.000000000000000000, -0.000000000000000000, 1.387778780781445676E-16 ) ) ;
#2220 = DIRECTION ( 'NONE',  ( -1.000000000000000000, 0.000000000000000000, 0.000000000000000000 ) ) ;
#2221 = EDGE_LOOP ( 'NONE', ( #1263, #828 ) ) ;
#2222 = CARTESIAN_POINT ( 'NONE',  ( -4.000000000000000888, 5.499999999999988454, 22.50000000000000000 ) ) ;
#2223 = CARTESIAN_POINT ( 'NONE',  ( -10.79185107387496423, 79.75000000000000000, -27.99999999999999645 ) ) ;
#2224 = DIRECTION ( 'NONE',  ( -0.000000000000000000, 1.000000000000000000, -0.000000000000000000 ) ) ;
#2225 = CARTESIAN_POINT ( 'NONE',  ( 13.40091352169697103, 79.04883394660947715, -25.00000000000000000 ) ) ;
#2226 = CARTESIAN_POINT ( 'NONE',  ( -11.60961331494423376, 19.75003573026387471, -24.99999999999999289 ) ) ;
#2227 = ORIENTED_EDGE ( 'NONE', *, *, #1542, .T. ) ;
#2228 = ADVANCED_FACE ( 'NONE', ( #13, #2068 ), #1815, .T. ) ;
#2229 = CARTESIAN_POINT ( 'NONE',  ( 13.40091352169728545, 17.04883394660854634, -27.99999999999999645 ) ) ;
#2230 = ADVANCED_FACE ( 'NONE', ( #1145 ), #1859, .T. ) ;
#2231 =( NAMED_UNIT ( * ) PLANE_ANGLE_UNIT ( ) SI_UNIT ( $, .RADIAN. ) );
#2232 = CARTESIAN_POINT ( 'NONE',  ( -11.25000000000000711, 14.24999999999999822, -27.99999999999999645 ) ) ;
#2233 = CARTESIAN_POINT ( 'NONE',  ( -10.79185107387607623, 72.75000000000000000, -27.99999999999999645 ) ) ;
#2234 = FACE_OUTER_BOUND ( 'NONE', #2086, .T. ) ;
#2235 = CARTESIAN_POINT ( 'NONE',  ( -16.75000000000000711, 14.96994831248080082, -24.99999999999999645 ) ) ;
#2236 = CARTESIAN_POINT ( 'NONE',  ( 8.812988067316991803, 19.19375238158557906, -24.99999999999999645 ) ) ;
#2237 = VERTEX_POINT ( 'NONE', #3187 ) ;
#2238 = CARTESIAN_POINT ( 'NONE',  ( -5.750000000000001776, 76.60979303466520207, -25.00000000000000711 ) ) ;
#2239 = VERTEX_POINT ( 'NONE', #1644 ) ;
#2240 = CARTESIAN_POINT ( 'NONE',  ( 12.68961336764058068, 19.60684972015853234, -24.99999999999999645 ) ) ;
#2241 = CARTESIAN_POINT ( 'NONE',  ( -11.70814892612443536, 79.75000000000000000, -25.00000000000000000 ) ) ;
#2242 = CARTESIAN_POINT ( 'NONE',  ( -19.50000000000000355, 0.000000000000000000, 2.706168622523819462E-15 ) ) ;
#2243 = FACE_OUTER_BOUND ( 'NONE', #2160, .T. ) ;
#2244 = CARTESIAN_POINT ( 'NONE',  ( -16.19368636067001077, 16.68698458591038403, -24.99999999999999289 ) ) ;
#2245 = ORIENTED_EDGE ( 'NONE', *, *, #982, .F. ) ;
#2246 = DIRECTION ( 'NONE',  ( 1.000000000000000000, 0.000000000000000000, 0.000000000000000000 ) ) ;
#2247 = ORIENTED_EDGE ( 'NONE', *, *, #1075, .T. ) ;
#2248 = CARTESIAN_POINT ( 'NONE',  ( -22.50000000000000711, 87.50000000000000000, -24.99999999999999645 ) ) ;
#2249 = CARTESIAN_POINT ( 'NONE',  ( -7.750000000000001776, 76.25000000000000000, -25.00000000000000000 ) ) ;
#2250 = CARTESIAN_POINT ( 'NONE',  ( -11.70814892612330738, 10.75000000000000000, -25.00000000000000000 ) ) ;
#2251 = CARTESIAN_POINT ( 'NONE',  ( 13.02253317010017319, 19.46898849695425326, -24.99999999999999289 ) ) ;
#2252 = DIRECTION ( 'NONE',  ( 0.000000000000000000, 0.000000000000000000, -1.000000000000000000 ) ) ;
#2253 = ORIENTED_EDGE ( 'NONE', *, *, #1963, .F. ) ;
#2254 = CARTESIAN_POINT ( 'NONE',  ( -10.33388240241008660, 79.65890436737269908, -25.00000000000000000 ) ) ;
#2255 = DIRECTION ( 'NONE',  ( -1.826024711554534160E-16, -0.000000000000000000, 1.000000000000000000 ) ) ;
#2256 = CARTESIAN_POINT ( 'NONE',  ( 7.841095632626416290, 77.16611759758846745, -27.99999999999999645 ) ) ;
#2257 = CARTESIAN_POINT ( 'NONE',  ( -8.495452477084633358, 19.02389776844833591, -24.99999999999999645 ) ) ;
#2258 = VERTEX_POINT ( 'NONE', #831 ) ;
#2259 = CIRCLE ( 'NONE', #2311, 1.500000000000001332 ) ;
#2260 = CARTESIAN_POINT ( 'NONE',  ( 13.40091352169693373, 11.45116605339111082, -27.99999999999999645 ) ) ;
#2261 = VECTOR ( 'NONE', #865, 1000.000000000000000 ) ;
#2262 = CARTESIAN_POINT ( 'NONE',  ( 16.60684972015728178, 77.68961336764306225, -24.99999999999999645 ) ) ;
#2263 = CARTESIAN_POINT ( 'NONE',  ( -12.75000000000000711, 14.24999999999999822, -27.99999999999999645 ) ) ;
#2264 = CARTESIAN_POINT ( 'NONE',  ( -5.750000000000007105, 13.53005168751867515, -24.99999999999999645 ) ) ;
#2265 = CARTESIAN_POINT ( 'NONE',  ( 6.878297011230140257, 17.60634753401289743, -25.00000000000000000 ) ) ;
#2266 = EDGE_CURVE ( 'NONE', #1496, #2143, #2419, .T. ) ;
#2267 = CARTESIAN_POINT ( 'NONE',  ( -6.476160904329465673, 79.00450831904534255, -24.99999999999999289 ) ) ;
#2268 = ORIENTED_EDGE ( 'NONE', *, *, #771, .T. ) ;
#2269 = EDGE_CURVE ( 'NONE', #472, #1165, #2829, .T. ) ;
#2270 = CIRCLE ( 'NONE', #537, 2.999999999999999112 ) ;
#2271 = VECTOR ( 'NONE', #3297, 1000.000000000000000 ) ;
#2272 = CARTESIAN_POINT ( 'NONE',  ( -14.75000000000001066, 75.79185107387542075, -25.00000000000000000 ) ) ;
#2273 = CARTESIAN_POINT ( 'NONE',  ( -20.00000000000001066, 72.50000000000000000, -17.49999999999999645 ) ) ;
#2274 = VERTEX_POINT ( 'NONE', #2183 ) ;
#2275 = CARTESIAN_POINT ( 'NONE',  ( 13.40091352169666017, 79.04883394660916451, -27.99999999999999645 ) ) ;
#2276 = LINE ( 'NONE', #3286, #2271 ) ;
#2277 = ORIENTED_EDGE ( 'NONE', *, *, #3125, .T. ) ;
#2278 = CC_DESIGN_PERSON_AND_ORGANIZATION_ASSIGNMENT ( #659, #1693, ( #1336 ) ) ;
#2279 = CARTESIAN_POINT ( 'NONE',  ( 14.74999999999999289, 13.79185107387557885, -25.00000000000000000 ) ) ;
#2280 = CARTESIAN_POINT ( 'NONE',  ( 20.00000000000000711, 2.499999999999988454, 22.50000000000000711 ) ) ;
#2281 = CARTESIAN_POINT ( 'NONE',  ( -10.33388240241155565, 10.84109563262647491, -25.00000000000000000 ) ) ;
#2282 = EDGE_CURVE ( 'NONE', #501, #1236, #2141, .T. ) ;
#2283 = CARTESIAN_POINT ( 'NONE',  ( -12.67789625220391692, 81.57341471730904914, -25.00000000000000000 ) ) ;
#2284 = ORIENTED_EDGE ( 'NONE', *, *, #1963, .T. ) ;
#2285 = CARTESIAN_POINT ( 'NONE',  ( -8.480095611623722718, 71.44417486253371408, -24.99999999999999645 ) ) ;
#2286 = LINE ( 'NONE', #2085, #917 ) ;
#2287 = LINE ( 'NONE', #1033, #3162 ) ;
#2288 = DIRECTION ( 'NONE',  ( 0.000000000000000000, 0.000000000000000000, 1.000000000000000000 ) ) ;
#2289 = VERTEX_POINT ( 'NONE', #1431 ) ;
#2290 = CARTESIAN_POINT ( 'NONE',  ( -14.05285464761098169, 12.10300411578464086, -27.99999999999999645 ) ) ;
#2291 = EDGE_LOOP ( 'NONE', ( #3080, #894, #2815, #1540 ) ) ;
#2292 = CARTESIAN_POINT ( 'NONE',  ( 20.00000000000000000, 2.499999999999988454, -22.50000000000000000 ) ) ;
#2293 = CARTESIAN_POINT ( 'NONE',  ( -4.000000000000004441, 5.499999999999988454, 6.167905692361988450E-16 ) ) ;
#2294 = EDGE_CURVE ( 'NONE', #971, #692, #3132, .T. ) ;
#2295 = CARTESIAN_POINT ( 'NONE',  ( -10.33388240241008837, 17.65890436737269908, -25.00000000000000000 ) ) ;
#2296 = CARTESIAN_POINT ( 'NONE',  ( 11.70814892612565750, 17.75000000000000000, -25.00000000000000000 ) ) ;
#2297 = CIRCLE ( 'NONE', #694, 3.000000000000002665 ) ;
#2298 = CARTESIAN_POINT ( 'NONE',  ( -13.01266642896491987, 79.30825236020636737, -27.99999999999999645 ) ) ;
#2299 = EDGE_CURVE ( 'NONE', #243, #953, #147, .T. ) ;
#2300 = CARTESIAN_POINT ( 'NONE',  ( 22.49999999999999289, 3.000000000000002665, -24.99999999999999645 ) ) ;
#2301 = CARTESIAN_POINT ( 'NONE',  ( 9.099086478302858438, 79.04883394660869556, -27.99999999999999645 ) ) ;
#2302 = B_SPLINE_CURVE_WITH_KNOTS ( 'NONE', 3,
 ( #2105, #303, #1067, #33, #808, #1333, #2349, #48, #3110, #1598, #1096, #2117, #2864, #830, #2645, #2613, #1356, #3131, #2581, #1385, #1327, #1089, #1579, #1858, #1371, #609, #2902, #89, #1123, #799, #2885, #2371, #1624, #572 ),
 .UNSPECIFIED., .F., .F.,
 ( 4, 2, 2, 2, 2, 2, 2, 2, 2, 2, 2, 2, 2, 2, 2, 2, 4 ),
 ( 0.5000000000000000000, 0.5312500000000000000, 0.5625000000000001110, 0.5937500000000001110, 0.6250000000000002220, 0.6562500000000002220, 0.6875000000000002220, 0.7187500000000002220, 0.7500000000000003331, 0.7812500000000004441, 0.8125000000000004441, 0.8437500000000004441, 0.8750000000000004441, 0.9062500000000004441, 0.9375000000000002220, 0.9687500000000002220, 1.000000000000000000 ),
 .UNSPECIFIED. ) ;
#2303 = DIRECTION ( 'NONE',  ( -0.000000000000000000, 1.000000000000000000, -0.000000000000000000 ) ) ;
#2304 = DIRECTION ( 'NONE',  ( 1.000000000000000000, 0.000000000000000000, 0.000000000000000000 ) ) ;
#2305 = ADVANCED_FACE ( 'NONE', ( #2372 ), #2201, .F. ) ;
#2306 = ORIENTED_EDGE ( 'NONE', *, *, #3089, .T. ) ;
#2307 = CARTESIAN_POINT ( 'NONE',  ( 4.000000000000000000, 2.499999999999988454, -22.49999999999999289 ) ) ;
#2308 = EDGE_LOOP ( 'NONE', ( #2413, #651, #969, #2725 ) ) ;
#2309 = EDGE_CURVE ( 'NONE', #1911, #1410, #1394, .T. ) ;
#2310 = CARTESIAN_POINT ( 'NONE',  ( 14.24999999999999289, 14.25000000000000178, -24.49999999999999289 ) ) ;
#2311 = AXIS2_PLACEMENT_3D ( 'NONE', #1847, #530, #3074 ) ;
#2312 = VECTOR ( 'NONE', #3066, 1000.000000000000000 ) ;
#2313 = CARTESIAN_POINT ( 'NONE',  ( -14.04883394660869733, 16.40091352169714156, -25.00000000000000000 ) ) ;
#2314 = DIRECTION ( 'NONE',  ( 1.000000000000000000, 0.000000000000000000, 0.000000000000000000 ) ) ;
#2315 = DIRECTION ( 'NONE',  ( 0.000000000000000000, -1.000000000000000000, 0.000000000000000000 ) ) ;
#2316 = VERTEX_POINT ( 'NONE', #3168 ) ;
#2317 = AXIS2_PLACEMENT_3D ( 'NONE', #2605, #322, #1351 ) ;
#2318 = DIRECTION ( 'NONE',  ( 0.000000000000000000, 0.000000000000000000, 1.000000000000000000 ) ) ;
#2319 = DIRECTION ( 'NONE',  ( -1.982541115402065110E-16, -0.000000000000000000, -1.000000000000000000 ) ) ;
#2320 = CARTESIAN_POINT ( 'NONE',  ( 14.74999999999999467, 76.25000000000000000, -24.99999999999999289 ) ) ;
#2321 = AXIS2_PLACEMENT_3D ( 'NONE', #2232, #1695, #3201 ) ;
#2322 = CARTESIAN_POINT ( 'NONE',  ( -7.838880204222873793, 77.16095951684602028, -27.99999999999999645 ) ) ;
#2323 = CARTESIAN_POINT ( 'NONE',  ( -11.25000000000000711, 76.25000000000000000, -24.49999999999999289 ) ) ;
#2324 = EDGE_CURVE ( 'NONE', #893, #3265, #1133, .T. ) ;
#2325 = CARTESIAN_POINT ( 'NONE',  ( 20.00000000000000000, 2.499999999999988454, -22.50000000000000000 ) ) ;
#2326 = CARTESIAN_POINT ( 'NONE',  ( 14.01990438837752251, 9.444174862534334025, -24.99999999999999645 ) ) ;
#2327 = VERTEX_POINT ( 'NONE', #343 ) ;
#2328 = CARTESIAN_POINT ( 'NONE',  ( 11.70814892612565750, 17.75000000000000000, -25.00000000000000000 ) ) ;
#2329 = AXIS2_PLACEMENT_3D ( 'NONE', #32, #242, #778 ) ;
#2330 = CARTESIAN_POINT ( 'NONE',  ( -12.16611759758945688, 72.84109563262683196, -27.99999999999999645 ) ) ;
#2331 = DIRECTION ( 'NONE',  ( -0.000000000000000000, 1.000000000000000000, -0.000000000000000000 ) ) ;
#2332 = ORIENTED_EDGE ( 'NONE', *, *, #62, .T. ) ;
#2333 = CARTESIAN_POINT ( 'NONE',  ( 7.749999999999990230, 75.78568062793124227, -28.00000000000000000 ) ) ;
#2334 = CARTESIAN_POINT ( 'NONE',  ( 22.49999999999999289, 12.49999999999999645, -17.50000000000000711 ) ) ;
#2335 = DIRECTION ( 'NONE',  ( 1.000000000000000000, -0.000000000000000000, -0.000000000000000000 ) ) ;
#2336 = CARTESIAN_POINT ( 'NONE',  ( 16.57330970610128063, 12.82193761736602866, -24.99999999999999645 ) ) ;
#2337 = DIRECTION ( 'NONE',  ( -0.000000000000000000, 1.000000000000000000, -0.000000000000000000 ) ) ;
#2338 = CARTESIAN_POINT ( 'NONE',  ( 22.50000000000000000, 87.50000000000000000, 22.00000000000000355 ) ) ;
#2339 = CARTESIAN_POINT ( 'NONE',  ( 14.01990438837540864, 19.05582513746562157, -24.99999999999999645 ) ) ;
#2340 = CARTESIAN_POINT ( 'NONE',  ( 6.851832369614904827, 10.86999303733306910, -24.99999999999999645 ) ) ;
#2341 = DIRECTION ( 'NONE',  ( -1.000000000000000000, 0.000000000000000000, 0.000000000000000000 ) ) ;
#2342 = ADVANCED_FACE ( 'NONE', ( #574 ), #629, .F. ) ;
#2343 = FACE_OUTER_BOUND ( 'NONE', #751, .T. ) ;
#2344 = CARTESIAN_POINT ( 'NONE',  ( -12.16611759758908562, 10.84109563262647491, -25.00000000000000000 ) ) ;
#2345 = EDGE_LOOP ( 'NONE', ( #2014, #1004, #2637, #2247 ) ) ;
#2346 = CARTESIAN_POINT ( 'NONE',  ( 14.05275158410221970, 74.10310717931544389, -27.99999999999999645 ) ) ;
#2347 = CARTESIAN_POINT ( 'NONE',  ( 10.33904048315647195, 17.66111979577712887, -27.99999999999999645 ) ) ;
#2348 = VECTOR ( 'NONE', #68, 1000.000000000000000 ) ;
#2349 = CARTESIAN_POINT ( 'NONE',  ( 6.476160904313871924, 73.49549168097625795, -25.00000000000000355 ) ) ;
#2350 = CARTESIAN_POINT ( 'NONE',  ( 5.785443069991397458, 13.53203527261652894, -24.99999999999999645 ) ) ;
#2351 = FACE_OUTER_BOUND ( 'NONE', #178, .T. ) ;
#2352 = VECTOR ( 'NONE', #345, 1000.000000000000000 ) ;
#2353 = DIRECTION ( 'NONE',  ( -1.000000000000000000, 0.000000000000000000, 0.000000000000000000 ) ) ;
#2354 = LINE ( 'NONE', #353, #1608 ) ;
#2355 = VECTOR ( 'NONE', #531, 1000.000000000000000 ) ;
#2356 = CARTESIAN_POINT ( 'NONE',  ( 5.893150279841816719, 12.81038663235905339, -24.99999999999999645 ) ) ;
#2357 = CARTESIAN_POINT ( 'NONE',  ( -11.96797849397528424, 8.785373860752805797, -25.00000000000000355 ) ) ;
#2358 = DIRECTION ( 'NONE',  ( -1.000000000000000000, 0.000000000000000000, 0.000000000000000000 ) ) ;
#2359 = EDGE_CURVE ( 'NONE', #2010, #233, #1397, .T. ) ;
#2360 = CARTESIAN_POINT ( 'NONE',  ( -10.79185107387496423, 17.74999999999999645, -27.99999999999999645 ) ) ;
#2361 = CARTESIAN_POINT ( 'NONE',  ( 14.75007287691460434, 75.78623782090235750, -27.99999999999999289 ) ) ;
#2362 = CARTESIAN_POINT ( 'NONE',  ( 8.193828409219076292, 16.01788028728623914, -27.99999999999999645 ) ) ;
#2363 = DIRECTION ( 'NONE',  ( -0.000000000000000000, -0.000000000000000000, 1.000000000000000000 ) ) ;
#2364 = CARTESIAN_POINT ( 'NONE',  ( 9.487333571034378465, 79.30825236020608315, -27.99999999999999645 ) ) ;
#2365 = CARTESIAN_POINT ( 'NONE',  ( 7.839014863203149552, 77.16090373927065116, -28.00000000000000000 ) ) ;
#2366 = DIRECTION ( 'NONE',  ( 0.000000000000000000, 0.000000000000000000, 1.000000000000000000 ) ) ;
#2367 = CARTESIAN_POINT ( 'NONE',  ( 8.191747639794513702, 16.01266642896593595, -25.00000000000000000 ) ) ;
#2368 = CARTESIAN_POINT ( 'NONE',  ( -12.68961336764034797, 70.89315027984213202, -24.99999999999999645 ) ) ;
#2369 = EDGE_LOOP ( 'NONE', ( #610, #2916, #2420, #1424 ) ) ;
#2370 = CARTESIAN_POINT ( 'NONE',  ( 16.05582513746611895, 11.48009561162456471, -24.99999999999999645 ) ) ;
#2371 = CARTESIAN_POINT ( 'NONE',  ( 16.71466194122009696, 75.53220140303724861, -25.00000000000000355 ) ) ;
#2372 = FACE_OUTER_BOUND ( 'NONE', #2182, .T. ) ;
#2373 = CARTESIAN_POINT ( 'NONE',  ( -7.750000000000007105, 14.25000000000000000, -24.99999999999999645 ) ) ;
#2374 = CARTESIAN_POINT ( 'NONE',  ( -20.00000000000000711, 2.499999999999988454, -22.50000000000000000 ) ) ;
#2375 = FACE_BOUND ( 'NONE', #1137, .T. ) ;
#2376 = LINE ( 'NONE', #79, #2941 ) ;
#2377 = CARTESIAN_POINT ( 'NONE',  ( 14.63000696266661826, 71.85183236961459841, -24.99999999999999645 ) ) ;
#2378 = DIRECTION ( 'NONE',  ( -1.204669080539449344E-16, 0.000000000000000000, -1.000000000000000000 ) ) ;
#2379 = ADVANCED_FACE ( 'NONE', ( #1373 ), #2385, .F. ) ;
#2380 = CARTESIAN_POINT ( 'NONE',  ( 7.749999999999992895, 14.70814892612454550, -24.99999999999999645 ) ) ;
#2381 = CARTESIAN_POINT ( 'NONE',  ( -7.750000000000001776, 76.70814892612567348, -25.00000000000000000 ) ) ;
#2382 = CARTESIAN_POINT ( 'NONE',  ( 12.16611759758906786, 10.84109563262710374, -25.00000000000000000 ) ) ;
#2383 = CARTESIAN_POINT ( 'NONE',  ( -16.19375238158995245, 11.81298806732384499, -25.00000000000000000 ) ) ;
#2384 = CARTESIAN_POINT ( 'NONE',  ( 7.615222982171262700, 80.39334704499560758, -25.00000000000000000 ) ) ;
#2385 = CYLINDRICAL_SURFACE ( 'NONE', #1299, 2.999999999999999112 ) ;
#2386 = CARTESIAN_POINT ( 'NONE',  ( -8.191747639794327185, 16.01266642896570858, -25.00000000000000000 ) ) ;
#2387 = LINE ( 'NONE', #868, #2200 ) ;
#2388 = CARTESIAN_POINT ( 'NONE',  ( 11.24999999999999289, 14.25000000000000178, 25.00100000000000833 ) ) ;
#2389 = DIRECTION ( 'NONE',  ( -0.000000000000000000, -0.000000000000000000, -1.000000000000000000 ) ) ;
#2390 = ORIENTED_EDGE ( 'NONE', *, *, #24, .F. ) ;
#2391 = CARTESIAN_POINT ( 'NONE',  ( 10.79185107387544207, 72.74999999999998579, -25.00000000000000000 ) ) ;
#2392 = CARTESIAN_POINT ( 'NONE',  ( 7.749999999999365841, 75.79185107387542075, -25.00000000000000000 ) ) ;
#2393 = CARTESIAN_POINT ( 'NONE',  ( 8.447248415901512431, 78.39689282068611931, -27.99999999999999645 ) ) ;
#2394 = EDGE_LOOP ( 'NONE', ( #1041, #1700, #1905, #641, #2868, #1453 ) ) ;
#2395 = EDGE_CURVE ( 'NONE', #1960, #1032, #1126, .T. ) ;
#2396 = ADVANCED_FACE ( 'NONE', ( #1388 ), #1409, .T. ) ;
#2397 = CARTESIAN_POINT ( 'NONE',  ( 11.70814892612392200, 10.75000000000000178, -27.99999999999999645 ) ) ;
#2398 = CARTESIAN_POINT ( 'NONE',  ( -9.810386632358794046, 81.60684972015852168, -24.99999999999999645 ) ) ;
#2399 = CARTESIAN_POINT ( 'NONE',  ( 9.487333571034380242, 17.30825236020606894, -27.99999999999999645 ) ) ;
#2400 = DIRECTION ( 'NONE',  ( -0.000000000000000000, -0.000000000000000000, 1.000000000000000000 ) ) ;
#2401 = CARTESIAN_POINT ( 'NONE',  ( 5.926654491930400503, 77.67788248564276898, -25.00000000000000000 ) ) ;
#2402 = AXIS2_PLACEMENT_3D ( 'NONE', #928, #347, #1649 ) ;
#2403 = ORIENTED_EDGE ( 'NONE', *, *, #899, .F. ) ;
#2404 = VECTOR ( 'NONE', #2741, 1000.000000000000000 ) ;
#2405 = CARTESIAN_POINT ( 'NONE',  ( -8.191747639794630942, 12.48733357103318831, -25.00000000000000000 ) ) ;
#2406 = PLANE ( 'NONE',  #1934 ) ;
#2407 = VECTOR ( 'NONE', #2224, 1000.000000000000000 ) ;
#2408 = CARTESIAN_POINT ( 'NONE',  ( -22.50000000000000711, 12.49999999999999645, -17.49999999999999289 ) ) ;
#2409 = DIRECTION ( 'NONE',  ( 0.000000000000000000, -1.000000000000000000, 0.000000000000000000 ) ) ;
#2410 = CARTESIAN_POINT ( 'NONE',  ( 10.53005168751918319, 70.75000000000000000, -24.99999999999999645 ) ) ;
#2411 = CARTESIAN_POINT ( 'NONE',  ( 9.099086478302856662, 79.04883394660868134, -25.00000000000000000 ) ) ;
#2412 = DIRECTION ( 'NONE',  ( 1.541976423090495387E-16, -0.000000000000000000, 1.000000000000000000 ) ) ;
#2413 = ORIENTED_EDGE ( 'NONE', *, *, #58, .T. ) ;
#2414 = ORIENTED_EDGE ( 'NONE', *, *, #997, .F. ) ;
#2415 = CARTESIAN_POINT ( 'NONE',  ( 14.65890436737293179, 15.16611759759000932, -27.99999999999999645 ) ) ;
#2416 = CARTESIAN_POINT ( 'NONE',  ( -12.16611759758866818, 79.65890436736772529, -25.00000000000000000 ) ) ;
#2417 = CARTESIAN_POINT ( 'NONE',  ( -6.878297011221456536, 10.89365246599809112, -24.99999999999999289 ) ) ;
#2418 = CARTESIAN_POINT ( 'NONE',  ( 16.19375238157268981, 78.68701193270392480, -24.99999999999999645 ) ) ;
#2419 = LINE ( 'NONE', #1660, #1828 ) ;
#2420 = ORIENTED_EDGE ( 'NONE', *, *, #2008, .T. ) ;
#2421 = CARTESIAN_POINT ( 'NONE',  ( -7.750000000000007105, 14.24999999999999822, -27.99999999999999645 ) ) ;
#2422 = FACE_OUTER_BOUND ( 'NONE', #2394, .T. ) ;
#2423 = CARTESIAN_POINT ( 'NONE',  ( -14.66098513679912863, 15.16090373926689594, -27.99999999999999645 ) ) ;
#2424 = DIRECTION ( 'NONE',  ( 0.000000000000000000, 0.000000000000000000, -1.000000000000000000 ) ) ;
#2425 = CARTESIAN_POINT ( 'NONE',  ( 9.099086478302856662, 79.04883394660868134, -25.00000000000000000 ) ) ;
#2426 = CARTESIAN_POINT ( 'NONE',  ( 7.841095632626465139, 75.33388240240655875, -25.00000000000000000 ) ) ;
#2427 = CARTESIAN_POINT ( 'NONE',  ( 13.01788028729247770, 79.30617159077394263, -27.99999999999999645 ) ) ;
#2428 = ORIENTED_EDGE ( 'NONE', *, *, #2395, .T. ) ;
#2429 = CARTESIAN_POINT ( 'NONE',  ( -13.68698458592489331, 71.30631363933729006, -25.00000000000000000 ) ) ;
#2430 = CARTESIAN_POINT ( 'NONE',  ( -7.841095632626046807, 77.16611759759240385, -25.00000000000000000 ) ) ;
#2431 = CARTESIAN_POINT ( 'NONE',  ( -10.78623782090233263, 10.75007287691460967, -27.99999999999999645 ) ) ;
#2432 = CARTESIAN_POINT ( 'NONE',  ( -14.63000696266693446, 9.851832369614905716, -24.99999999999999645 ) ) ;
#2433 = ORIENTED_EDGE ( 'NONE', *, *, #2324, .T. ) ;
#2434 = ORIENTED_EDGE ( 'NONE', *, *, #2932, .T. ) ;
#2435 = DIRECTION ( 'NONE',  ( 0.000000000000000000, 1.000000000000000000, 0.000000000000000000 ) ) ;
#2436 = ORIENTED_EDGE ( 'NONE', *, *, #514, .F. ) ;
#2437 = UNCERTAINTY_MEASURE_WITH_UNIT (LENGTH_MEASURE( 1.000000000000000082E-05 ), #877, 'distance_accuracy_value', 'NONE');
#2438 = EDGE_CURVE ( 'NONE', #1661, #228, #109, .T. ) ;
#2439 = PLANE ( 'NONE',  #1783 ) ;
#2440 = CARTESIAN_POINT ( 'NONE',  ( 8.249999999999989342, 14.25000000000000178, -24.49999999999999289 ) ) ;
#2441 = CARTESIAN_POINT ( 'NONE',  ( 9.749999999999991118, 76.25000000000000000, -24.49999999999999289 ) ) ;
#2442 = CARTESIAN_POINT ( 'NONE',  ( 7.841095632626468692, 77.16611759758846745, -24.99999999999999645 ) ) ;
#2443 = CARTESIAN_POINT ( 'NONE',  ( -16.75000000000000711, 14.24999999999998579, -24.99999999999999645 ) ) ;
#2444 = EDGE_LOOP ( 'NONE', ( #2754, #3229, #477, #1418 ) ) ;
#2445 = DIRECTION ( 'NONE',  ( 1.000000000000000000, 0.000000000000000000, 0.000000000000000000 ) ) ;
#2446 = CARTESIAN_POINT ( 'NONE',  ( -13.02253317009113331, 71.03101150303857025, -25.00000000000000355 ) ) ;
#2447 = CARTESIAN_POINT ( 'NONE',  ( -11.70814892612393265, 72.75000000000000000, -27.99999999999999645 ) ) ;
#2448 = CIRCLE ( 'NONE', #1021, 3.000000000000002665 ) ;
#2449 = DIRECTION ( 'NONE',  ( -1.000000000000000000, 0.000000000000000000, 0.000000000000000000 ) ) ;
#2450 = LINE ( 'NONE', #3245, #2505 ) ;
#2451 = CARTESIAN_POINT ( 'NONE',  ( 22.50100000000000122, 12.49999999999999645, -17.49999999999999645 ) ) ;
#2452 = ORIENTED_EDGE ( 'NONE', *, *, #1916, .F. ) ;
#2453 = CIRCLE ( 'NONE', #46, 3.000000000000000000 ) ;
#2454 = DIRECTION ( 'NONE',  ( 1.387778780781445676E-16, 0.000000000000000000, 1.000000000000000000 ) ) ;
#2455 = VERTEX_POINT ( 'NONE', #2614 ) ;
#2456 = AXIS2_PLACEMENT_3D ( 'NONE', #2323, #3055, #1335 ) ;
#2457 = CARTESIAN_POINT ( 'NONE',  ( 11.24999999999999289, 14.25000000000000178, -22.49999999999999289 ) ) ;
#2458 = AXIS2_PLACEMENT_3D ( 'NONE', #2837, #3307, #1543 ) ;
#2459 = EDGE_CURVE ( 'NONE', #2820, #8, #705, .T. ) ;
#2460 = EDGE_CURVE ( 'NONE', #2143, #351, #2978, .T. ) ;
#2461 = CARTESIAN_POINT ( 'NONE',  ( -14.63000696266693801, 71.85183236961491104, -24.99999999999999645 ) ) ;
#2462 = AXIS2_PLACEMENT_3D ( 'NONE', #2762, #2004, #3264 ) ;
#2463 = DIRECTION ( 'NONE',  ( -0.000000000000000000, -0.000000000000000000, -1.000000000000000000 ) ) ;
#2464 = CARTESIAN_POINT ( 'NONE',  ( 14.74999999999999467, 76.70814892612565927, -27.99999999999999645 ) ) ;
#2465 = CARTESIAN_POINT ( 'NONE',  ( -7.749927123085392111, 75.78623782090234329, -27.99999999999999289 ) ) ;
#2466 = EDGE_LOOP ( 'NONE', ( #716, #2903 ) ) ;
#2467 = CARTESIAN_POINT ( 'NONE',  ( -14.75000000000001066, 76.24999999999998579, -27.99999999999999645 ) ) ;
#2468 = ORIENTED_EDGE ( 'NONE', *, *, #1720, .T. ) ;
#2469 = B_SPLINE_CURVE_WITH_KNOTS ( 'NONE', 3,
 ( #940, #1755, #2973, #2681, #160, #393, #1159, #972, #3260, #1443, #918, #717, #2429, #2446, #2175, #1466, #2757, #448, #1945, #1234, #140, #3241, #2470, #1422, #680, #429, #2957, #1174, #1505, #2697, #182, #2214, #1214, #466 ),
 .UNSPECIFIED., .F., .F.,
 ( 4, 2, 2, 2, 2, 2, 2, 2, 2, 2, 2, 2, 2, 2, 2, 2, 4 ),
 ( 0.5000000000000000000, 0.5312500000000002220, 0.5625000000000003331, 0.5937500000000004441, 0.6250000000000005551, 0.6562500000000005551, 0.6875000000000005551, 0.7187500000000004441, 0.7500000000000004441, 0.7812500000000004441, 0.8125000000000004441, 0.8437500000000003331, 0.8750000000000002220, 0.9062500000000002220, 0.9375000000000002220, 0.9687500000000001110, 1.000000000000000000 ),
 .UNSPECIFIED. ) ;
#2470 = CARTESIAN_POINT ( 'NONE',  ( -8.495491680993826122, 71.47616090429994529, -24.99999999999999645 ) ) ;
#2471 = CARTESIAN_POINT ( 'NONE',  ( -9.099086478303060943, 73.45116605339109128, -25.00000000000000000 ) ) ;
#2472 = DIRECTION ( 'NONE',  ( 1.000000000000000000, 0.000000000000000000, -0.000000000000000000 ) ) ;
#2473 = CARTESIAN_POINT ( 'NONE',  ( -14.01990438837540687, 19.05582513746687212, -24.99999999999999645 ) ) ;
#2474 = CARTESIAN_POINT ( 'NONE',  ( 14.60634753402015384, 18.62170298876571550, -25.00000000000000000 ) ) ;
#2475 = ORIENTED_EDGE ( 'NONE', *, *, #1592, .T. ) ;
#2476 = VECTOR ( 'NONE', #225, 1000.000000000000000 ) ;
#2477 = CARTESIAN_POINT ( 'NONE',  ( -7.750000000000007105, 14.24999999999999822, -24.99999999999999289 ) ) ;
#2478 = ORIENTED_EDGE ( 'NONE', *, *, #2269, .T. ) ;
#2479 = FACE_OUTER_BOUND ( 'NONE', #1517, .T. ) ;
#2480 = CARTESIAN_POINT ( 'NONE',  ( -14.65890436737291225, 75.33388240241154676, -25.00000000000000000 ) ) ;
#2481 = CARTESIAN_POINT ( 'NONE',  ( 13.01266642896670866, 73.19174763979438580, -27.99999999999999645 ) ) ;
#2482 = CARTESIAN_POINT ( 'NONE',  ( 9.487333571034378465, 79.30825236020608315, -27.99999999999999645 ) ) ;
#2483 = CARTESIAN_POINT ( 'NONE',  ( -14.88477701781767060, 18.39334704500725337, -25.00000000000000000 ) ) ;
#2484 = ORIENTED_EDGE ( 'NONE', *, *, #1577, .T. ) ;
#2485 = CARTESIAN_POINT ( 'NONE',  ( 14.74999999999999467, 14.70814892612442470, -27.99999999999999645 ) ) ;
#2486 = LINE ( 'NONE', #200, #869 ) ;
#2487 = FACE_OUTER_BOUND ( 'NONE', #944, .T. ) ;
#2488 = AXIS2_PLACEMENT_3D ( 'NONE', #1918, #848, #3173 ) ;
#2489 = CARTESIAN_POINT ( 'NONE',  ( -14.65890436737353042, 13.33388240241030509, -25.00000000000000000 ) ) ;
#2490 = CARTESIAN_POINT ( 'NONE',  ( 7.615222982185565925, 18.39334704501569107, -25.00000000000000000 ) ) ;
#2491 = CARTESIAN_POINT ( 'NONE',  ( -1.000000000000000888, 5.499999999999988454, 22.50000000000000000 ) ) ;
#2492 = VERTEX_POINT ( 'NONE', #2491 ) ;
#2493 = ORIENTED_EDGE ( 'NONE', *, *, #2628, .T. ) ;
#2494 = CARTESIAN_POINT ( 'NONE',  ( -14.30825236020611513, 78.01266642896717940, -25.00000000000000000 ) ) ;
#2495 = LINE ( 'NONE', #1975, #1400 ) ;
#2496 = ORIENTED_EDGE ( 'NONE', *, *, #1309, .F. ) ;
#2497 = CARTESIAN_POINT ( 'NONE',  ( 13.01266642896670866, 73.19174763979438580, -27.99999999999999645 ) ) ;
#2498 = DIRECTION ( 'NONE',  ( 1.387778780781445676E-16, -0.000000000000000000, 1.000000000000000000 ) ) ;
#2499 = ORIENTED_EDGE ( 'NONE', *, *, #1039, .F. ) ;
#2500 = CARTESIAN_POINT ( 'NONE',  ( 11.70814892612392200, 10.75000000000000178, -27.99999999999999645 ) ) ;
#2501 = CARTESIAN_POINT ( 'NONE',  ( 14.63000696266631984, 80.64816763038632530, -24.99999999999999645 ) ) ;
#2502 = CARTESIAN_POINT ( 'NONE',  ( -11.70814892612505886, 79.75000000000000000, -27.99999999999999645 ) ) ;
#2503 = ADVANCED_FACE ( 'NONE', ( #1742, #924 ), #1490, .F. ) ;
#2504 = CARTESIAN_POINT ( 'NONE',  ( -14.04883394660869911, 12.09908647830286021, -25.00000000000000000 ) ) ;
#2505 = VECTOR ( 'NONE', #2218, 1000.000000000000000 ) ;
#2506 = CARTESIAN_POINT ( 'NONE',  ( 11.24999999999999289, 14.25000000000000178, -27.99999999999999645 ) ) ;
#2507 = ORIENTED_EDGE ( 'NONE', *, *, #2008, .F. ) ;
#2508 = VECTOR ( 'NONE', #2129, 1000.000000000000000 ) ;
#2509 = CARTESIAN_POINT ( 'NONE',  ( -13.40091352169714334, 79.04883394660868134, -25.00000000000000000 ) ) ;
#2510 = CARTESIAN_POINT ( 'NONE',  ( 14.04883394660888918, 74.09908647830306450, -27.99999999999999645 ) ) ;
#2511 = ORIENTED_EDGE ( 'NONE', *, *, #611, .F. ) ;
#2512 = CARTESIAN_POINT ( 'NONE',  ( 14.74999999999999467, 76.25000000000000000, -27.99999999999999645 ) ) ;
#2513 = CARTESIAN_POINT ( 'NONE',  ( -7.615172451945626975, 18.39339757522185437, -24.99999999999999289 ) ) ;
#2514 = ORIENTED_EDGE ( 'NONE', *, *, #3125, .F. ) ;
#2515 = CIRCLE ( 'NONE', #2458, 2.999999999999999112 ) ;
#2516 = CARTESIAN_POINT ( 'NONE',  ( 7.749999999999993783, 13.79185107387544384, -27.99999999999999645 ) ) ;
#2517 = EDGE_CURVE ( 'NONE', #3257, #1158, #1562, .T. ) ;
#2518 = LINE ( 'NONE', #2280, #1050 ) ;
#2519 = CARTESIAN_POINT ( 'NONE',  ( -7.750000000000007105, 14.70814892612504643, -24.99999999999999645 ) ) ;
#2520 = DIRECTION ( 'NONE',  ( 1.000000000000000000, 0.000000000000000000, 0.000000000000000000 ) ) ;
#2521 = CARTESIAN_POINT ( 'NONE',  ( -7.750000000000007105, 14.24999999999999822, -27.99999999999999645 ) ) ;
#2522 = ORIENTED_EDGE ( 'NONE', *, *, #731, .F. ) ;
#2523 = AXIS2_PLACEMENT_3D ( 'NONE', #1301, #30, #2054 ) ;
#2524 = ORIENTED_EDGE ( 'NONE', *, *, #1251, .F. ) ;
#2525 = CARTESIAN_POINT ( 'NONE',  ( -12.16611759758866818, 79.65890436736772529, -25.00000000000000000 ) ) ;
#2526 = CARTESIAN_POINT ( 'NONE',  ( -16.75000000000000711, 13.53005168751917253, -24.99999999999999645 ) ) ;
#2527 = EDGE_CURVE ( 'NONE', #2648, #228, #806, .T. ) ;
#2528 = CARTESIAN_POINT ( 'NONE',  ( 20.00000000000000711, 5.499999999999988454, 22.50000000000000711 ) ) ;
#2529 = CARTESIAN_POINT ( 'NONE',  ( 7.749999999999990230, 76.24999999999998579, -27.99999999999999645 ) ) ;
#2530 = EDGE_LOOP ( 'NONE', ( #2942, #145, #1203, #2083, #237, #2768, #3042, #1016 ) ) ;
#2531 = PRODUCT_DEFINITION_SHAPE ( 'NONE', 'NONE',  #1635 ) ;
#2532 = CARTESIAN_POINT ( 'NONE',  ( -13.68701193264520732, 81.19375238160634467, -24.99999999999999645 ) ) ;
#2533 = CARTESIAN_POINT ( 'NONE',  ( 6.476160904319239187, 11.49549168096855567, -25.00000000000000000 ) ) ;
#2534 = ORIENTED_EDGE ( 'NONE', *, *, #3244, .T. ) ;
#2535 = DIRECTION ( 'NONE',  ( 1.000000000000000000, -0.000000000000000000, -0.000000000000000000 ) ) ;
#2536 = EDGE_CURVE ( 'NONE', #2152, #2756, #1344, .T. ) ;
#2537 = CARTESIAN_POINT ( 'NONE',  ( -11.70814892612443536, 17.74999999999999289, -25.00000000000000000 ) ) ;
#2538 = CARTESIAN_POINT ( 'NONE',  ( 14.63000696266661649, 9.851832369614603735, -24.99999999999999645 ) ) ;
#2539 = EDGE_CURVE ( 'NONE', #2923, #601, #2668, .T. ) ;
#2540 = CYLINDRICAL_SURFACE ( 'NONE', #2727, 2.999999999999999112 ) ;
#2541 = EDGE_CURVE ( 'NONE', #282, #1659, #236, .T. ) ;
#2542 = CARTESIAN_POINT ( 'NONE',  ( -5.750000000000007105, 13.53005168751867515, -24.99999999999999645 ) ) ;
#2543 = CARTESIAN_POINT ( 'NONE',  ( 10.79185107387606735, 72.75000000000000000, -27.99999999999999645 ) ) ;
#2544 = DIRECTION ( 'NONE',  ( 0.000000000000000000, 0.000000000000000000, 1.000000000000000000 ) ) ;
#2545 = CARTESIAN_POINT ( 'NONE',  ( -14.66119278792984026, 13.33921662350602588, -27.99999999999999645 ) ) ;
#2546 = CARTESIAN_POINT ( 'NONE',  ( 14.74999999999999289, 14.25000000000000178, -27.99999999999999645 ) ) ;
#2547 = DIRECTION ( 'NONE',  ( 0.000000000000000000, -0.000000000000000000, -1.000000000000000000 ) ) ;
#2548 = CARTESIAN_POINT ( 'NONE',  ( -9.487333571034286095, 17.30825236020630342, -25.00000000000000000 ) ) ;
#2549 = CARTESIAN_POINT ( 'NONE',  ( 1.000000000000000888, 87.50000000000000000, -22.49999999999999289 ) ) ;
#2550 = ORIENTED_EDGE ( 'NONE', *, *, #554, .F. ) ;
#2551 = AXIS2_PLACEMENT_3D ( 'NONE', #2853, #2626, #2125 ) ;
#2552 = CARTESIAN_POINT ( 'NONE',  ( -10.79185107387607623, 72.75000000000000000, -27.99999999999999645 ) ) ;
#2553 = ADVANCED_FACE ( 'NONE', ( #685 ), #3228, .F. ) ;
#2554 = CARTESIAN_POINT ( 'NONE',  ( 1.000000000000006217, 2.499999999999988454, 22.50000000000000711 ) ) ;
#2555 = ORIENTED_EDGE ( 'NONE', *, *, #864, .T. ) ;
#2556 = CARTESIAN_POINT ( 'NONE',  ( -16.75000000000001066, 76.24999999999998579, -24.99999999999999645 ) ) ;
#2557 = DIRECTION ( 'NONE',  ( 1.000000000000000000, 0.000000000000000000, 0.000000000000000000 ) ) ;
#2558 = CARTESIAN_POINT ( 'NONE',  ( 22.50000000000000000, 12.49999999999999645, 17.50000000000000000 ) ) ;
#2559 = CARTESIAN_POINT ( 'NONE',  ( 14.30617159078142286, 12.48211971271428311, -27.99999999999999645 ) ) ;
#2560 = CARTESIAN_POINT ( 'NONE',  ( 20.00000000000000000, 2.499999999999988454, -22.50000000000000000 ) ) ;
#2561 = AXIS2_PLACEMENT_3D ( 'NONE', #1627, #2126, #358 ) ;
#2562 = AXIS2_PLACEMENT_3D ( 'NONE', #1256, #191, #1221 ) ;
#2563 = DIRECTION ( 'NONE',  ( -1.000000000000000000, 0.000000000000000000, 1.204669080539449344E-16 ) ) ;
#2564 = APPROVAL ( #1712, 'UNSPECIFIED' ) ;
#2565 = CARTESIAN_POINT ( 'NONE',  ( 14.30825236020629632, 16.01266642896571213, -25.00000000000000000 ) ) ;
#2566 =( BOUNDED_CURVE ( )  B_SPLINE_CURVE ( 2, ( #1254, #3278, #2018 ),
 .UNSPECIFIED., .F., .T. ) 
 B_SPLINE_CURVE_WITH_KNOTS ( ( 3, 3 ),
 ( 0.000000000000000000, 1.000000000000000000 ),
 .UNSPECIFIED. ) 
 CURVE ( )  GEOMETRIC_REPRESENTATION_ITEM ( )  RATIONAL_B_SPLINE_CURVE ( ( 1.000000000000000000, 0.7071067811865475727, 1.000000000000000000 ) ) 
 REPRESENTATION_ITEM ( '' )  );
#2567 = DIRECTION ( 'NONE',  ( 0.000000000000000000, 0.000000000000000000, -1.000000000000000000 ) ) ;
#2568 = CARTESIAN_POINT ( 'NONE',  ( -15.64816763038508896, 17.63000696266693978, -24.99999999999999645 ) ) ;
#2569 = AXIS2_PLACEMENT_3D ( 'NONE', #1795, #2088, #2782 ) ;
#2570 = CARTESIAN_POINT ( 'NONE',  ( 14.63000696266631984, 80.64816763038632530, -24.99999999999999645 ) ) ;
#2571 = CARTESIAN_POINT ( 'NONE',  ( 11.24999999999999289, 76.25000000000000000, 25.00100000000000833 ) ) ;
#2572 = LINE ( 'NONE', #564, #2312 ) ;
#2573 = EDGE_LOOP ( 'NONE', ( #1501, #1768, #336, #139 ) ) ;
#2574 = CIRCLE ( 'NONE', #1833, 3.000000000000000888 ) ;
#2575 = CARTESIAN_POINT ( 'NONE',  ( 11.60961331494097237, 8.749964269736119959, -25.00000000000000355 ) ) ;
#2576 = DIRECTION ( 'NONE',  ( 0.000000000000000000, 0.000000000000000000, 1.000000000000000000 ) ) ;
#2577 = FACE_OUTER_BOUND ( 'NONE', #59, .T. ) ;
#2578 = DIRECTION ( 'NONE',  ( 0.000000000000000000, 1.000000000000000000, 0.000000000000000000 ) ) ;
#2579 = EDGE_LOOP ( 'NONE', ( #3272, #668 ) ) ;
#2580 = CARTESIAN_POINT ( 'NONE',  ( 9.099086478302856662, 11.45116605339130622, -25.00000000000000000 ) ) ;
#2581 = CARTESIAN_POINT ( 'NONE',  ( 11.96796472733910477, 70.78544306997567048, -25.00000000000000355 ) ) ;
#2582 = DIRECTION ( 'NONE',  ( -1.000000000000000000, 0.000000000000000000, 0.000000000000000000 ) ) ;
#2583 = CARTESIAN_POINT ( 'NONE',  ( -9.810386632359419323, 19.60684972015728178, -24.99999999999999645 ) ) ;
#2584 = ORIENTED_EDGE ( 'NONE', *, *, #1724, .F. ) ;
#2585 = CARTESIAN_POINT ( 'NONE',  ( 6.851832369614903051, 72.86999303733306022, -24.99999999999999645 ) ) ;
#2586 = CARTESIAN_POINT ( 'NONE',  ( 14.74992712308538501, 14.71376217909694795, -28.00000000000000355 ) ) ;
#2587 = CARTESIAN_POINT ( 'NONE',  ( 14.74999999999999645, 76.25000000000000000, -27.99999999999999645 ) ) ;
#2588 = VERTEX_POINT ( 'NONE', #437 ) ;
#2589 = CARTESIAN_POINT ( 'NONE',  ( 8.495452477078597298, 9.476102231556714273, -25.00000000000000355 ) ) ;
#2590 = LINE ( 'NONE', #2849, #1785 ) ;
#2591 = CARTESIAN_POINT ( 'NONE',  ( -8.451166053391112598, 12.09908647830306094, -27.99999999999999645 ) ) ;
#2592 = EDGE_CURVE ( 'NONE', #1533, #1661, #977, .T. ) ;
#2593 = DIRECTION ( 'NONE',  ( 1.000000000000000000, -0.000000000000000000, 0.000000000000000000 ) ) ;
#2594 = ORIENTED_EDGE ( 'NONE', *, *, #403, .F. ) ;
#2595 = ADVANCED_FACE ( 'NONE', ( #2724, #1202 ), #1269, .T. ) ;
#2596 = CARTESIAN_POINT ( 'NONE',  ( 9.810386632359421100, 19.60684972015728533, -24.99999999999999645 ) ) ;
#2597 = CARTESIAN_POINT ( 'NONE',  ( -13.68698458590283806, 9.306313639328147147, -25.00000000000000000 ) ) ;
#2598 = CARTESIAN_POINT ( 'NONE',  ( -13.40091352169714334, 79.04883394660869556, -27.99999999999999645 ) ) ;
#2599 = CARTESIAN_POINT ( 'NONE',  ( -14.65890436737290514, 15.16611759758970202, -25.00000000000000000 ) ) ;
#2600 = CARTESIAN_POINT ( 'NONE',  ( 8.480095611624953733, 71.44417486253371408, -24.99999999999999645 ) ) ;
#2601 = CARTESIAN_POINT ( 'NONE',  ( 7.839014863201902550, 15.16090373926939527, -27.99999999999999645 ) ) ;
#2602 = CIRCLE ( 'NONE', #1776, 3.000000000000000000 ) ;
#2603 = CARTESIAN_POINT ( 'NONE',  ( -20.00000000000000000, 87.50000000000000000, 22.50000000000000000 ) ) ;
#2604 = CARTESIAN_POINT ( 'NONE',  ( 14.04883394660917162, 78.40091352169665129, -27.99999999999999645 ) ) ;
#2605 = CARTESIAN_POINT ( 'NONE',  ( -19.50000000000000000, 3.000000000000002665, 22.00000000000000711 ) ) ;
#2606 = VECTOR ( 'NONE', #1312, 1000.000000000000000 ) ;
#2607 = AXIS2_PLACEMENT_3D ( 'NONE', #767, #1551, #2547 ) ;
#2608 = CYLINDRICAL_SURFACE ( 'NONE', #1294, 3.000000000000000000 ) ;
#2609 = CARTESIAN_POINT ( 'NONE',  ( 12.16611759758956524, 17.65890436737312541, -27.99999999999999645 ) ) ;
#2610 = DIRECTION ( 'NONE',  ( -0.000000000000000000, -0.000000000000000000, 1.000000000000000000 ) ) ;
#2611 = AXIS2_PLACEMENT_3D ( 'NONE', #3122, #320, #1348 ) ;
#2612 = CARTESIAN_POINT ( 'NONE',  ( 12.68961336764058068, 19.60684972015853234, -24.99999999999999645 ) ) ;
#2613 = CARTESIAN_POINT ( 'NONE',  ( 10.53202150604869480, 70.78537386075279869, -25.00000000000000000 ) ) ;
#2614 = CARTESIAN_POINT ( 'NONE',  ( 8.249999999999989342, 76.25000000000000000, -24.49999999999999289 ) ) ;
#2615 = CARTESIAN_POINT ( 'NONE',  ( -7.750000000000007105, 13.79185107387495179, -24.99999999999999645 ) ) ;
#2616 = CARTESIAN_POINT ( 'NONE',  ( 5.893150279842132910, 77.68961336763970849, -24.99999999999999645 ) ) ;
#2617 = DIRECTION ( 'NONE',  ( -0.000000000000000000, -0.000000000000000000, -1.000000000000000000 ) ) ;
#2618 = CYLINDRICAL_SURFACE ( 'NONE', #270, 3.000000000000002665 ) ;
#2619 = ADVANCED_FACE ( 'NONE', ( #1509 ), #3279, .F. ) ;
#2620 = CARTESIAN_POINT ( 'NONE',  ( 9.487333571034282542, 79.30825236020629632, -25.00000000000000000 ) ) ;
#2621 = CARTESIAN_POINT ( 'NONE',  ( -14.25000000000000888, 14.24999999999999822, -24.49999999999999289 ) ) ;
#2622 = CARTESIAN_POINT ( 'NONE',  ( 11.24999999999999289, 76.25000000000000000, 25.00100000000000833 ) ) ;
#2623 = CARTESIAN_POINT ( 'NONE',  ( 12.16611759758846567, 10.84109563262642695, -27.99999999999999645 ) ) ;
#2624 = CARTESIAN_POINT ( 'NONE',  ( -6.851832369614595741, 79.63000696267066303, -24.99999999999999645 ) ) ;
#2625 = CARTESIAN_POINT ( 'NONE',  ( 8.451166053391299116, 12.09908647830286377, -25.00000000000000000 ) ) ;
#2626 = DIRECTION ( 'NONE',  ( -1.826024711554534160E-16, -0.000000000000000000, 1.000000000000000000 ) ) ;
#2627 = CARTESIAN_POINT ( 'NONE',  ( 15.39334704500455508, 79.88477701782093732, -25.00000000000000000 ) ) ;
#2628 = EDGE_CURVE ( 'NONE', #687, #1567, #773, .T. ) ;
#2629 = CARTESIAN_POINT ( 'NONE',  ( 11.24999999999999289, 14.25000000000000178, -27.99999999999999645 ) ) ;
#2630 = CARTESIAN_POINT ( 'NONE',  ( -14.30825236020587887, 12.48733357103391306, -27.99999999999999645 ) ) ;
#2631 = ADVANCED_FACE ( 'NONE', ( #942 ), #1947, .F. ) ;
#2632 = FACE_OUTER_BOUND ( 'NONE', #3259, .T. ) ;
#2633 = DIRECTION ( 'NONE',  ( 0.000000000000000000, 0.000000000000000000, -1.000000000000000000 ) ) ;
#2634 = CIRCLE ( 'NONE', #1222, 3.000000000000000888 ) ;
#2635 = ADVANCED_FACE ( 'NONE', ( #1930, #143 ), #764, .T. ) ;
#2636 = DIRECTION ( 'NONE',  ( 0.000000000000000000, 0.000000000000000000, 1.000000000000000000 ) ) ;
#2637 = ORIENTED_EDGE ( 'NONE', *, *, #369, .T. ) ;
#2638 = CARTESIAN_POINT ( 'NONE',  ( 14.74999999999999289, 76.70814892612567348, -25.00000000000000000 ) ) ;
#2639 = FACE_OUTER_BOUND ( 'NONE', #1694, .T. ) ;
#2640 = ORIENTED_EDGE ( 'NONE', *, *, #1689, .T. ) ;
#2641 = DATE_AND_TIME ( #1654, #906 ) ;
#2642 = CARTESIAN_POINT ( 'NONE',  ( 9.099086478302860215, 17.04883394660870266, -27.99999999999999645 ) ) ;
#2643 = CARTESIAN_POINT ( 'NONE',  ( -14.65890436737290692, 77.16611759758846745, -25.00000000000000000 ) ) ;
#2644 = CARTESIAN_POINT ( 'NONE',  ( 11.70814892612454550, 10.75000000000000355, -25.00000000000000000 ) ) ;
#2645 = CARTESIAN_POINT ( 'NONE',  ( 9.822117514357962875, 70.92665449192581661, -25.00000000000000000 ) ) ;
#2646 = CARTESIAN_POINT ( 'NONE',  ( 16.57341471730844518, 77.67789625222955863, -24.99999999999999289 ) ) ;
#2647 = DIRECTION ( 'NONE',  ( 1.000000000000000000, 0.000000000000000000, 0.000000000000000000 ) ) ;
#2648 = VERTEX_POINT ( 'NONE', #1966 ) ;
#2649 = CARTESIAN_POINT ( 'NONE',  ( -7.750000000000007105, 14.70814892612504643, -24.99999999999999645 ) ) ;
#2650 = DIRECTION ( 'NONE',  ( 1.000000000000000000, -0.000000000000000000, -1.387778780781445676E-16 ) ) ;
#2651 = LINE ( 'NONE', #1392, #3043 ) ;
#2652 = DIRECTION ( 'NONE',  ( 1.000000000000000000, 0.000000000000000000, 0.000000000000000000 ) ) ;
#2653 = CARTESIAN_POINT ( 'NONE',  ( 10.79185107387494114, 79.75000000000000000, -27.99999999999999645 ) ) ;
#2654 = CARTESIAN_POINT ( 'NONE',  ( 9.487333571034282542, 79.30825236020629632, -25.00000000000000000 ) ) ;
#2655 = CARTESIAN_POINT ( 'NONE',  ( 9.103004115792636242, 79.05285464761969649, -27.99999999999999645 ) ) ;
#2656 = VERTEX_POINT ( 'NONE', #1547 ) ;
#2657 = ORIENTED_EDGE ( 'NONE', *, *, #1100, .F. ) ;
#2658 = EDGE_LOOP ( 'NONE', ( #181, #517, #2550 ) ) ;
#2659 = CARTESIAN_POINT ( 'NONE',  ( 8.451166053391299116, 12.09908647830286021, -27.99999999999999645 ) ) ;
#2660 = CARTESIAN_POINT ( 'NONE',  ( -16.75000000000001066, 76.96994831248142077, -24.99999999999999645 ) ) ;
#2661 = CARTESIAN_POINT ( 'NONE',  ( -15.64816763038509251, 10.86999303733306554, -24.99999999999999645 ) ) ;
#2662 = B_SPLINE_CURVE_WITH_KNOTS ( 'NONE', 3,
 ( #268, #2361, #819, #1094, #2346, #833, #45, #2128, #1081, #790, #546, #1818, #1556, #1360, #331, #2841, #2333, #1109 ),
 .UNSPECIFIED., .F., .F.,
 ( 4, 2, 2, 2, 2, 2, 2, 2, 4 ),
 ( 0.5000000000000000000, 0.5625000000000000000, 0.6250000000000000000, 0.6875000000000000000, 0.7500000000000000000, 0.8125000000000000000, 0.8750000000000000000, 0.9375000000000000000, 1.000000000000000000 ),
 .UNSPECIFIED. ) ;
#2663 = FACE_OUTER_BOUND ( 'NONE', #2667, .T. ) ;
#2664 = AXIS2_PLACEMENT_3D ( 'NONE', #333, #2636, #2652 ) ;
#2665 = ORIENTED_EDGE ( 'NONE', *, *, #2814, .T. ) ;
#2666 = CARTESIAN_POINT ( 'NONE',  ( 11.24999999999999289, 14.25000000000000178, -24.49999999999999289 ) ) ;
#2667 = EDGE_LOOP ( 'NONE', ( #2475, #3239, #2268, #148 ) ) ;
#2668 = CIRCLE ( 'NONE', #1028, 2.999999999999999112 ) ;
#2669 = CARTESIAN_POINT ( 'NONE',  ( -10.33388240241155565, 10.84109563262647491, -25.00000000000000000 ) ) ;
#2670 = VERTEX_POINT ( 'NONE', #185 ) ;
#2671 = CARTESIAN_POINT ( 'NONE',  ( -11.25000000000000711, 76.25000000000000000, -24.49999999999999289 ) ) ;
#2672 = CARTESIAN_POINT ( 'NONE',  ( -14.05275158409297909, 16.39689282069308618, -27.99999999999999645 ) ) ;
#2673 = DIRECTION ( 'NONE',  ( -1.387778780781445676E-16, -1.156482317317871478E-16, -1.000000000000000000 ) ) ;
#2674 = CARTESIAN_POINT ( 'NONE',  ( 11.70814892612565750, 79.75000000000000000, -25.00000000000000000 ) ) ;
#2675 = CARTESIAN_POINT ( 'NONE',  ( 14.74999999999999289, 76.25000000000000000, -25.00000000000000000 ) ) ;
#2676 = DIRECTION ( 'NONE',  ( 0.000000000000000000, 0.000000000000000000, -1.000000000000000000 ) ) ;
#2677 = ORIENTED_EDGE ( 'NONE', *, *, #1273, .F. ) ;
#2678 = APPROVAL_ROLE ( '' ) ;
#2679 = VECTOR ( 'NONE', #672, 1000.000000000000000 ) ;
#2680 = EDGE_CURVE ( 'NONE', #2923, #501, #2720, .T. ) ;
#2681 = CARTESIAN_POINT ( 'NONE',  ( -16.57341471730715199, 74.82210374777052664, -24.99999999999998934 ) ) ;
#2682 = CARTESIAN_POINT ( 'NONE',  ( -15.64816763038509251, 79.63000696266695400, -24.99999999999999645 ) ) ;
#2683 = CARTESIAN_POINT ( 'NONE',  ( -16.57334550807191675, 77.67788248563230979, -25.00000000000000355 ) ) ;
#2684 = EDGE_CURVE ( 'NONE', #1839, #1744, #3184, .T. ) ;
#2685 = CARTESIAN_POINT ( 'NONE',  ( -8.495491680971349879, 9.476160904315666045, -24.99999999999999289 ) ) ;
#2686 = CARTESIAN_POINT ( 'NONE',  ( 20.00000000000001066, 12.49999999999999645, 17.50000000000000000 ) ) ;
#2687 = CARTESIAN_POINT ( 'NONE',  ( 9.749999999999991118, 76.25000000000000000, 25.00100000000000833 ) ) ;
#2688 = ORIENTED_EDGE ( 'NONE', *, *, #938, .T. ) ;
#2689 = PLANE ( 'NONE',  #1455 ) ;
#2690 = APPLICATION_CONTEXT ( 'configuration controlled 3d designs of mechanical parts and assemblies' ) ;
#2691 = CARTESIAN_POINT ( 'NONE',  ( -15.64816763038509251, 79.63000696266695400, -24.99999999999999645 ) ) ;
#2692 = LINE ( 'NONE', #422, #376 ) ;
#2693 = CARTESIAN_POINT ( 'NONE',  ( 9.099086478302856662, 73.45116605339130444, -25.00000000000000000 ) ) ;
#2694 = DIRECTION ( 'NONE',  ( -1.000000000000000000, 0.000000000000000000, 3.652049423109067827E-16 ) ) ;
#2695 = ORIENTED_EDGE ( 'NONE', *, *, #62, .F. ) ;
#2696 = VERTEX_POINT ( 'NONE', #2797 ) ;
#2697 = CARTESIAN_POINT ( 'NONE',  ( -6.031011503049133360, 74.47746682988095301, -25.00000000000000000 ) ) ;
#2698 = CARTESIAN_POINT ( 'NONE',  ( -8.451166053392698885, 78.40091352169852712, -27.99999999999999645 ) ) ;
#2699 = CARTESIAN_POINT ( 'NONE',  ( -22.50000000000000000, 12.49999999999999645, 17.50000000000000711 ) ) ;
#2700 = ADVANCED_FACE ( 'NONE', ( #2234 ), #244, .F. ) ;
#2701 = DIRECTION ( 'NONE',  ( -0.000000000000000000, -0.000000000000000000, -1.000000000000000000 ) ) ;
#2702 = CARTESIAN_POINT ( 'NONE',  ( 16.74999999999999289, 76.25000000000000000, -24.99999999999999645 ) ) ;
#2703 = EDGE_CURVE ( 'NONE', #1158, #219, #2131, .T. ) ;
#2704 = EDGE_LOOP ( 'NONE', ( #1513, #34 ) ) ;
#2705 = CARTESIAN_POINT ( 'NONE',  ( -7.615172451928782671, 80.39339757520961882, -24.99999999999999289 ) ) ;
#2706 = ORIENTED_EDGE ( 'NONE', *, *, #3037, .T. ) ;
#2707 = CARTESIAN_POINT ( 'NONE',  ( -8.447145352389030748, 16.39699588421536447, -27.99999999999999645 ) ) ;
#2708 = CARTESIAN_POINT ( 'NONE',  ( -9.487333571032824153, 73.19174763979327736, -25.00000000000000000 ) ) ;
#2709 = CARTESIAN_POINT ( 'NONE',  ( 13.40091352169693550, 73.45116605339109128, -27.99999999999999645 ) ) ;
#2710 = CARTESIAN_POINT ( 'NONE',  ( 14.04883394660886076, 78.40091352169633865, -25.00000000000000000 ) ) ;
#2711 = CARTESIAN_POINT ( 'NONE',  ( -6.306247618409971167, 16.68701193267226301, -24.99999999999999645 ) ) ;
#2712 = ORIENTED_EDGE ( 'NONE', *, *, #483, .F. ) ;
#2713 = ORIENTED_EDGE ( 'NONE', *, *, #864, .F. ) ;
#2714 = CYLINDRICAL_SURFACE ( 'NONE', #1876, 3.000000000000002665 ) ;
#2715 = APPROVAL_DATE_TIME ( #2972, #2564 ) ;
#2716 = ORIENTED_EDGE ( 'NONE', *, *, #2680, .F. ) ;
#2717 = FACE_BOUND ( 'NONE', #3006, .T. ) ;
#2718 = CARTESIAN_POINT ( 'NONE',  ( -14.75000000000000888, 75.79185107387542075, -27.99999999999999645 ) ) ;
#2719 = VECTOR ( 'NONE', #1855, 1000.000000000000000 ) ;
#2720 = LINE ( 'NONE', #1216, #374 ) ;
#2721 = CARTESIAN_POINT ( 'NONE',  ( -8.480095611624591356, 19.05582513746686502, -24.99999999999999645 ) ) ;
#2722 = CARTESIAN_POINT ( 'NONE',  ( 5.926654491929060242, 15.67788248564266951, -25.00000000000000000 ) ) ;
#2723 = ORIENTED_EDGE ( 'NONE', *, *, #1349, .T. ) ;
#2724 = FACE_BOUND ( 'NONE', #2753, .T. ) ;
#2725 = ORIENTED_EDGE ( 'NONE', *, *, #2066, .T. ) ;
#2726 = CARTESIAN_POINT ( 'NONE',  ( 14.65890436737269731, 15.16611759758990985, -25.00000000000000000 ) ) ;
#2727 = AXIS2_PLACEMENT_3D ( 'NONE', #518, #3088, #2582 ) ;
#2728 = CARTESIAN_POINT ( 'NONE',  ( -16.75000000000001066, 76.96994831248142077, -24.99999999999999645 ) ) ;
#2729 = CARTESIAN_POINT ( 'NONE',  ( 12.16611759758890621, 72.84109563262661879, -27.99999999999999645 ) ) ;
#2730 = CARTESIAN_POINT ( 'NONE',  ( 10.33388240241008127, 79.65890436737271330, -25.00000000000000000 ) ) ;
#2731 = CARTESIAN_POINT ( 'NONE',  ( -10.89038668505579643, 19.74996426973610397, -24.99999999999999645 ) ) ;
#2732 = EDGE_LOOP ( 'NONE', ( #1491, #1432, #1959, #1535 ) ) ;
#2733 = CARTESIAN_POINT ( 'NONE',  ( -14.30617159078217782, 78.01788028728495306, -27.99999999999999645 ) ) ;
#2734 = VERTEX_POINT ( 'NONE', #2699 ) ;
#2735 = DIRECTION ( 'NONE',  ( 0.000000000000000000, 0.000000000000000000, 1.000000000000000000 ) ) ;
#2736 = CARTESIAN_POINT ( 'NONE',  ( -14.75000000000001066, 75.79185107387542075, -25.00000000000000000 ) ) ;
#2737 = CARTESIAN_POINT ( 'NONE',  ( -7.893613262112046058, 9.878238338461512669, -25.00000000000000355 ) ) ;
#2738 = VECTOR ( 'NONE', #805, 1000.000000000000000 ) ;
#2739 = CARTESIAN_POINT ( 'NONE',  ( -20.00000000000000000, 2.499999999999988454, 22.50000000000000000 ) ) ;
#2740 = AXIS2_PLACEMENT_3D ( 'NONE', #3031, #1779, #493 ) ;
#2741 = DIRECTION ( 'NONE',  ( 8.916342335126092166E-33, 1.000000000000000000, 5.782411586589357392E-17 ) ) ;
#2742 = EDGE_LOOP ( 'NONE', ( #2284, #2555 ) ) ;
#2743 = ORIENTED_EDGE ( 'NONE', *, *, #483, .T. ) ;
#2744 = EDGE_LOOP ( 'NONE', ( #1439, #218 ) ) ;
#2745 = CARTESIAN_POINT ( 'NONE',  ( 9.810386632359421100, 19.60684972015728533, -24.99999999999999645 ) ) ;
#2746 = EDGE_CURVE ( 'NONE', #2258, #1960, #1737, .T. ) ;
#2747 = CARTESIAN_POINT ( 'NONE',  ( -11.70814892612330738, 72.74999999999998579, -25.00000000000000000 ) ) ;
#2748 = CARTESIAN_POINT ( 'NONE',  ( 7.749999999999990230, 76.24999999999998579, -24.99999999999999289 ) ) ;
#2749 = ORIENTED_EDGE ( 'NONE', *, *, #2790, .F. ) ;
#2750 = DIRECTION ( 'NONE',  ( 0.000000000000000000, 0.000000000000000000, 1.000000000000000000 ) ) ;
#2751 = CARTESIAN_POINT ( 'NONE',  ( -16.02389776845364011, 17.00454752289777716, -25.00000000000000355 ) ) ;
#2752 = EDGE_CURVE ( 'NONE', #1471, #316, #164, .T. ) ;
#2753 = EDGE_LOOP ( 'NONE', ( #2964, #1890 ) ) ;
#2754 = ORIENTED_EDGE ( 'NONE', *, *, #1022, .F. ) ;
#2755 = CARTESIAN_POINT ( 'NONE',  ( 9.099086478302856662, 11.45116605339130800, -27.99999999999999645 ) ) ;
#2756 = VERTEX_POINT ( 'NONE', #271 ) ;
#2757 = CARTESIAN_POINT ( 'NONE',  ( -11.60961331494123172, 70.75003573026850745, -24.99999999999999645 ) ) ;
#2758 = CARTESIAN_POINT ( 'NONE',  ( -14.30825236020553604, 74.48733357103307640, -27.99999999999999645 ) ) ;
#2759 = VECTOR ( 'NONE', #1304, 1000.000000000000000 ) ;
#2760 = CARTESIAN_POINT ( 'NONE',  ( -14.30825236020548807, 12.48733357103407293, -25.00000000000000000 ) ) ;
#2761 = CARTESIAN_POINT ( 'NONE',  ( -8.250000000000005329, 14.24999999999999822, -22.49999999999999289 ) ) ;
#2762 = CARTESIAN_POINT ( 'NONE',  ( 11.24999999999999289, 76.25000000000000000, -27.99999999999999645 ) ) ;
#2763 = ORIENTED_EDGE ( 'NONE', *, *, #1573, .T. ) ;
#2764 = CARTESIAN_POINT ( 'NONE',  ( -9.099086478301463998, 79.04883394660728868, -27.99999999999999645 ) ) ;
#2765 = CARTESIAN_POINT ( 'NONE',  ( 9.099086478302856662, 73.45116605339130444, -27.99999999999999645 ) ) ;
#2766 = CARTESIAN_POINT ( 'NONE',  ( 8.191747639794563440, 78.01266642896716519, -27.99999999999999645 ) ) ;
#2767 = CARTESIAN_POINT ( 'NONE',  ( -9.822117514361456969, 19.57334550806923446, -25.00000000000000000 ) ) ;
#2768 = ORIENTED_EDGE ( 'NONE', *, *, #1541, .T. ) ;
#2769 = VERTEX_POINT ( 'NONE', #536 ) ;
#2770 = CARTESIAN_POINT ( 'NONE',  ( 14.74999999999999289, 14.25000000000000178, -25.00000000000000000 ) ) ;
#2771 = CARTESIAN_POINT ( 'NONE',  ( -13.40091352169714334, 79.04883394660869556, -27.99999999999999645 ) ) ;
#2772 = CARTESIAN_POINT ( 'NONE',  ( -14.75000000000000888, 14.70814892612454372, -27.99999999999999645 ) ) ;
#2773 = CARTESIAN_POINT ( 'NONE',  ( 9.822103747798337281, 19.57341471731555060, -24.99999999999999645 ) ) ;
#2774 = CARTESIAN_POINT ( 'NONE',  ( -5.750000000000001776, 76.25000000000000000, -24.99999999999999645 ) ) ;
#2775 = ADVANCED_FACE ( 'NONE', ( #4 ), #2618, .F. ) ;
#2776 = ORIENTED_EDGE ( 'NONE', *, *, #1362, .T. ) ;
#2777 = AXIS2_PLACEMENT_3D ( 'NONE', #616, #1647, #1149 ) ;
#2778 = AXIS2_PLACEMENT_3D ( 'NONE', #749, #552, #2788 ) ;
#2779 = CARTESIAN_POINT ( 'NONE',  ( -8.451166053389888688, 78.40091352170132666, -25.00000000000000000 ) ) ;
#2780 = DIRECTION ( 'NONE',  ( -0.000000000000000000, -0.000000000000000000, 1.000000000000000000 ) ) ;
#2781 = CARTESIAN_POINT ( 'NONE',  ( 8.451166053391299116, 74.09908647830285133, -27.99999999999999645 ) ) ;
#2782 = DIRECTION ( 'NONE',  ( -1.000000000000000000, 0.000000000000000000, 0.000000000000000000 ) ) ;
#2783 = VERTEX_POINT ( 'NONE', #821 ) ;
#2784 = CIRCLE ( 'NONE', #1666, 2.999999999999999112 ) ;
#2785 = CARTESIAN_POINT ( 'NONE',  ( -7.839014863202434569, 13.33909626073008781, -28.00000000000000000 ) ) ;
#2786 = CARTESIAN_POINT ( 'NONE',  ( 15.62170298877362562, 10.89365246599365022, -24.99999999999999645 ) ) ;
#2787 = ORIENTED_EDGE ( 'NONE', *, *, #1273, .T. ) ;
#2788 = DIRECTION ( 'NONE',  ( 1.204669080539449344E-16, 0.000000000000000000, 1.000000000000000000 ) ) ;
#2789 = CARTESIAN_POINT ( 'NONE',  ( -8.451166053391112598, 12.09908647830306094, -24.99999999999999645 ) ) ;
#2790 = EDGE_CURVE ( 'NONE', #640, #2845, #1838, .T. ) ;
#2791 = ADVANCED_FACE ( 'NONE', ( #2843 ), #835, .T. ) ;
#2792 = ORIENTED_EDGE ( 'NONE', *, *, #3037, .F. ) ;
#2793 = CARTESIAN_POINT ( 'NONE',  ( -20.00000000000000711, 5.499999999999988454, -22.50000000000000000 ) ) ;
#2794 = CARTESIAN_POINT ( 'NONE',  ( -6.851832369614602847, 10.86999303733337996, -24.99999999999999645 ) ) ;
#2795 = CARTESIAN_POINT ( 'NONE',  ( 11.24999999999999289, 14.25000000000000178, -24.49999999999999289 ) ) ;
#2796 = CARTESIAN_POINT ( 'NONE',  ( -19.50000000000000000, 87.50000000000000000, 22.00000000000000711 ) ) ;
#2797 = CARTESIAN_POINT ( 'NONE',  ( -4.000000000000000000, 2.499999999999988454, 22.50000000000000000 ) ) ;
#2798 = ORIENTED_EDGE ( 'NONE', *, *, #1404, .T. ) ;
#2799 = FACE_BOUND ( 'NONE', #3021, .T. ) ;
#2800 = VERTEX_POINT ( 'NONE', #63 ) ;
#2801 = DIRECTION ( 'NONE',  ( -1.000000000000000000, 0.000000000000000000, 1.541976423090495387E-16 ) ) ;
#2802 = CARTESIAN_POINT ( 'NONE',  ( -7.841095632626975842, 15.16611759758978373, -27.99999999999999645 ) ) ;
#2803 = ORIENTED_EDGE ( 'NONE', *, *, #3298, .F. ) ;
#2804 = CARTESIAN_POINT ( 'NONE',  ( 1.000000000000000888, 5.499999999999988454, -22.49999999999999289 ) ) ;
#2805 = EDGE_CURVE ( 'NONE', #953, #800, #581, .T. ) ;
#2806 = EDGE_CURVE ( 'NONE', #670, #1496, #167, .T. ) ;
#2807 = CARTESIAN_POINT ( 'NONE',  ( -22.50100000000000833, 12.49999999999999645, 17.50000000000000711 ) ) ;
#2808 = FACE_OUTER_BOUND ( 'NONE', #380, .T. ) ;
#2809 = ORIENTED_EDGE ( 'NONE', *, *, #2684, .T. ) ;
#2810 = DIRECTION ( 'NONE',  ( -0.000000000000000000, -0.000000000000000000, -1.000000000000000000 ) ) ;
#2811 = CARTESIAN_POINT ( 'NONE',  ( -8.250000000000003553, 76.25000000000000000, -22.49999999999999289 ) ) ;
#2812 = CARTESIAN_POINT ( 'NONE',  ( 19.50000000000000000, 3.000000000000002665, 25.00000000000000355 ) ) ;
#2813 = CARTESIAN_POINT ( 'NONE',  ( 10.33909626073184462, 10.83901486320139540, -27.99999999999999645 ) ) ;
#2814 = EDGE_CURVE ( 'NONE', #658, #756, #2144, .T. ) ;
#2815 = ORIENTED_EDGE ( 'NONE', *, *, #2752, .T. ) ;
#2816 = DIRECTION ( 'NONE',  ( -1.541976423090495387E-16, 0.000000000000000000, -1.000000000000000000 ) ) ;
#2817 = CARTESIAN_POINT ( 'NONE',  ( -7.841095632626677414, 15.16611759758990807, -25.00000000000000000 ) ) ;
#2818 = ORIENTED_EDGE ( 'NONE', *, *, #2805, .T. ) ;
#2819 = CARTESIAN_POINT ( 'NONE',  ( 16.05582513746611895, 11.48009561162456471, -24.99999999999999645 ) ) ;
#2820 = VERTEX_POINT ( 'NONE', #2872 ) ;
#2821 = CARTESIAN_POINT ( 'NONE',  ( -11.25000000000000711, 14.24999999999999822, -27.99999999999999645 ) ) ;
#2822 = CARTESIAN_POINT ( 'NONE',  ( -22.50000000000000000, 3.000000000000002665, 22.00000000000000711 ) ) ;
#2823 = DIRECTION ( 'NONE',  ( 0.000000000000000000, 1.000000000000000000, 0.000000000000000000 ) ) ;
#2824 = LINE ( 'NONE', #2042, #1906 ) ;
#2825 = LINE ( 'NONE', #1035, #3 ) ;
#2826 = ORIENTED_EDGE ( 'NONE', *, *, #2541, .T. ) ;
#2827 = CARTESIAN_POINT ( 'NONE',  ( 7.893652466006411572, 9.878297011220219304, -25.00000000000000000 ) ) ;
#2828 = CARTESIAN_POINT ( 'NONE',  ( -16.75000000000001066, 76.24999999999998579, -24.99999999999999645 ) ) ;
#2829 = CIRCLE ( 'NONE', #1522, 3.000000000000000888 ) ;
#2830 = AXIS2_PLACEMENT_3D ( 'NONE', #2506, #2252, #1971 ) ;
#2831 = CARTESIAN_POINT ( 'NONE',  ( -10.79185107387607623, 10.75000000000000000, -27.99999999999999645 ) ) ;
#2832 = VECTOR ( 'NONE', #1185, 1000.000000000000000 ) ;
#2833 = CARTESIAN_POINT ( 'NONE',  ( 7.869993037333069097, 18.64816763038510317, -24.99999999999999645 ) ) ;
#2834 = CARTESIAN_POINT ( 'NONE',  ( 12.68961336763845082, 8.893150279841519179, -24.99999999999999645 ) ) ;
#2835 = DIRECTION ( 'NONE',  ( 0.000000000000000000, -1.000000000000000000, 0.000000000000000000 ) ) ;
#2836 = ORIENTED_EDGE ( 'NONE', *, *, #1720, .F. ) ;
#2837 = CARTESIAN_POINT ( 'NONE',  ( -19.50000000000000711, 3.000000000000002665, -22.00000000000000000 ) ) ;
#2838 = CARTESIAN_POINT ( 'NONE',  ( -12.68961336764057890, 19.60684972015728533, -24.99999999999999645 ) ) ;
#2839 = VERTEX_POINT ( 'NONE', #1305 ) ;
#2840 = VECTOR ( 'NONE', #2498, 1000.000000000000000 ) ;
#2841 = CARTESIAN_POINT ( 'NONE',  ( 7.838807212070156183, 75.33921662350530823, -27.99999999999999645 ) ) ;
#2842 = LINE ( 'NONE', #3079, #446 ) ;
#2843 = FACE_OUTER_BOUND ( 'NONE', #1440, .T. ) ;
#2844 = EDGE_CURVE ( 'NONE', #1685, #1275, #584, .T. ) ;
#2845 = VERTEX_POINT ( 'NONE', #2090 ) ;
#2846 = ORIENTED_EDGE ( 'NONE', *, *, #272, .F. ) ;
#2847 = CARTESIAN_POINT ( 'NONE',  ( 14.24999999999999467, 76.25000000000000000, -24.49999999999999289 ) ) ;
#2848 = EDGE_CURVE ( 'NONE', #1933, #1839, #2825, .T. ) ;
#2849 = CARTESIAN_POINT ( 'NONE',  ( 22.49999999999999289, 87.50000000000000000, -24.99999999999999645 ) ) ;
#2850 = FACE_OUTER_BOUND ( 'NONE', #2955, .T. ) ;
#2851 = CARTESIAN_POINT ( 'NONE',  ( -22.50000000000000000, 3.000000000000002665, 25.00000000000000355 ) ) ;
#2852 = CARTESIAN_POINT ( 'NONE',  ( 7.869993037333063768, 9.851832369614909268, -24.99999999999999645 ) ) ;
#2853 = CARTESIAN_POINT ( 'NONE',  ( -4.000000000000007994, 5.499999999999988454, -22.49999999999999645 ) ) ;
#2854 = CARTESIAN_POINT ( 'NONE',  ( -22.50100000000000833, 72.50000000000000000, 17.50000000000001066 ) ) ;
#2855 = CARTESIAN_POINT ( 'NONE',  ( -14.30825236020596769, 16.01266642896587200, -27.99999999999999645 ) ) ;
#2856 = CARTESIAN_POINT ( 'NONE',  ( 12.68961336764058068, 81.60684972015852168, -24.99999999999999645 ) ) ;
#2857 = CARTESIAN_POINT ( 'NONE',  ( 14.30603693180187186, 16.01782450971034777, -28.00000000000000000 ) ) ;
#2858 = DIRECTION ( 'NONE',  ( 1.000000000000000000, 0.000000000000000000, 0.000000000000000000 ) ) ;
#2859 = CARTESIAN_POINT ( 'NONE',  ( 12.16611759758991163, 79.65890436737269908, -25.00000000000000000 ) ) ;
#2860 = CARTESIAN_POINT ( 'NONE',  ( 14.66111979577712709, 77.16095951684778242, -27.99999999999999645 ) ) ;
#2861 = FACE_OUTER_BOUND ( 'NONE', #1914, .T. ) ;
#2862 = CARTESIAN_POINT ( 'NONE',  ( 8.191747639794510150, 12.48733357103407826, -25.00000000000000000 ) ) ;
#2863 = CARTESIAN_POINT ( 'NONE',  ( 14.74999999999999289, 14.70814892612442293, -25.00000000000000000 ) ) ;
#2864 = CARTESIAN_POINT ( 'NONE',  ( 8.813015414071626807, 71.30631363933801481, -25.00000000000000000 ) ) ;
#2865 = EDGE_CURVE ( 'NONE', #2455, #1685, #2057, .T. ) ;
#2866 = CARTESIAN_POINT ( 'NONE',  ( 22.50000000000000000, 72.50000000000000000, 17.50000000000000355 ) ) ;
#2867 = CARTESIAN_POINT ( 'NONE',  ( -12.16611759759001288, 17.65890436737294067, -27.99999999999999645 ) ) ;
#2868 = ORIENTED_EDGE ( 'NONE', *, *, #1237, .T. ) ;
#2869 = DIRECTION ( 'NONE',  ( -1.541976423090495387E-16, 0.000000000000000000, -1.000000000000000000 ) ) ;
#2870 = DIRECTION ( 'NONE',  ( 1.000000000000000000, 0.000000000000000000, -1.541976423090496866E-16 ) ) ;
#2871 = VECTOR ( 'NONE', #3113, 1000.000000000000000 ) ;
#2872 = CARTESIAN_POINT ( 'NONE',  ( 20.00000000000001066, 12.49999999999999645, 17.50000000000000711 ) ) ;
#2873 = CARTESIAN_POINT ( 'NONE',  ( 10.33388240241029088, 72.84109563262772724, -25.00000000000000000 ) ) ;
#2874 = CARTESIAN_POINT ( 'NONE',  ( -14.75000000000000533, 14.24999999999999467, -27.99999999999999645 ) ) ;
#2875 = CIRCLE ( 'NONE', #318, 3.000000000000002665 ) ;
#2876 = B_SPLINE_CURVE_WITH_KNOTS ( 'NONE', 3,
 ( #600, #3112, #2365, #1633, #2393, #2655, #367, #1398, #1923, #2931, #1417, #2427, #135, #2108, #1853, #2860, #566, #1600 ),
 .UNSPECIFIED., .F., .F.,
 ( 4, 2, 2, 2, 2, 2, 2, 2, 4 ),
 ( 0.000000000000000000, 0.06250000000000000000, 0.1250000000000000000, 0.1875000000000000000, 0.2500000000000000000, 0.3125000000000000000, 0.3750000000000000000, 0.4375000000000000000, 0.5000000000000000000 ),
 .UNSPECIFIED. ) ;
#2877 = VECTOR ( 'NONE', #1365, 1000.000000000000000 ) ;
#2878 = CARTESIAN_POINT ( 'NONE',  ( -10.33388240241153433, 10.84109563262642340, -27.99999999999999645 ) ) ;
#2879 = VECTOR ( 'NONE', #612, 1000.000000000000000 ) ;
#2880 = CARTESIAN_POINT ( 'NONE',  ( 14.65890436737362279, 13.33388240241118972, -25.00000000000000000 ) ) ;
#2881 = FACE_OUTER_BOUND ( 'NONE', #733, .T. ) ;
#2882 = AXIS2_PLACEMENT_3D ( 'NONE', #945, #1721, #1761 ) ;
#2883 = EDGE_CURVE ( 'NONE', #1994, #3198, #283, .T. ) ;
#2884 = CARTESIAN_POINT ( 'NONE',  ( 15.64816763038508896, 17.63000696266692913, -24.99999999999999645 ) ) ;
#2885 = CARTESIAN_POINT ( 'NONE',  ( 16.57330970610049903, 74.82193761736888860, -25.00000000000000355 ) ) ;
#2886 = CARTESIAN_POINT ( 'NONE',  ( 15.62176166152411128, 79.60638673790124642, -25.00000000000000000 ) ) ;
#2887 = EDGE_CURVE ( 'NONE', #2327, #1933, #2572, .T. ) ;
#2888 = CARTESIAN_POINT ( 'NONE',  ( -22.50100000000001543, 72.50000000000000000, -17.49999999999999289 ) ) ;
#2889 = CARTESIAN_POINT ( 'NONE',  ( -14.04883394660869911, 12.09908647830286021, -25.00000000000000000 ) ) ;
#2890 =( BOUNDED_CURVE ( )  B_SPLINE_CURVE ( 2, ( #1688, #2748, #1228 ),
 .UNSPECIFIED., .F., .T. ) 
 B_SPLINE_CURVE_WITH_KNOTS ( ( 3, 3 ),
 ( 0.000000000000000000, 1.000000000000000000 ),
 .UNSPECIFIED. ) 
 CURVE ( )  GEOMETRIC_REPRESENTATION_ITEM ( )  RATIONAL_B_SPLINE_CURVE ( ( 1.000000000000000000, 0.7071067811865475727, 1.000000000000000000 ) ) 
 REPRESENTATION_ITEM ( '' )  );
#2891 = DIRECTION ( 'NONE',  ( 1.000000000000000000, 0.000000000000000000, -0.000000000000000000 ) ) ;
#2892 = CARTESIAN_POINT ( 'NONE',  ( 13.39689282069588749, 17.05275158408797864, -27.99999999999999645 ) ) ;
#2893 = FACE_OUTER_BOUND ( 'NONE', #3076, .T. ) ;
#2894 = CARTESIAN_POINT ( 'NONE',  ( 8.191747639794511926, 78.01266642896717940, -24.99999999999999645 ) ) ;
#2895 = DIRECTION ( 'NONE',  ( -0.000000000000000000, -0.000000000000000000, -1.000000000000000000 ) ) ;
#2896 = EDGE_LOOP ( 'NONE', ( #3249, #1791 ) ) ;
#2897 = VECTOR ( 'NONE', #241, 1000.000000000000000 ) ;
#2898 = LINE ( 'NONE', #1602, #573 ) ;
#2899 = CARTESIAN_POINT ( 'NONE',  ( 14.74999999999999467, 14.25000000000000178, -27.99999999999999645 ) ) ;
#2900 = CARTESIAN_POINT ( 'NONE',  ( -13.40091352169714334, 79.04883394660868134, -25.00000000000000000 ) ) ;
#2901 = CARTESIAN_POINT ( 'NONE',  ( 10.79185107387544207, 10.75000000000000355, -25.00000000000000000 ) ) ;
#2902 = CARTESIAN_POINT ( 'NONE',  ( 15.62170298878663388, 72.89365246601309423, -25.00000000000000000 ) ) ;
#2903 = ORIENTED_EDGE ( 'NONE', *, *, #1717, .T. ) ;
#2904 = CARTESIAN_POINT ( 'NONE',  ( -11.25000000000000711, 14.24999999999999822, -24.49999999999999289 ) ) ;
#2905 = AXIS2_PLACEMENT_3D ( 'NONE', #1965, #3275, #735 ) ;
#2906 = VERTEX_POINT ( 'NONE', #3094 ) ;
#2907 = CARTESIAN_POINT ( 'NONE',  ( -11.70814892612443536, 17.74999999999999289, -25.00000000000000000 ) ) ;
#2908 = CARTESIAN_POINT ( 'NONE',  ( 20.00000000000000711, 2.499999999999988454, 22.50000000000000711 ) ) ;
#2909 = CARTESIAN_POINT ( 'NONE',  ( -9.750000000000005329, 76.25000000000000000, -24.49999999999999289 ) ) ;
#2910 = VECTOR ( 'NONE', #362, 1000.000000000000000 ) ;
#2911 = FACE_OUTER_BOUND ( 'NONE', #660, .T. ) ;
#2912 = CARTESIAN_POINT ( 'NONE',  ( 7.749999999999991118, 75.79185107387542075, -27.99999999999999645 ) ) ;
#2913 = CARTESIAN_POINT ( 'NONE',  ( 8.480095611624953733, 71.44417486253371408, -24.99999999999999645 ) ) ;
#2914 = CARTESIAN_POINT ( 'NONE',  ( 19.49999999999998224, 87.50000000000000000, 25.00000000000000355 ) ) ;
#2915 = ORIENTED_EDGE ( 'NONE', *, *, #2024, .T. ) ;
#2916 = ORIENTED_EDGE ( 'NONE', *, *, #1362, .F. ) ;
#2917 = CARTESIAN_POINT ( 'NONE',  ( 11.70814892612503400, 17.75000000000000355, -27.99999999999999645 ) ) ;
#2918 = CARTESIAN_POINT ( 'NONE',  ( -14.63000696266693268, 80.64816763038510317, -24.99999999999999645 ) ) ;
#2919 = CARTESIAN_POINT ( 'NONE',  ( -9.810386632359419323, 19.60684972015728178, -24.99999999999999645 ) ) ;
#2920 = VERTEX_POINT ( 'NONE', #2603 ) ;
#2921 = ORIENTED_EDGE ( 'NONE', *, *, #1672, .F. ) ;
#2922 = DIRECTION ( 'NONE',  ( 0.000000000000000000, 0.000000000000000000, 1.000000000000000000 ) ) ;
#2923 = VERTEX_POINT ( 'NONE', #2812 ) ;
#2924 = CARTESIAN_POINT ( 'NONE',  ( -9.487333571032827706, 11.19174763979451726, -25.00000000000000000 ) ) ;
#2925 = DIRECTION ( 'NONE',  ( 0.000000000000000000, -0.000000000000000000, -1.000000000000000000 ) ) ;
#2926 = FACE_BOUND ( 'NONE', #1459, .T. ) ;
#2927 = CARTESIAN_POINT ( 'NONE',  ( -9.810386632358794046, 81.60684972015852168, -24.99999999999999645 ) ) ;
#2928 = CARTESIAN_POINT ( 'NONE',  ( 8.451166053391299116, 74.09908647830285133, -25.00000000000000000 ) ) ;
#2929 = CARTESIAN_POINT ( 'NONE',  ( 13.40091352169693728, 73.45116605339109128, -25.00000000000000000 ) ) ;
#2930 = AXIS2_PLACEMENT_3D ( 'NONE', #2093, #1587, #3083 ) ;
#2931 = CARTESIAN_POINT ( 'NONE',  ( 11.71376217910473549, 79.75007287691606450, -27.99999999999999645 ) ) ;
#2932 = EDGE_CURVE ( 'NONE', #2013, #2839, #1319, .T. ) ;
#2933 = EDGE_LOOP ( 'NONE', ( #1156, #2191, #2036, #1826 ) ) ;
#2934 =( BOUNDED_SURFACE ( )  B_SPLINE_SURFACE ( 2, 3, ( 
 ( #325, #1622, #395, #1927, #2624, #339, #3202, #2398, #879, #1656, #70, #1160, #2918, #2682, #87, #2176, #2660, #373, #104, #1141, #1354, #1869, #1423, #2368, #919, #3164, #1908, #1403, #840, #1103, #2958, #3145, #1946, #1368 ),
 ( #1604, #2381, #2430, #1121, #2137, #122, #625, #3182, #2156, #859, #2416, #1889, #2900, #605, #1639, #2643, #354, #2736, #1235, #700, #1467, #1266, #2974, #1982, #1696, #2000, #3289, #994, #2471, #1771, #681, #482, #1715, #2249 ),
 ( #973, #1007, #1506, #1215, #2698, #718, #449, #1756, #2033, #2502, #183, #662, #2771, #430, #201, #1197, #411, #2718, #2215, #2758, #2016, #1739, #3222, #1444, #2447, #2233, #1521, #3023, #3242, #958, #230, #1487, #3261, #467 ) ),
 .UNSPECIFIED., .F., .T., .F. ) 
 B_SPLINE_SURFACE_WITH_KNOTS ( ( 3, 3 ),
 ( 4, 2, 2, 2, 2, 2, 2, 2, 2, 2, 2, 2, 2, 2, 2, 2, 4 ),
 ( 0.000000000000000000, 1.000000000000000000 ),
 ( -6.283185307179586232, -5.890486225480861648, -5.497787143782137953, -5.105088062083414258, -4.712388980384689674, -4.319689898685965090, -3.926990816987241395, -3.534291735288517255, -3.141592653589793116, -2.748893571891068976, -2.356194490192344837, -1.963495408493620697, -1.570796326794896558, -1.178097245096172418, -0.7853981633974482790, -0.3926990816987241395, 0.000000000000000000 ),
 .UNSPECIFIED. ) 
 GEOMETRIC_REPRESENTATION_ITEM ( )  RATIONAL_B_SPLINE_SURFACE ( (
 ( 1.000000000000000000, 1.000000000000000000, 1.000000000000000000, 1.000000000000000000, 1.000000000000000000, 1.000000000000000000, 1.000000000000000000, 1.000000000000000000, 1.000000000000000000, 1.000000000000000000, 1.000000000000000000, 1.000000000000000000, 1.000000000000000000, 1.000000000000000000, 1.000000000000000000, 1.000000000000000000, 1.000000000000000000, 1.000000000000000000, 1.000000000000000000, 1.000000000000000000, 1.000000000000000000, 1.000000000000000000, 1.000000000000000000, 1.000000000000000000, 1.000000000000000000, 1.000000000000000000, 1.000000000000000000, 1.000000000000000000, 1.000000000000000000, 1.000000000000000000, 1.000000000000000000, 1.000000000000000000, 1.000000000000000000, 1.000000000000000000),
 ( 0.7071067811865475727, 0.7071067811865475727, 0.7071067811865475727, 0.7071067811865475727, 0.7071067811865475727, 0.7071067811865475727, 0.7071067811865475727, 0.7071067811865475727, 0.7071067811865475727, 0.7071067811865475727, 0.7071067811865475727, 0.7071067811865475727, 0.7071067811865475727, 0.7071067811865475727, 0.7071067811865475727, 0.7071067811865475727, 0.7071067811865475727, 0.7071067811865475727, 0.7071067811865475727, 0.7071067811865475727, 0.7071067811865473507, 0.7071067811865473507, 0.7071067811865475727, 0.7071067811865475727, 0.7071067811865475727, 0.7071067811865475727, 0.7071067811865475727, 0.7071067811865475727, 0.7071067811865475727, 0.7071067811865475727, 0.7071067811865475727, 0.7071067811865475727, 0.7071067811865475727, 0.7071067811865475727),
 ( 1.000000000000000000, 1.000000000000000000, 1.000000000000000000, 1.000000000000000000, 1.000000000000000000, 1.000000000000000000, 1.000000000000000000, 1.000000000000000000, 1.000000000000000000, 1.000000000000000000, 1.000000000000000000, 1.000000000000000000, 1.000000000000000000, 1.000000000000000000, 1.000000000000000000, 1.000000000000000000, 1.000000000000000000, 1.000000000000000000, 1.000000000000000000, 1.000000000000000000, 1.000000000000000000, 1.000000000000000000, 1.000000000000000000, 1.000000000000000000, 1.000000000000000000, 1.000000000000000000, 1.000000000000000000, 1.000000000000000000, 1.000000000000000000, 1.000000000000000000, 1.000000000000000000, 1.000000000000000000, 1.000000000000000000, 1.000000000000000000) ) ) 
 REPRESENTATION_ITEM ( '' )  SURFACE ( )  );
#2935 = APPROVAL_ROLE ( '' ) ;
#2936 = CARTESIAN_POINT ( 'NONE',  ( -20.00000000000000711, 87.50000000000000000, -22.50000000000000000 ) ) ;
#2937 = AXIS2_PLACEMENT_3D ( 'NONE', #513, #2578, #2980 ) ;
#2938 = CARTESIAN_POINT ( 'NONE',  ( -22.50000000000000000, 87.50000000000000000, 22.00000000000000355 ) ) ;
#2939 = CARTESIAN_POINT ( 'NONE',  ( -6.444174862533446735, 17.01990438837540154, -24.99999999999999645 ) ) ;
#2940 = ORIENTED_EDGE ( 'NONE', *, *, #2517, .F. ) ;
#2941 = VECTOR ( 'NONE', #2409, 1000.000000000000000 ) ;
#2942 = ORIENTED_EDGE ( 'NONE', *, *, #1117, .T. ) ;
#2943 = DIRECTION ( 'NONE',  ( -1.000000000000000000, 0.000000000000000000, 0.000000000000000000 ) ) ;
#2944 = ORIENTED_EDGE ( 'NONE', *, *, #2539, .F. ) ;
#2945 = FACE_BOUND ( 'NONE', #166, .T. ) ;
#2946 = CARTESIAN_POINT ( 'NONE',  ( 7.838807212070157959, 13.33921662350603121, -27.99999999999999645 ) ) ;
#2947 = DIRECTION ( 'NONE',  ( 1.541976423090495387E-16, 0.000000000000000000, 1.000000000000000000 ) ) ;
#2948 = CARTESIAN_POINT ( 'NONE',  ( 14.63000696266661826, 71.85183236961459841, -24.99999999999999645 ) ) ;
#2949 = CARTESIAN_POINT ( 'NONE',  ( -14.00450831903542692, 19.02383909567815934, -25.00000000000000000 ) ) ;
#2950 = ORIENTED_EDGE ( 'NONE', *, *, #177, .F. ) ;
#2951 = ORIENTED_EDGE ( 'NONE', *, *, #2887, .T. ) ;
#2952 = B_SPLINE_CURVE_WITH_KNOTS ( 'NONE', 3,
 ( #1572, #3301, #2350, #1334, #1840, #551, #2533, #1320, #3081, #257, #2827, #2589, #2106, #1808, #1083, #1053, #1822, #2575, #1020, #3111, #3054, #1293, #49, #289, #2046, #823, #2786, #305, #497, #1280, #2336, #538, #36, #1307 ),
 .UNSPECIFIED., .F., .F.,
 ( 4, 2, 2, 2, 2, 2, 2, 2, 2, 2, 2, 2, 2, 2, 2, 2, 4 ),
 ( 0.5000000000000000000, 0.5312500000000000000, 0.5625000000000000000, 0.5937499999999998890, 0.6249999999999998890, 0.6562499999999998890, 0.6874999999999997780, 0.7187499999999997780, 0.7499999999999997780, 0.7812499999999997780, 0.8124999999999997780, 0.8437499999999996669, 0.8749999999999996669, 0.9062499999999997780, 0.9374999999999997780, 0.9687499999999998890, 1.000000000000000000 ),
 .UNSPECIFIED. ) ;
#2953 = EDGE_CURVE ( 'NONE', #1172, #1994, #2302, .T. ) ;
#2954 = APPROVAL_DATE_TIME ( #603, #3154 ) ;
#2955 = EDGE_LOOP ( 'NONE', ( #2944, #1970, #2496, #2921 ) ) ;
#2956 = AXIS2_PLACEMENT_3D ( 'NONE', #1497, #1479, #206 ) ;
#2957 = CARTESIAN_POINT ( 'NONE',  ( -6.878297011215793511, 72.89365246601190051, -24.99999999999999645 ) ) ;
#2958 = CARTESIAN_POINT ( 'NONE',  ( -6.444174862533876613, 73.48009561162329817, -24.99999999999999645 ) ) ;
#2959 = CARTESIAN_POINT ( 'NONE',  ( -11.71376217909768158, 10.74992712308538856, -27.99999999999999645 ) ) ;
#2960 = PLANE ( 'NONE',  #1723 ) ;
#2961 = CARTESIAN_POINT ( 'NONE',  ( 14.00454752291406457, 81.02389776844445635, -24.99999999999999289 ) ) ;
#2962 = EDGE_LOOP ( 'NONE', ( #765, #1997 ) ) ;
#2963 = DIRECTION ( 'NONE',  ( 1.000000000000000000, 0.000000000000000000, 0.000000000000000000 ) ) ;
#2964 = ORIENTED_EDGE ( 'NONE', *, *, #2119, .F. ) ;
#2965 = DIRECTION ( 'NONE',  ( 1.000000000000000000, 0.000000000000000000, 0.000000000000000000 ) ) ;
#2966 = CARTESIAN_POINT ( 'NONE',  ( 22.50100000000000122, 72.50000000000000000, -17.50000000000000355 ) ) ;
#2967 = CARTESIAN_POINT ( 'NONE',  ( 10.79185107387606735, 72.75000000000000000, -27.99999999999999645 ) ) ;
#2968 = CARTESIAN_POINT ( 'NONE',  ( 14.74999999999999289, 76.25000000000000000, -25.00000000000000000 ) ) ;
#2969 = CARTESIAN_POINT ( 'NONE',  ( -6.878238338466331925, 17.60638673789439324, -25.00000000000000355 ) ) ;
#2970 = EDGE_LOOP ( 'NONE', ( #2657, #3220, #1223, #927 ) ) ;
#2971 = CARTESIAN_POINT ( 'NONE',  ( 7.841095632626858603, 13.33388240241047029, -27.99999999999999645 ) ) ;
#2972 = DATE_AND_TIME ( #939, #890 ) ;
#2973 = CARTESIAN_POINT ( 'NONE',  ( -16.71455693001428600, 75.53203527263659112, -24.99999999999999645 ) ) ;
#2974 = CARTESIAN_POINT ( 'NONE',  ( -13.01266642896594306, 73.19174763979327736, -25.00000000000000000 ) ) ;
#2975 = CARTESIAN_POINT ( 'NONE',  ( -16.19368636067172318, 78.68698458590075973, -24.99999999999999645 ) ) ;
#2976 = DIRECTION ( 'NONE',  ( -0.000000000000000000, 1.000000000000000000, 1.734723475976807094E-16 ) ) ;
#2977 = LINE ( 'NONE', #2739, #880 ) ;
#2978 = LINE ( 'NONE', #453, #704 ) ;
#2979 = ORIENTED_EDGE ( 'NONE', *, *, #2680, .T. ) ;
#2980 = DIRECTION ( 'NONE',  ( 0.000000000000000000, -0.000000000000000000, 1.000000000000000000 ) ) ;
#2981 = EDGE_CURVE ( 'NONE', #2239, #2923, #1565, .T. ) ;
#2982 = CARTESIAN_POINT ( 'NONE',  ( -14.30825236020612046, 74.48733357103283481, -25.00000000000000000 ) ) ;
#2983 = DIRECTION ( 'NONE',  ( 1.982541115402065110E-16, -0.000000000000000000, 1.000000000000000000 ) ) ;
#2984 = CARTESIAN_POINT ( 'NONE',  ( 14.65890436737269908, 77.16611759759240385, -25.00000000000000000 ) ) ;
#2985 = CARTESIAN_POINT ( 'NONE',  ( -5.750000000000006217, 14.24999999999999822, -24.99999999999999645 ) ) ;
#2986 = ORIENTED_EDGE ( 'NONE', *, *, #982, .T. ) ;
#2987 = CARTESIAN_POINT ( 'NONE',  ( 8.451166053391299116, 12.09908647830286021, -27.99999999999999645 ) ) ;
#2988 = DIRECTION ( 'NONE',  ( -1.387778780781445676E-16, 0.000000000000000000, -1.000000000000000000 ) ) ;
#2989 = FACE_OUTER_BOUND ( 'NONE', #1421, .T. ) ;
#2990 = ADVANCED_FACE ( 'NONE', ( #2112 ), #1874, .F. ) ;
#2991 = CIRCLE ( 'NONE', #1247, 2.999999999999999112 ) ;
#2992 = CARTESIAN_POINT ( 'NONE',  ( -16.60684972015786798, 12.81038663235904984, -24.99999999999999645 ) ) ;
#2993 = EDGE_CURVE ( 'NONE', #1275, #1685, #2297, .T. ) ;
#2994 = CARTESIAN_POINT ( 'NONE',  ( 16.71455693000279297, 14.96796472740277650, -25.00000000000000000 ) ) ;
#2995 = EDGE_CURVE ( 'NONE', #725, #3235, #1601, .T. ) ;
#2996 = CARTESIAN_POINT ( 'NONE',  ( 22.49999999999999289, 87.50000000000000000, -24.99999999999999645 ) ) ;
#2997 = ORIENTED_EDGE ( 'NONE', *, *, #2865, .T. ) ;
#2998 = EDGE_CURVE ( 'NONE', #3167, #304, #3136, .T. ) ;
#2999 = CARTESIAN_POINT ( 'NONE',  ( 11.96994831248130886, 19.75000000000000355, -24.99999999999999645 ) ) ;
#3000 = AXIS2_PLACEMENT_3D ( 'NONE', #1315, #1047, #1530 ) ;
#3001 = CARTESIAN_POINT ( 'NONE',  ( -12.16611759758971090, 72.84109563262772724, -25.00000000000000000 ) ) ;
#3002 = AXIS2_PLACEMENT_3D ( 'NONE', #2996, #1951, #2454 ) ;
#3003 = CARTESIAN_POINT ( 'NONE',  ( 14.30825236020559110, 74.48733357103323272, -27.99999999999999645 ) ) ;
#3004 = DIRECTION ( 'NONE',  ( -0.000000000000000000, -0.000000000000000000, 1.000000000000000000 ) ) ;
#3005 = CARTESIAN_POINT ( 'NONE',  ( -8.193828409220117237, 74.48211971271126686, -27.99999999999999645 ) ) ;
#3006 = EDGE_LOOP ( 'NONE', ( #1316, #2712, #2184, #3256 ) ) ;
#3007 = CARTESIAN_POINT ( 'NONE',  ( -9.103107179303592034, 79.05275158408744574, -27.99999999999999645 ) ) ;
#3008 = ORIENTED_EDGE ( 'NONE', *, *, #2517, .T. ) ;
#3009 = CYLINDRICAL_SURFACE ( 'NONE', #458, 3.000000000000002665 ) ;
#3010 = CARTESIAN_POINT ( 'NONE',  ( -6.444174862533881942, 11.48009561162456116, -24.99999999999999645 ) ) ;
#3011 = AXIS2_PLACEMENT_3D ( 'NONE', #892, #2895, #389 ) ;
#3012 = CARTESIAN_POINT ( 'NONE',  ( 6.476102231547029575, 17.00454752290209726, -24.99999999999999645 ) ) ;
#3013 = AXIS2_PLACEMENT_3D ( 'NONE', #3254, #2750, #207 ) ;
#3014 = DIRECTION ( 'NONE',  ( 1.000000000000000000, 0.000000000000000000, -0.000000000000000000 ) ) ;
#3015 = EDGE_LOOP ( 'NONE', ( #1257, #2332, #2253, #1447 ) ) ;
#3016 = DESIGN_CONTEXT ( 'detailed design', #457, 'design' ) ;
#3017 = CARTESIAN_POINT ( 'NONE',  ( -8.191747639793229396, 78.01266642896391090, -27.99999999999999645 ) ) ;
#3018 = CARTESIAN_POINT ( 'NONE',  ( 1.000000000000006217, 87.50000000000000000, 22.50000000000000711 ) ) ;
#3019 = CARTESIAN_POINT ( 'NONE',  ( 20.00000000000001066, 72.50000000000000000, 17.50000000000000355 ) ) ;
#3020 = CARTESIAN_POINT ( 'NONE',  ( -9.103004115784644412, 73.44714535238975373, -27.99999999999999645 ) ) ;
#3021 = EDGE_LOOP ( 'NONE', ( #502, #925 ) ) ;
#3022 = CARTESIAN_POINT ( 'NONE',  ( -11.25000000000000711, 76.25000000000000000, -22.49999999999999289 ) ) ;
#3023 = CARTESIAN_POINT ( 'NONE',  ( -9.487333571033289559, 73.19174763979438580, -27.99999999999999645 ) ) ;
#3024 = CARTESIAN_POINT ( 'NONE',  ( -10.33388240240999245, 17.65890436737293712, -27.99999999999999645 ) ) ;
#3025 = CARTESIAN_POINT ( 'NONE',  ( 16.46892247602969306, 16.02250582334976414, -25.00000000000000000 ) ) ;
#3026 = CARTESIAN_POINT ( 'NONE',  ( -9.477466829898421707, 81.46898849695874389, -24.99999999999999289 ) ) ;
#3027 = EDGE_LOOP ( 'NONE', ( #3107, #3183, #368, #1722 ) ) ;
#3028 = CARTESIAN_POINT ( 'NONE',  ( -14.04883394660869911, 78.40091352169713446, -25.00000000000000000 ) ) ;
#3029 = EDGE_LOOP ( 'NONE', ( #1673, #1064, #775, #1924 ) ) ;
#3030 = CARTESIAN_POINT ( 'NONE',  ( -10.53005168751919030, 8.749999999999998224, -24.99999999999999645 ) ) ;
#3031 = CARTESIAN_POINT ( 'NONE',  ( 11.24999999999999289, 76.25000000000000000, -24.49999999999999289 ) ) ;
#3032 = LINE ( 'NONE', #1318, #26 ) ;
#3033 = EDGE_LOOP ( 'NONE', ( #3218, #256, #2688, #2514 ) ) ;
#3034 = CARTESIAN_POINT ( 'NONE',  ( -11.25000000000000711, 76.25000000000000000, 25.00100000000000833 ) ) ;
#3035 = ADVANCED_FACE ( 'NONE', ( #862 ), #815, .T. ) ;
#3036 = DIRECTION ( 'NONE',  ( -0.000000000000000000, 1.000000000000000000, -0.000000000000000000 ) ) ;
#3037 = EDGE_CURVE ( 'NONE', #472, #2670, #590, .T. ) ;
#3038 = CARTESIAN_POINT ( 'NONE',  ( 20.00000000000000711, 87.50000000000000000, 22.50000000000000711 ) ) ;
#3039 = CARTESIAN_POINT ( 'NONE',  ( -14.04883394660869556, 16.40091352169714511, -27.99999999999999645 ) ) ;
#3040 = VECTOR ( 'NONE', #2976, 1000.000000000000000 ) ;
#3041 = CARTESIAN_POINT ( 'NONE',  ( -10.53202150604350784, 81.71462613924727236, -24.99999999999999289 ) ) ;
#3042 = ORIENTED_EDGE ( 'NONE', *, *, #1724, .T. ) ;
#3043 = VECTOR ( 'NONE', #113, 1000.000000000000000 ) ;
#3044 = B_SPLINE_CURVE_WITH_KNOTS ( 'NONE', 3,
 ( #2985, #1767, #2190, #3255, #1751, #2711, #3234, #2969, #1209, #2513, #1438, #2257, #3197, #462, #2767, #1500, #2731, #2226, #1691, #424, #1977, #1230, #2949, #711, #2483, #208, #674, #2751, #2244, #968, #695, #952, #912, #2443 ),
 .UNSPECIFIED., .F., .F.,
 ( 4, 2, 2, 2, 2, 2, 2, 2, 2, 2, 2, 2, 2, 2, 2, 2, 4 ),
 ( 0.000000000000000000, 0.03124999999999996531, 0.06249999999999993061, 0.09374999999999988898, 0.1249999999999998612, 0.1562499999999998890, 0.1874999999999998890, 0.2187499999999999167, 0.2499999999999999445, 0.2812499999999999445, 0.3125000000000000000, 0.3437500000000000000, 0.3750000000000000000, 0.4062500000000000555, 0.4375000000000000555, 0.4687500000000001110, 0.5000000000000000000 ),
 .UNSPECIFIED. ) ;
#3045 = AXIS2_PLACEMENT_3D ( 'NONE', #2293, #2816, #2801 ) ;
#3046 = CARTESIAN_POINT ( 'NONE',  ( -10.79185107387558951, 79.75000000000000000, -25.00000000000000000 ) ) ;
#3047 = CARTESIAN_POINT ( 'NONE',  ( -6.851832369614599294, 17.63000696266692557, -24.99999999999999645 ) ) ;
#3048 = CARTESIAN_POINT ( 'NONE',  ( -20.00000000000000000, 5.499999999999988454, 22.50000000000000000 ) ) ;
#3049 = LINE ( 'NONE', #1546, #3073 ) ;
#3050 = ORIENTED_EDGE ( 'NONE', *, *, #2536, .T. ) ;
#3051 = AXIS2_PLACEMENT_3D ( 'NONE', #217, #962, #2963 ) ;
#3052 = CARTESIAN_POINT ( 'NONE',  ( -16.71462613924951768, 76.96797849396048719, -24.99999999999999289 ) ) ;
#3053 = ORIENTED_EDGE ( 'NONE', *, *, #607, .T. ) ;
#3054 = CARTESIAN_POINT ( 'NONE',  ( 13.02250582335932272, 9.031077523975223897, -24.99999999999999645 ) ) ;
#3055 = DIRECTION ( 'NONE',  ( -0.000000000000000000, -0.000000000000000000, -1.000000000000000000 ) ) ;
#3056 = EDGE_CURVE ( 'NONE', #2783, #3257, #189, .T. ) ;
#3057 = ADVANCED_FACE ( 'NONE', ( #1968 ), #665, .F. ) ;
#3058 = CARTESIAN_POINT ( 'NONE',  ( -12.16611759759001288, 17.65890436737294067, -27.99999999999999645 ) ) ;
#3059 = CARTESIAN_POINT ( 'NONE',  ( 16.74999999999999289, 14.25000000000000178, -24.99999999999999645 ) ) ;
#3060 = CIRCLE ( 'NONE', #2740, 1.500000000000001332 ) ;
#3061 = CARTESIAN_POINT ( 'NONE',  ( -10.33388240241109202, 72.84109563262661879, -27.99999999999999645 ) ) ;
#3062 = CARTESIAN_POINT ( 'NONE',  ( -14.01990438837540687, 19.05582513746687212, -24.99999999999999645 ) ) ;
#3063 = ORIENTED_EDGE ( 'NONE', *, *, #2752, .F. ) ;
#3064 = CARTESIAN_POINT ( 'NONE',  ( 13.01266642896561265, 79.30825236020605473, -27.99999999999999645 ) ) ;
#3065 = DIRECTION ( 'NONE',  ( 1.000000000000000000, 0.000000000000000000, 0.000000000000000000 ) ) ;
#3066 = DIRECTION ( 'NONE',  ( 0.000000000000000000, -1.000000000000000000, 0.000000000000000000 ) ) ;
#3067 = CARTESIAN_POINT ( 'NONE',  ( 11.71376217909766559, 10.75007287691461499, -27.99999999999999645 ) ) ;
#3068 = EDGE_LOOP ( 'NONE', ( #2846, #999, #1407, #1952 ) ) ;
#3069 = CARTESIAN_POINT ( 'NONE',  ( -20.00000000000001066, 72.50000000000000000, -17.49999999999999645 ) ) ;
#3070 = B_SPLINE_CURVE_WITH_KNOTS ( 'NONE', 3,
 ( #2546, #5, #1559, #2559, #3095, #19, #1037, #2060, #3067, #780, #2813, #809, #525, #273, #2074, #2946, #2148, #363 ),
 .UNSPECIFIED., .F., .F.,
 ( 4, 2, 2, 2, 2, 2, 2, 2, 4 ),
 ( 0.5000000000000000000, 0.5625000000000000000, 0.6250000000000000000, 0.6875000000000000000, 0.7500000000000000000, 0.8125000000000000000, 0.8750000000000000000, 0.9375000000000000000, 1.000000000000000000 ),
 .UNSPECIFIED. ) ;
#3071 = CARTESIAN_POINT ( 'NONE',  ( -8.191747639794327185, 16.01266642896570858, -25.00000000000000000 ) ) ;
#3072 = CARTESIAN_POINT ( 'NONE',  ( 16.60684972015727823, 15.68961336764057535, -24.99999999999999645 ) ) ;
#3073 = VECTOR ( 'NONE', #2303, 1000.000000000000000 ) ;
#3074 = DIRECTION ( 'NONE',  ( -1.000000000000000000, 0.000000000000000000, 0.000000000000000000 ) ) ;
#3075 = DIRECTION ( 'NONE',  ( 1.000000000000000000, 0.000000000000000000, -0.000000000000000000 ) ) ;
#3076 = EDGE_LOOP ( 'NONE', ( #71, #2826, #2743, #1430 ) ) ;
#3077 = PLANE ( 'NONE',  #279 ) ;
#3078 = SECURITY_CLASSIFICATION ( '', '', #1637 ) ;
#3079 = CARTESIAN_POINT ( 'NONE',  ( 1.000000000000000888, 87.50000000000000000, -22.49999999999999289 ) ) ;
#3080 = ORIENTED_EDGE ( 'NONE', *, *, #259, .F. ) ;
#3081 = CARTESIAN_POINT ( 'NONE',  ( 7.106652955007391803, 10.61522298216711135, -25.00000000000000000 ) ) ;
#3082 = CARTESIAN_POINT ( 'NONE',  ( -19.50000000000000711, 3.000000000000002665, -24.99999999999999645 ) ) ;
#3083 = DIRECTION ( 'NONE',  ( -1.000000000000000000, 0.000000000000000000, 0.000000000000000000 ) ) ;
#3084 = CARTESIAN_POINT ( 'NONE',  ( 10.33388240241008305, 17.65890436737270264, -25.00000000000000000 ) ) ;
#3085 = CARTESIAN_POINT ( 'NONE',  ( 7.841095632626466028, 13.33388240241030864, -25.00000000000000000 ) ) ;
#3086 = CARTESIAN_POINT ( 'NONE',  ( -16.02383909569126175, 11.49549168097771457, -24.99999999999999645 ) ) ;
#3087 = EDGE_CURVE ( 'NONE', #1032, #1181, #2602, .T. ) ;
#3088 = DIRECTION ( 'NONE',  ( -1.387778780781445676E-16, 0.000000000000000000, -1.000000000000000000 ) ) ;
#3089 = EDGE_CURVE ( 'NONE', #800, #2316, #1161, .T. ) ;
#3090 = FACE_OUTER_BOUND ( 'NONE', #2658, .T. ) ;
#3091 = ORIENTED_EDGE ( 'NONE', *, *, #2294, .T. ) ;
#3092 = CARTESIAN_POINT ( 'NONE',  ( 6.444174862533699866, 79.01990438837627551, -24.99999999999999645 ) ) ;
#3093 = CARTESIAN_POINT ( 'NONE',  ( -20.00000000000000711, 87.50000000000000000, -22.50000000000000000 ) ) ;
#3094 = CARTESIAN_POINT ( 'NONE',  ( -19.50000000000000000, 0.000000000000000000, 22.00000000000000711 ) ) ;
#3095 = CARTESIAN_POINT ( 'NONE',  ( 14.05275158408921499, 12.10310717930462943, -27.99999999999999645 ) ) ;
#3096 = CARTESIAN_POINT ( 'NONE',  ( -11.25000000000000711, 76.25000000000000000, -27.99999999999999645 ) ) ;
#3097 = CIRCLE ( 'NONE', #2664, 3.000000000000002665 ) ;
#3098 = CARTESIAN_POINT ( 'NONE',  ( -12.75000000000000711, 76.25000000000000000, -27.99999999999999645 ) ) ;
#3099 = EDGE_LOOP ( 'NONE', ( #679, #1369 ) ) ;
#3100 = CARTESIAN_POINT ( 'NONE',  ( 13.01266642896605497, 17.30825236020588420, -27.99999999999999645 ) ) ;
#3101 = ORIENTED_EDGE ( 'NONE', *, *, #1606, .T. ) ;
#3102 = CARTESIAN_POINT ( 'NONE',  ( 6.851832369614910156, 17.63000696266694689, -24.99999999999999645 ) ) ;
#3103 = CARTESIAN_POINT ( 'NONE',  ( -16.57341471731099247, 12.82210374779084816, -24.99999999999999645 ) ) ;
#3104 = CARTESIAN_POINT ( 'NONE',  ( -8.191747639794586533, 74.48733357103279218, -27.99999999999999645 ) ) ;
#3105 = CIRCLE ( 'NONE', #979, 2.999999999999999112 ) ;
#3106 = CARTESIAN_POINT ( 'NONE',  ( -14.04883394660869556, 16.40091352169714511, -27.99999999999999645 ) ) ;
#3107 = ORIENTED_EDGE ( 'NONE', *, *, #2953, .F. ) ;
#3108 = CARTESIAN_POINT ( 'NONE',  ( 16.60684972015728178, 77.68961336764306225, -24.99999999999999645 ) ) ;
#3109 = CYLINDRICAL_SURFACE ( 'NONE', #550, 2.999999999999999112 ) ;
#3110 = CARTESIAN_POINT ( 'NONE',  ( 7.106652954993368354, 72.61522298218115168, -24.99999999999999645 ) ) ;
#3111 = CARTESIAN_POINT ( 'NONE',  ( 12.67789625220455285, 8.926585282688522582, -24.99999999999999645 ) ) ;
#3112 = CARTESIAN_POINT ( 'NONE',  ( 7.749999999999989342, 76.71393819776095313, -27.99999999999999289 ) ) ;
#3113 = DIRECTION ( 'NONE',  ( 0.000000000000000000, -1.000000000000000000, 0.000000000000000000 ) ) ;
#3114 = ADVANCED_FACE ( 'NONE', ( #3165, #1199 ), #2960, .F. ) ;
#3115 = CARTESIAN_POINT ( 'NONE',  ( 13.40091352169693373, 11.45116605339111082, -27.99999999999999645 ) ) ;
#3116 = CARTESIAN_POINT ( 'NONE',  ( 9.487333571034282542, 17.30825236020630697, -25.00000000000000000 ) ) ;
#3117 = CARTESIAN_POINT ( 'NONE',  ( -11.60961331489487591, 8.750035730268500345, -25.00000000000000355 ) ) ;
#3118 = CARTESIAN_POINT ( 'NONE',  ( -14.04883394660869911, 78.40091352169714867, -27.99999999999999645 ) ) ;
#3119 = CARTESIAN_POINT ( 'NONE',  ( -14.75000000000000711, 13.79185107387481501, -25.00000000000000000 ) ) ;
#3120 = FACE_BOUND ( 'NONE', #262, .T. ) ;
#3121 = FACE_OUTER_BOUND ( 'NONE', #1821, .T. ) ;
#3122 = CARTESIAN_POINT ( 'NONE',  ( -19.50000000000000711, 3.000000000000000000, -22.00000000000000000 ) ) ;
#3123 = CARTESIAN_POINT ( 'NONE',  ( 9.099086478302858438, 79.04883394660869556, -27.99999999999999645 ) ) ;
#3124 = CARTESIAN_POINT ( 'NONE',  ( -14.75000000000000711, 14.24999999999999112, -24.99999999999999289 ) ) ;
#3125 = EDGE_CURVE ( 'NONE', #1210, #2734, #2450, .T. ) ;
#3126 = ADVANCED_FACE ( 'NONE', ( #959 ), #44, .T. ) ;
#3127 = DIRECTION ( 'NONE',  ( -0.000000000000000000, 1.000000000000000000, -0.000000000000000000 ) ) ;
#3128 = CARTESIAN_POINT ( 'NONE',  ( 7.749999999999993783, 13.79185107387544384, -27.99999999999999645 ) ) ;
#3129 = FACE_OUTER_BOUND ( 'NONE', #1640, .T. ) ;
#3130 = CARTESIAN_POINT ( 'NONE',  ( 10.33388240241029088, 10.84109563262647669, -25.00000000000000000 ) ) ;
#3131 = CARTESIAN_POINT ( 'NONE',  ( 11.60961331494048387, 70.74996426973149255, -25.00000000000000000 ) ) ;
#3132 = LINE ( 'NONE', #2162, #220 ) ;
#3133 = CARTESIAN_POINT ( 'NONE',  ( -13.40091352169713979, 17.04883394660869911, -25.00000000000000000 ) ) ;
#3134 = DIRECTION ( 'NONE',  ( 1.000000000000000000, 0.000000000000000000, 0.000000000000000000 ) ) ;
#3135 = DIRECTION ( 'NONE',  ( 1.000000000000000000, 0.000000000000000000, 0.000000000000000000 ) ) ;
#3136 = CIRCLE ( 'NONE', #2551, 3.000000000000000000 ) ;
#3137 = CARTESIAN_POINT ( 'NONE',  ( -22.50100000000000833, 72.50000000000000000, 17.50000000000001066 ) ) ;
#3138 = CARTESIAN_POINT ( 'NONE',  ( 16.74999999999999289, 76.25000000000000000, -24.99999999999999645 ) ) ;
#3139 = EDGE_CURVE ( 'NONE', #228, #2648, #153, .T. ) ;
#3140 = CARTESIAN_POINT ( 'NONE',  ( 19.50000000000000000, 3.000000000000000000, 22.00000000000000711 ) ) ;
#3141 = CARTESIAN_POINT ( 'NONE',  ( -11.25000000000000711, 14.24999999999999822, 25.00100000000000833 ) ) ;
#3142 = EDGE_CURVE ( 'NONE', #1236, #2239, #85, .T. ) ;
#3143 = AXIS2_PLACEMENT_3D ( 'NONE', #127, #2435, #1164 ) ;
#3144 = CARTESIAN_POINT ( 'NONE',  ( 14.30825236020606184, 16.01266642896561621, -27.99999999999999645 ) ) ;
#3145 = CARTESIAN_POINT ( 'NONE',  ( -5.893150279841972150, 74.81038663236070363, -24.99999999999999645 ) ) ;
#3146 = AXIS2_PLACEMENT_3D ( 'NONE', #169, #1774, #2220 ) ;
#3147 = CARTESIAN_POINT ( 'NONE',  ( 7.869993037333069097, 18.64816763038510317, -24.99999999999999645 ) ) ;
#3148 = CARTESIAN_POINT ( 'NONE',  ( -15.62176166153180823, 10.89361326210733338, -24.99999999999999645 ) ) ;
#3149 = CARTESIAN_POINT ( 'NONE',  ( -13.01782450971211702, 17.30603693180188074, -27.99999999999999645 ) ) ;
#3150 = CARTESIAN_POINT ( 'NONE',  ( 4.000000000000006217, 2.499999999999988454, 22.50000000000000711 ) ) ;
#3151 = EDGE_LOOP ( 'NONE', ( #915, #2809, #1473, #2951 ) ) ;
#3152 = CARTESIAN_POINT ( 'NONE',  ( -7.750000000000007105, 14.70814892612442115, -27.99999999999999645 ) ) ;
#3153 = PLANE ( 'NONE',  #2777 ) ;
#3154 = APPROVAL ( #1401, 'UNSPECIFIED' ) ;
#3155 = CARTESIAN_POINT ( 'NONE',  ( 12.16090373927115564, 17.66098513679705917, -27.99999999999999645 ) ) ;
#3156 = CARTESIAN_POINT ( 'NONE',  ( -5.750000000000001776, 76.96994831248319713, -24.99999999999999645 ) ) ;
#3157 = VECTOR ( 'NONE', #2694, 1000.000000000000000 ) ;
#3158 = CARTESIAN_POINT ( 'NONE',  ( 16.05582513746736595, 73.48009561162329817, -24.99999999999999645 ) ) ;
#3159 = CARTESIAN_POINT ( 'NONE',  ( 8.191747639794508373, 74.48733357103783703, -25.00000000000000000 ) ) ;
#3160 = DIRECTION ( 'NONE',  ( 1.000000000000000000, -0.000000000000000000, -1.387778780781445676E-16 ) ) ;
#3161 = ORIENTED_EDGE ( 'NONE', *, *, #3283, .F. ) ;
#3162 = VECTOR ( 'NONE', #1261, 1000.000000000000000 ) ;
#3163 = CARTESIAN_POINT ( 'NONE',  ( 7.749999999999992006, 14.70814892612454727, -27.99999999999999645 ) ) ;
#3164 = CARTESIAN_POINT ( 'NONE',  ( -10.53005168751919030, 70.75000000000000000, -24.99999999999999645 ) ) ;
#3165 = FACE_BOUND ( 'NONE', #418, .T. ) ;
#3166 = CARTESIAN_POINT ( 'NONE',  ( 16.02383909569984866, 79.00450831901116544, -25.00000000000000000 ) ) ;
#3167 = VERTEX_POINT ( 'NONE', #856 ) ;
#3168 = CARTESIAN_POINT ( 'NONE',  ( 22.49999999999999289, 72.50000000000000000, -17.49999999999999645 ) ) ;
#3169 = VECTOR ( 'NONE', #2219, 1000.000000000000000 ) ;
#3170 = ORIENTED_EDGE ( 'NONE', *, *, #3236, .F. ) ;
#3171 = CARTESIAN_POINT ( 'NONE',  ( -9.099086478303066272, 11.45116605339110905, -24.99999999999999645 ) ) ;
#3172 = CARTESIAN_POINT ( 'NONE',  ( -11.71376217909695150, 17.74992712308539211, -27.99999999999999645 ) ) ;
#3173 = DIRECTION ( 'NONE',  ( 0.000000000000000000, 0.000000000000000000, -1.000000000000000000 ) ) ;
#3174 = CARTESIAN_POINT ( 'NONE',  ( -6.851832369614595741, 79.63000696267066303, -24.99999999999999645 ) ) ;
#3175 = CARTESIAN_POINT ( 'NONE',  ( 13.01266642896561265, 79.30825236020605473, -27.99999999999999645 ) ) ;
#3176 = CARTESIAN_POINT ( 'NONE',  ( 16.74999999999999289, 76.25000000000000000, -24.99999999999999645 ) ) ;
#3177 = CARTESIAN_POINT ( 'NONE',  ( 14.74999999999999289, 14.25000000000000178, -27.99999999999999645 ) ) ;
#3178 = ORIENTED_EDGE ( 'NONE', *, *, #1573, .F. ) ;
#3179 = COORDINATED_UNIVERSAL_TIME_OFFSET ( 1, 0, .AHEAD. ) ;
#3180 = ORIENTED_EDGE ( 'NONE', *, *, #2790, .T. ) ;
#3181 = CARTESIAN_POINT ( 'NONE',  ( 14.24999999999999467, 76.25000000000000000, -22.49999999999999289 ) ) ;
#3182 = CARTESIAN_POINT ( 'NONE',  ( -10.33388240241008660, 79.65890436737269908, -25.00000000000000000 ) ) ;
#3183 = ORIENTED_EDGE ( 'NONE', *, *, #1628, .T. ) ;
#3184 = LINE ( 'NONE', #2938, #1831 ) ;
#3185 = CARTESIAN_POINT ( 'NONE',  ( -11.25000000000000711, 14.24999999999999822, 25.00100000000000833 ) ) ;
#3186 = CARTESIAN_POINT ( 'NONE',  ( 14.88482754804747010, 80.39339757523104879, -24.99999999999998934 ) ) ;
#3187 = CARTESIAN_POINT ( 'NONE',  ( -22.50000000000000711, 12.49999999999999645, -17.49999999999999645 ) ) ;
#3188 = ORIENTED_EDGE ( 'NONE', *, *, #3293, .T. ) ;
#3189 = CARTESIAN_POINT ( 'NONE',  ( -7.750000000000007105, 13.79185107387557707, -27.99999999999999645 ) ) ;
#3190 = ADVANCED_FACE ( 'NONE', ( #2850 ), #1099, .T. ) ;
#3191 = CARTESIAN_POINT ( 'NONE',  ( -11.25000000000000711, 76.25000000000000000, -22.49999999999999289 ) ) ;
#3192 = ADVANCED_FACE ( 'NONE', ( #2577 ), #1620, .F. ) ;
#3193 = CARTESIAN_POINT ( 'NONE',  ( -11.96994831248134084, 81.75000000000000000, -24.99999999999999645 ) ) ;
#3194 = CARTESIAN_POINT ( 'NONE',  ( 14.65890436737174873, 75.33388240241180256, -25.00000000000000000 ) ) ;
#3195 = CARTESIAN_POINT ( 'NONE',  ( 6.444174862533699866, 79.01990438837627551, -24.99999999999999645 ) ) ;
#3196 = AXIS2_PLACEMENT_3D ( 'NONE', #2622, #811, #2353 ) ;
#3197 = CARTESIAN_POINT ( 'NONE',  ( -8.813015414086219579, 19.19368636067050460, -25.00000000000000355 ) ) ;
#3198 = VERTEX_POINT ( 'NONE', #38 ) ;
#3199 = ORIENTED_EDGE ( 'NONE', *, *, #1814, .F. ) ;
#3200 = PERSON_AND_ORGANIZATION_ROLE ( 'design_owner' ) ;
#3201 = DIRECTION ( 'NONE',  ( -1.000000000000000000, 0.000000000000000000, 0.000000000000000000 ) ) ;
#3202 = CARTESIAN_POINT ( 'NONE',  ( -8.480095611625214858, 81.05582513746561801, -24.99999999999999645 ) ) ;
#3203 = VECTOR ( 'NONE', #2146, 1000.000000000000000 ) ;
#3204 = CC_DESIGN_PERSON_AND_ORGANIZATION_ASSIGNMENT ( #2174, #1441, ( #3078 ) ) ;
#3205 = AXIS2_PLACEMENT_3D ( 'NONE', #1084, #782, #2062 ) ;
#3206 = CARTESIAN_POINT ( 'NONE',  ( -14.88477701779957130, 80.39334704503170315, -25.00000000000000000 ) ) ;
#3207 = CARTESIAN_POINT ( 'NONE',  ( -9.477494176663828540, 9.031077523960529874, -24.99999999999999645 ) ) ;
#3208 = CARTESIAN_POINT ( 'NONE',  ( 11.60961331489983017, 81.74996426973149255, -24.99999999999999645 ) ) ;
#3209 = AXIS2_PLACEMENT_3D ( 'NONE', #1716, #2178, #2472 ) ;
#3210 = ORIENTED_EDGE ( 'NONE', *, *, #1689, .F. ) ;
#3211 = DIRECTION ( 'NONE',  ( -0.000000000000000000, 1.000000000000000000, -0.000000000000000000 ) ) ;
#3212 = ORIENTED_EDGE ( 'NONE', *, *, #1541, .F. ) ;
#3213 = LINE ( 'NONE', #633, #2352 ) ;
#3214 = CARTESIAN_POINT ( 'NONE',  ( -19.50000000000000000, 87.50000000000000000, 25.00000000000000355 ) ) ;
#3215 = LINE ( 'NONE', #3253, #2679 ) ;
#3216 = CARTESIAN_POINT ( 'NONE',  ( 11.96994831248130886, 81.75000000000000000, -24.99999999999999645 ) ) ;
#3217 = LINE ( 'NONE', #1730, #2840 ) ;
#3218 = ORIENTED_EDGE ( 'NONE', *, *, #769, .T. ) ;
#3219 = CARTESIAN_POINT ( 'NONE',  ( -14.75000000000001066, 76.71393819776095313, -27.99999999999999289 ) ) ;
#3220 = ORIENTED_EDGE ( 'NONE', *, *, #1476, .F. ) ;
#3221 = CARTESIAN_POINT ( 'NONE',  ( -12.75000000000000711, 14.24999999999999822, 25.00100000000000833 ) ) ;
#3222 = CARTESIAN_POINT ( 'NONE',  ( -13.01266642896619530, 73.19174763979415843, -27.99999999999999645 ) ) ;
#3223 = CARTESIAN_POINT ( 'NONE',  ( -14.00450831902141857, 81.02383909568816023, -24.99999999999999645 ) ) ;
#3224 = CARTESIAN_POINT ( 'NONE',  ( 22.49999999999999289, 72.50000000000000000, -17.49999999999999645 ) ) ;
#3225 = ADVANCED_FACE ( 'NONE', ( #1070 ), #838, .F. ) ;
#3226 = ORIENTED_EDGE ( 'NONE', *, *, #2359, .F. ) ;
#3227 = ORIENTED_EDGE ( 'NONE', *, *, #1323, .F. ) ;
#3228 = CYLINDRICAL_SURFACE ( 'NONE', #2882, 3.000000000000000888 ) ;
#3229 = ORIENTED_EDGE ( 'NONE', *, *, #416, .F. ) ;
#3230 = CYLINDRICAL_SURFACE ( 'NONE', #910, 2.999999999999999112 ) ;
#3231 = CARTESIAN_POINT ( 'NONE',  ( -13.01266642896696624, 79.30825236021131275, -25.00000000000000000 ) ) ;
#3232 = CARTESIAN_POINT ( 'NONE',  ( -22.50000000000000711, 72.50000000000000000, -17.49999999999999645 ) ) ;
#3233 = CARTESIAN_POINT ( 'NONE',  ( 14.30825236020694824, 78.01266642896347037, -27.99999999999999645 ) ) ;
#3234 = CARTESIAN_POINT ( 'NONE',  ( -6.476160904310178879, 17.00450831902083948, -24.99999999999999645 ) ) ;
#3235 = VERTEX_POINT ( 'NONE', #3098 ) ;
#3236 = EDGE_CURVE ( 'NONE', #425, #1061, #2898, .T. ) ;
#3237 = DIRECTION ( 'NONE',  ( 0.000000000000000000, 0.000000000000000000, 1.000000000000000000 ) ) ;
#3238 = APPROVAL_DATE_TIME ( #1944, #793 ) ;
#3239 = ORIENTED_EDGE ( 'NONE', *, *, #807, .T. ) ;
#3240 = ADVANCED_FACE ( 'NONE', ( #1055 ), #1119, .F. ) ;
#3241 = CARTESIAN_POINT ( 'NONE',  ( -8.812988067317322205, 71.30624761841647796, -25.00000000000000000 ) ) ;
#3242 = CARTESIAN_POINT ( 'NONE',  ( -9.099086478303059167, 73.45116605339109128, -27.99999999999999645 ) ) ;
#3243 = CARTESIAN_POINT ( 'NONE',  ( -1.000000000000007772, 2.499999999999988454, -22.49999999999999645 ) ) ;
#3244 = EDGE_CURVE ( 'NONE', #1732, #316, #1843, .T. ) ;
#3245 = CARTESIAN_POINT ( 'NONE',  ( 22.50100000000000833, 12.49999999999999645, 17.50000000000000000 ) ) ;
#3246 = CARTESIAN_POINT ( 'NONE',  ( 14.88482754804110897, 18.39339757523512731, -24.99999999999999289 ) ) ;
#3247 = ORIENTED_EDGE ( 'NONE', *, *, #2703, .F. ) ;
#3248 = CARTESIAN_POINT ( 'NONE',  ( -6.031077523965693743, 78.02250582334784212, -24.99999999999999289 ) ) ;
#3249 = ORIENTED_EDGE ( 'NONE', *, *, #1163, .T. ) ;
#3250 = ORIENTED_EDGE ( 'NONE', *, *, #2848, .F. ) ;
#3251 = CARTESIAN_POINT ( 'NONE',  ( 6.444174862534008952, 11.48009561162497860, -24.99999999999999645 ) ) ;
#3252 = CARTESIAN_POINT ( 'NONE',  ( -16.60684972015787508, 74.81038663236029151, -24.99999999999999645 ) ) ;
#3253 = CARTESIAN_POINT ( 'NONE',  ( 17.00000000000000000, 2.499999999999988454, -22.50000000000000000 ) ) ;
#3254 = CARTESIAN_POINT ( 'NONE',  ( 11.24999999999999289, 76.25000000000000000, -24.49999999999999289 ) ) ;
#3255 = CARTESIAN_POINT ( 'NONE',  ( -5.926585282687872436, 15.67789625220998850, -24.99999999999999289 ) ) ;
#3256 = ORIENTED_EDGE ( 'NONE', *, *, #419, .F. ) ;
#3257 = VERTEX_POINT ( 'NONE', #1337 ) ;
#3258 = CARTESIAN_POINT ( 'NONE',  ( 14.30825236020606184, 16.01266642896561621, -27.99999999999999645 ) ) ;
#3259 = EDGE_LOOP ( 'NONE', ( #3063, #2640, #2950, #119, #1987, #2534 ) ) ;
#3260 = CARTESIAN_POINT ( 'NONE',  ( -15.39334704499646023, 72.61522298217444416, -25.00000000000000000 ) ) ;
#3261 = CARTESIAN_POINT ( 'NONE',  ( -7.750000000000001776, 75.79185107387432652, -27.99999999999999645 ) ) ;
#3262 = CARTESIAN_POINT ( 'NONE',  ( -9.487333571032827706, 11.19174763979451726, -25.00000000000000000 ) ) ;
#3263 = CARTESIAN_POINT ( 'NONE',  ( 5.750035730265027567, 14.60961331492251070, -25.00000000000000000 ) ) ;
#3264 = DIRECTION ( 'NONE',  ( -1.000000000000000000, 0.000000000000000000, 0.000000000000000000 ) ) ;
#3265 = VERTEX_POINT ( 'NONE', #1366 ) ;
#3266 = VECTOR ( 'NONE', #1414, 1000.000000000000000 ) ;
#3267 = CARTESIAN_POINT ( 'NONE',  ( -8.191747639794000335, 74.48733357103255059, -25.00000000000000000 ) ) ;
#3268 = DIRECTION ( 'NONE',  ( -1.000000000000000000, 0.000000000000000000, 0.000000000000000000 ) ) ;
#3269 = VECTOR ( 'NONE', #2947, 1000.000000000000000 ) ;
#3270 = CARTESIAN_POINT ( 'NONE',  ( 10.33388240241000844, 72.84109563262705933, -27.99999999999999645 ) ) ;
#3271 = CARTESIAN_POINT ( 'NONE',  ( -11.25000000000000711, 14.24999999999999822, -22.49999999999999289 ) ) ;
#3272 = ORIENTED_EDGE ( 'NONE', *, *, #3139, .F. ) ;
#3273 = CARTESIAN_POINT ( 'NONE',  ( 10.79185107387606735, 10.75000000000000178, -27.99999999999999645 ) ) ;
#3274 = CARTESIAN_POINT ( 'NONE',  ( 14.01990438837540864, 81.05582513746561801, -24.99999999999999645 ) ) ;
#3275 = DIRECTION ( 'NONE',  ( -1.000000000000000000, 0.000000000000000000, 0.000000000000000000 ) ) ;
#3276 = CARTESIAN_POINT ( 'NONE',  ( -13.01266642896656478, 11.19174763979451726, -25.00000000000000000 ) ) ;
#3277 = AXIS2_PLACEMENT_3D ( 'NONE', #2796, #286, #2544 ) ;
#3278 = CARTESIAN_POINT ( 'NONE',  ( 14.74999999999999467, 14.25000000000000178, -24.99999999999999289 ) ) ;
#3279 = PLANE ( 'NONE',  #2562 ) ;
#3280 = ORIENTED_EDGE ( 'NONE', *, *, #2076, .F. ) ;
#3281 = ADVANCED_FACE ( 'NONE', ( #2861 ), #2608, .F. ) ;
#3282 = CARTESIAN_POINT ( 'NONE',  ( -11.96994831248081681, 70.75000000000000000, -24.99999999999999645 ) ) ;
#3283 = EDGE_CURVE ( 'NONE', #2455, #1943, #2448, .T. ) ;
#3284 = CARTESIAN_POINT ( 'NONE',  ( -8.480095611624591356, 19.05582513746686502, -24.99999999999999645 ) ) ;
#3285 = DIRECTION ( 'NONE',  ( -1.541976423090495140E-16, 0.000000000000000000, -1.000000000000000000 ) ) ;
#3286 = CARTESIAN_POINT ( 'NONE',  ( 20.00000000000000000, 87.50000000000000000, -22.50000000000000000 ) ) ;
#3287 = EDGE_LOOP ( 'NONE', ( #378, #1728, #15, #1113 ) ) ;
#3288 = CARTESIAN_POINT ( 'NONE',  ( 14.65890436737362279, 13.33388240241118972, -25.00000000000000000 ) ) ;
#3289 = CARTESIAN_POINT ( 'NONE',  ( -10.33388240241155387, 72.84109563262772724, -25.00000000000000000 ) ) ;
#3290 = CARTESIAN_POINT ( 'NONE',  ( -7.750000000000007105, 14.70814892612442115, -27.99999999999999645 ) ) ;
#3291 = CARTESIAN_POINT ( 'NONE',  ( -13.02250582337078733, 81.46892247601782344, -25.00000000000000355 ) ) ;
#3292 = ORIENTED_EDGE ( 'NONE', *, *, #553, .F. ) ;
#3293 = EDGE_CURVE ( 'NONE', #692, #800, #2121, .T. ) ;
#3294 = CARTESIAN_POINT ( 'NONE',  ( -5.750000000000001776, 75.53005168751680287, -24.99999999999999645 ) ) ;
#3295 = CARTESIAN_POINT ( 'NONE',  ( -5.750000000000007105, 14.24999999999999822, -24.99999999999999645 ) ) ;
#3296 = DIRECTION ( 'NONE',  ( -1.000000000000000000, -0.000000000000000000, 1.156482317317871528E-15 ) ) ;
#3297 = DIRECTION ( 'NONE',  ( -1.541976423090495140E-16, -0.000000000000000000, -1.000000000000000000 ) ) ;
#3298 = EDGE_CURVE ( 'NONE', #2152, #1960, #1310, .T. ) ;
#3299 = ORIENTED_EDGE ( 'NONE', *, *, #2806, .F. ) ;
#3300 = CARTESIAN_POINT ( 'NONE',  ( -16.02389776844979963, 79.00454752290167448, -25.00000000000000000 ) ) ;
#3301 = CARTESIAN_POINT ( 'NONE',  ( 5.749964269734956446, 13.89038668507746799, -25.00000000000000000 ) ) ;
#3302 = CARTESIAN_POINT ( 'NONE',  ( 14.24999999999999289, 14.25000000000000178, -24.49999999999999289 ) ) ;
#3303 = CARTESIAN_POINT ( 'NONE',  ( -14.04883394660869911, 12.09908647830285844, -27.99999999999999645 ) ) ;
#3304 = PRODUCT_RELATED_PRODUCT_CATEGORY ( 'detail', '', ( #1017 ) ) ;
#3305 = CARTESIAN_POINT ( 'NONE',  ( 11.96994831248080970, 8.750000000000001776, -24.99999999999999645 ) ) ;
#3306 = AXIS2_PLACEMENT_3D ( 'NONE', #1824, #2576, #37 ) ;
#3307 = DIRECTION ( 'NONE',  ( 1.000000000000000000, 0.000000000000000000, 0.000000000000000000 ) ) ;
#3308 = CARTESIAN_POINT ( 'NONE',  ( -10.53005168751868936, 19.74999999999999645, -24.99999999999999645 ) ) ;
#3309 = VECTOR ( 'NONE', #850, 1000.000000000000000 ) ;
ENDSEC;
END-ISO-10303-21;
